{"type":"FeatureCollection","features":[{"type":"Feature","geometry":{"type":"Point","coordinates":[129.120686,37.4151847]},"properties":{"id":1119,"name":"하거노1교 부근","detail":"하거노1교 부근","province":"강원특별자치도","district":"삼척시","town":"미로면","address":"강원특별자치도 삼척시 미로면 하거노리 714-162","placeType":"하천","management":"위험지역","manageCode":"3","sectionM":"1100.0","riskSectionM":"40.0","depthAvg":"1.0","depthMax":"2.0","accidents":"1","safetyAction":"완전통제 계획 및 안전요원 배치","note":null,"equipment":{"total":5,"sign":1,"rescueBox":1,"vest":1,"buoy":1,"rope":1,"pole":0},"staff":null,"coordinateCorrected":false,"sourceYear":2025}},{"type":"Feature","geometry":{"type":"Point","coordinates":[128.1974476,38.1109245]},"properties":{"id":1160,"name":"서호교","detail":"서호교","province":"강원특별자치도","district":"인제군","town":"북  면","address":"강원특별자치도 인제군 북  면 원통리 864-2","placeType":"하천","management":"위험지역","manageCode":"3","sectionM":"1100.0","riskSectionM":"520.0","depthAvg":"2.0","depthMax":"4.0","accidents":"0","safetyAction":null,"note":null,"equipment":{"total":0,"sign":0,"rescueBox":0,"vest":0,"buoy":0,"rope":0,"pole":0},"staff":null,"coordinateCorrected":false,"sourceYear":2025}},{"type":"Feature","geometry":{"type":"Point","coordinates":[128.6198466,38.0211903]},"properties":{"id":1168,"name":"내현보","detail":"내현보(모래소)","province":"강원특별자치도","district":"양양군","town":"서면","address":"강원특별자치도 양양군 서면 내현리 17-4","placeType":"하천","management":"위험지역","manageCode":"3","sectionM":"150.0","riskSectionM":"50.0","depthAvg":"1.8","depthMax":"2.0","accidents":"0","safetyAction":null,"note":null,"equipment":{"total":6,"sign":2,"rescueBox":1,"vest":1,"buoy":1,"rope":1,"pole":0},"staff":null,"coordinateCorrected":false,"sourceYear":2025}},{"type":"Feature","geometry":{"type":"Point","coordinates":[127.5237649,36.840257]},"properties":{"id":1192,"name":"양촌보","detail":"양촌교 밑","province":"충청북도","district":"진천군","town":"초평면","address":"충청북도 진천군 초평면 용정리 386","placeType":"하천","management":"위험지역","manageCode":"3","sectionM":"0.0","riskSectionM":"100.0","depthAvg":"2.0","depthMax":"3.0","accidents":"0","safetyAction":"표지판 설치 통제","note":null,"equipment":{"total":7,"sign":1,"rescueBox":1,"vest":2,"buoy":1,"rope":2,"pole":0},"staff":null,"coordinateCorrected":false,"sourceYear":2025}},{"type":"Feature","geometry":{"type":"Point","coordinates":[127.6182013,35.9932849]},"properties":{"id":1245,"name":"용포","detail":"용포(용포리)","province":"전북특별자치도","district":"무주군","town":"무주읍","address":"전북특별자치도 무주군 무주읍 용포리 497-4번지 일원","placeType":"하천","management":"위험지역","manageCode":"3","sectionM":"0.0","riskSectionM":"70.0","depthAvg":"2.0","depthMax":"4.0","accidents":"0","safetyAction":null,"note":null,"equipment":{"total":5,"sign":1,"rescueBox":1,"vest":1,"buoy":1,"rope":1,"pole":0},"staff":null,"coordinateCorrected":false,"sourceYear":2025}},{"type":"Feature","geometry":{"type":"Point","coordinates":[128.773286,35.4698594]},"properties":{"id":1313,"name":"KTX환승주차장앞","detail":"제2수중보~KTX환승주차장","province":"경상남도","district":"밀양시","town":"가곡동","address":"경상남도 밀양시 가곡동 가곡동 496","placeType":"하천","management":"위험지역","manageCode":"3","sectionM":"300.0","riskSectionM":"100.0","depthAvg":"1.0","depthMax":"2.0","accidents":"0","safetyAction":"물놀이 위험구역 현수막 설치","note":null,"equipment":{"total":3,"sign":3,"rescueBox":0,"vest":0,"buoy":0,"rope":0,"pole":0},"staff":null,"coordinateCorrected":false,"sourceYear":2025}},{"type":"Feature","geometry":{"type":"Point","coordinates":[128.1336079,35.7647649]},"properties":{"id":1337,"name":"고래소","detail":null,"province":"경상남도","district":"합천군","town":"가야면 황산리 421","address":"경상남도 합천군 가야면 황산리 421 황산1길 51-44 소리길 초입","placeType":"계곡","management":"위험지역","manageCode":"3","sectionM":"30.0","riskSectionM":"30.0","depthAvg":"5.0","depthMax":"3.0","accidents":"1","safetyAction":null,"note":"표지판, 현수막, 다이빙 금지대, 안전부표 설치","equipment":{"total":2,"sign":2,"rescueBox":0,"vest":0,"buoy":0,"rope":0,"pole":0},"staff":null,"coordinateCorrected":false,"sourceYear":2025}},{"type":"Feature","geometry":{"type":"Point","coordinates":[128.294169,37.249543]},"properties":{"id":295,"name":"금마대교","detail":"금마대교","province":"강원특별자치도","district":"영월군","town":"주천면","address":"강원특별자치도 영월군 주천면 금마리 41-3","placeType":"하천","management":"일반지역","manageCode":"2","sectionM":"100.0","riskSectionM":null,"depthAvg":"1.0","depthMax":"2.0","accidents":"0","safetyAction":null,"note":null,"equipment":{"total":11,"sign":1,"rescueBox":1,"vest":4,"buoy":2,"rope":2,"pole":0},"staff":{"startDate":"2026-06-13","endDate":"2026-09-06","hours":"09:00~18:00","deploymentType":"고정 또는 현장배치","confidence":"confirmed","confidenceLabel":"2026년 공식 장소별 배치표 확인","sourceUrl":"https://www.yw.go.kr/jobs/basic/userJobInfoView.do?jobDiv=G&jobNo=1362&n=602","verifiedAt":"2026-08-13"},"coordinateCorrected":false,"sourceYear":2025}},{"type":"Feature","geometry":{"type":"Point","coordinates":[128.352295,37.304071]},"properties":{"id":298,"name":"모란교 건너","detail":"모란교 건거","province":"강원특별자치도","district":"영월군","town":"주천면","address":"강원특별자치도 영월군 주천면 판운리 37-6","placeType":"하천","management":"일반지역","manageCode":"2","sectionM":"80.0","riskSectionM":null,"depthAvg":"1.0","depthMax":"2.0","accidents":"0","safetyAction":null,"note":null,"equipment":{"total":19,"sign":3,"rescueBox":2,"vest":6,"buoy":4,"rope":4,"pole":0},"staff":null,"coordinateCorrected":false,"sourceYear":2025}},{"type":"Feature","geometry":{"type":"Point","coordinates":[128.3021741,37.22723]},"properties":{"id":305,"name":"주천강 부근","detail":"주천강 부근","province":"강원특별자치도","district":"영월군","town":"주천면","address":"강원특별자치도 영월군 주천면 용석리 산 42-10","placeType":"하천","management":"일반지역","manageCode":"2","sectionM":"80.0","riskSectionM":null,"depthAvg":"1.0","depthMax":"2.0","accidents":"1","safetyAction":null,"note":"25년 신규","equipment":{"total":11,"sign":0,"rescueBox":1,"vest":4,"buoy":2,"rope":2,"pole":0},"staff":{"startDate":"2026-06-13","endDate":"2026-09-06","hours":"09:00~18:00","deploymentType":"고정 또는 현장배치","confidence":"confirmed","confidenceLabel":"2026년 공식 장소별 배치표 확인","sourceUrl":"https://www.yw.go.kr/jobs/basic/userJobInfoView.do?jobDiv=G&jobNo=1362&n=602","verifiedAt":"2026-08-13"},"coordinateCorrected":false,"sourceYear":2025}},{"type":"Feature","geometry":{"type":"Point","coordinates":[127.7136067,38.1850202]},"properties":{"id":360,"name":"용소교","detail":"용소교","province":"강원특별자치도","district":"화천군","town":"화천읍","address":"강원특별자치도 화천군 화천읍 화천군 화천읍 신읍리 산 303-1","placeType":"하천","management":"일반지역","manageCode":"2","sectionM":"30.0","riskSectionM":null,"depthAvg":"1.0","depthMax":"3.0","accidents":"0","safetyAction":null,"note":null,"equipment":{"total":9,"sign":1,"rescueBox":1,"vest":2,"buoy":2,"rope":2,"pole":1},"staff":null,"coordinateCorrected":false,"sourceYear":2025}},{"type":"Feature","geometry":{"type":"Point","coordinates":[127.7466219,38.0846981]},"properties":{"id":361,"name":"살랑교","detail":"양수장-살랑골","province":"강원특별자치도","district":"화천군","town":"화천읍","address":"강원특별자치도 화천군 화천읍 화천군 화천읍 대이리 312-4","placeType":"하천","management":"일반지역","manageCode":"2","sectionM":"80.0","riskSectionM":null,"depthAvg":"1.0","depthMax":"2.0","accidents":"0","safetyAction":null,"note":null,"equipment":{"total":49,"sign":9,"rescueBox":9,"vest":10,"buoy":10,"rope":10,"pole":1},"staff":null,"coordinateCorrected":false,"sourceYear":2025}},{"type":"Feature","geometry":{"type":"Point","coordinates":[127.7105978,38.1043771]},"properties":{"id":362,"name":"오토캠핑장","detail":"낙원아파트 앞","province":"강원특별자치도","district":"화천군","town":"화천읍","address":"강원특별자치도 화천군 화천읍 화천군 화천읍 아리 258","placeType":"하천","management":"일반지역","manageCode":"2","sectionM":"400.0","riskSectionM":null,"depthAvg":"4.0","depthMax":"4.0","accidents":"0","safetyAction":null,"note":null,"equipment":{"total":6,"sign":2,"rescueBox":1,"vest":0,"buoy":2,"rope":0,"pole":1},"staff":null,"coordinateCorrected":false,"sourceYear":2025}},{"type":"Feature","geometry":{"type":"Point","coordinates":[127.7606161,38.1229187]},"properties":{"id":363,"name":"딴산유원지","detail":"딴산유원지","province":"강원특별자치도","district":"화천군","town":"화천읍","address":"강원특별자치도 화천군 화천읍 화천군 화천읍 대이리 468-5","placeType":"하천","management":"일반지역","manageCode":"2","sectionM":"150.0","riskSectionM":null,"depthAvg":"2.0","depthMax":"4.0","accidents":"0","safetyAction":null,"note":null,"equipment":{"total":18,"sign":2,"rescueBox":2,"vest":4,"buoy":4,"rope":4,"pole":0},"staff":null,"coordinateCorrected":false,"sourceYear":2025}},{"type":"Feature","geometry":{"type":"Point","coordinates":[127.8022232,38.0157592]},"properties":{"id":364,"name":"간척리 사방댐","detail":"사방댐","province":"강원특별자치도","district":"화천군","town":"간동면","address":"강원특별자치도 화천군 간동면 화천군 간동면 간척리 산 152-3","placeType":"하천","management":"일반지역","manageCode":"2","sectionM":"100.0","riskSectionM":null,"depthAvg":"1.0","depthMax":"3.0","accidents":"0","safetyAction":null,"note":null,"equipment":{"total":9,"sign":2,"rescueBox":0,"vest":2,"buoy":2,"rope":1,"pole":2},"staff":null,"coordinateCorrected":false,"sourceYear":2025}},{"type":"Feature","geometry":{"type":"Point","coordinates":[127.6772217,38.0529953]},"properties":{"id":365,"name":"원천체육공원","detail":"원천체육공원 인근 다리","province":"강원특별자치도","district":"화천군","town":"하남면","address":"강원특별자치도 화천군 하남면 화천군 하남면 원천리 207-6","placeType":"하천","management":"일반지역","manageCode":"2","sectionM":"100.0","riskSectionM":null,"depthAvg":"2.0","depthMax":"3.0","accidents":"0","safetyAction":null,"note":null,"equipment":{"total":26,"sign":1,"rescueBox":7,"vest":7,"buoy":7,"rope":4,"pole":0},"staff":null,"coordinateCorrected":false,"sourceYear":2025}},{"type":"Feature","geometry":{"type":"Point","coordinates":[127.6342104,38.0511425]},"properties":{"id":366,"name":"강변소풍","detail":"강변소풍","province":"강원특별자치도","district":"화천군","town":"하남면","address":"강원특별자치도 화천군 하남면 화천군 하남면 서오지리 333-2","placeType":"하천","management":"일반지역","manageCode":"2","sectionM":"350.0","riskSectionM":null,"depthAvg":"1.0","depthMax":"2.0","accidents":"0","safetyAction":null,"note":null,"equipment":{"total":7,"sign":3,"rescueBox":0,"vest":1,"buoy":1,"rope":1,"pole":1},"staff":null,"coordinateCorrected":false,"sourceYear":2025}},{"type":"Feature","geometry":{"type":"Point","coordinates":[127.6557954,38.0713674]},"properties":{"id":367,"name":"쿵덕쿵 바위","detail":"쿵덕쿵 바위","province":"강원특별자치도","district":"화천군","town":"하남면","address":"강원특별자치도 화천군 하남면 화천군 하남면 계성리 90-2","placeType":"하천","management":"일반지역","manageCode":"2","sectionM":"40.0","riskSectionM":null,"depthAvg":"2.0","depthMax":"4.0","accidents":"0","safetyAction":null,"note":null,"equipment":{"total":11,"sign":1,"rescueBox":0,"vest":2,"buoy":2,"rope":2,"pole":1},"staff":null,"coordinateCorrected":false,"sourceYear":2025}},{"type":"Feature","geometry":{"type":"Point","coordinates":[127.6174445,38.1650021]},"properties":{"id":368,"name":"갈멜교","detail":"갈멜교","province":"강원특별자치도","district":"화천군","town":"상서면","address":"강원특별자치도 화천군 상서면 화천군 상서면 봉오리 150","placeType":"산간계곡","management":"일반지역","manageCode":"2","sectionM":"500.0","riskSectionM":null,"depthAvg":"1.0","depthMax":"2.0","accidents":"0","safetyAction":null,"note":null,"equipment":{"total":10,"sign":2,"rescueBox":1,"vest":2,"buoy":2,"rope":2,"pole":1},"staff":null,"coordinateCorrected":false,"sourceYear":2025}},{"type":"Feature","geometry":{"type":"Point","coordinates":[127.6082252,38.1603394]},"properties":{"id":369,"name":"산약초","detail":null,"province":"강원특별자치도","district":"화천군","town":"상서면","address":"강원특별자치도 화천군 상서면 화천군 상서면 봉오리 산 3-14","placeType":"하천","management":"일반지역","manageCode":"2","sectionM":"300.0","riskSectionM":null,"depthAvg":"1.0","depthMax":"2.0","accidents":"0","safetyAction":null,"note":null,"equipment":{"total":5,"sign":1,"rescueBox":1,"vest":1,"buoy":1,"rope":1,"pole":0},"staff":null,"coordinateCorrected":false,"sourceYear":2025}},{"type":"Feature","geometry":{"type":"Point","coordinates":[127.6625544,38.2062637]},"properties":{"id":370,"name":"풍천말교","detail":"풍천말교","province":"강원특별자치도","district":"화천군","town":"상서면","address":"강원특별자치도 화천군 상서면 화천군 상서면 산양리 505-42","placeType":"계곡","management":"일반지역","manageCode":"2","sectionM":"72.0","riskSectionM":null,"depthAvg":"1.0","depthMax":"2.0","accidents":"1","safetyAction":null,"note":null,"equipment":{"total":6,"sign":1,"rescueBox":1,"vest":1,"buoy":1,"rope":1,"pole":0},"staff":null,"coordinateCorrected":false,"sourceYear":2025}},{"type":"Feature","geometry":{"type":"Point","coordinates":[127.5387852,38.0532519]},"properties":{"id":371,"name":"영당교위","detail":"영당교","province":"강원특별자치도","district":"화천군","town":"사내면","address":"강원특별자치도 화천군 사내면 화천군 사내면 용담리 843","placeType":"하천","management":"일반지역","manageCode":"2","sectionM":"200.0","riskSectionM":null,"depthAvg":"1.0","depthMax":"2.0","accidents":"0","safetyAction":null,"note":null,"equipment":{"total":5,"sign":1,"rescueBox":1,"vest":1,"buoy":1,"rope":1,"pole":0},"staff":null,"coordinateCorrected":false,"sourceYear":2025}},{"type":"Feature","geometry":{"type":"Point","coordinates":[127.7413547,36.2322797]},"properties":{"id":511,"name":"단용교","detail":"단용교","province":"충청북도","district":"영동군","town":"심천면","address":"충청북도 영동군 심천면 용당리 3","placeType":"하천","management":"일반지역","manageCode":"2","sectionM":"100.0","riskSectionM":null,"depthAvg":"1.0","depthMax":"3.0","accidents":"0","safetyAction":null,"note":null,"equipment":{"total":18,"sign":6,"rescueBox":2,"vest":3,"buoy":3,"rope":3,"pole":0},"staff":null,"coordinateCorrected":false,"sourceYear":2025}},{"type":"Feature","geometry":{"type":"Point","coordinates":[127.8049669,37.3268729]},"properties":{"id":1102,"name":"강변여정뜰사랑펜션 앞","detail":"강변여정뜰사랑펜션 앞","province":"강원특별자치도","district":"원주시","town":"문막읍","address":"강원특별자치도 원주시 문막읍 건등리 1077-1","placeType":"하천","management":"위험지역","manageCode":"3","sectionM":"180.0","riskSectionM":"180.0","depthAvg":"1.0","depthMax":"3.0","accidents":"0","safetyAction":"안전관리요원 배치","note":null,"equipment":{"total":24,"sign":6,"rescueBox":2,"vest":6,"buoy":5,"rope":4,"pole":0},"staff":null,"coordinateCorrected":false,"sourceYear":2025}},{"type":"Feature","geometry":{"type":"Point","coordinates":[127.8882007,37.4353522]},"properties":{"id":1103,"name":"산현교","detail":"열녀암 주변 반경 20m까지","province":"강원특별자치도","district":"원주시","town":"호저면","address":"강원특별자치도 원주시 호저면 산현리 478","placeType":"하천","management":"위험지역","manageCode":"3","sectionM":"120.0","riskSectionM":"50.0","depthAvg":"0.7","depthMax":"1.8","accidents":"0","safetyAction":"사망사고 안내 표지판 설치","note":null,"equipment":{"total":6,"sign":2,"rescueBox":1,"vest":1,"buoy":1,"rope":1,"pole":0},"staff":null,"coordinateCorrected":false,"sourceYear":2025}},{"type":"Feature","geometry":{"type":"Point","coordinates":[127.796731,37.3701282]},"properties":{"id":1104,"name":"삼봉쉼터 빙벽","detail":"삼봉쉼터 빙벽","province":"강원특별자치도","district":"원주시","town":"지정면","address":"강원특별자치도 원주시 지정면 판대리 193","placeType":"하천","management":"위험지역","manageCode":"3","sectionM":"200.0","riskSectionM":"200.0","depthAvg":"1.0","depthMax":"3.0","accidents":"0","safetyAction":"안전관리요원 배치","note":null,"equipment":{"total":1,"sign":1,"rescueBox":0,"vest":0,"buoy":0,"rope":0,"pole":0},"staff":null,"coordinateCorrected":false,"sourceYear":2025}},{"type":"Feature","geometry":{"type":"Point","coordinates":[127.8121392,37.3647454]},"properties":{"id":1105,"name":"되내기들상","detail":"되냉기들 상","province":"강원특별자치도","district":"원주시","town":"지정면","address":"강원특별자치도 원주시 지정면 판대리 산112-3","placeType":"하천","management":"위험지역","manageCode":"3","sectionM":"120.0","riskSectionM":"120.0","depthAvg":"1.0","depthMax":"2.0","accidents":"0","safetyAction":"안전관리요원 배치","note":null,"equipment":{"total":0,"sign":0,"rescueBox":0,"vest":0,"buoy":0,"rope":0,"pole":0},"staff":null,"coordinateCorrected":false,"sourceYear":2025}},{"type":"Feature","geometry":{"type":"Point","coordinates":[127.7484886,37.240296]},"properties":{"id":1106,"name":"섬강교","detail":"섬강교","province":"강원특별자치도","district":"원주시","town":"부론면","address":"강원특별자치도 원주시 부론면 흥호리 650-3","placeType":"하천","management":"위험지역","manageCode":"3","sectionM":"300.0","riskSectionM":"300.0","depthAvg":"1.0","depthMax":"3.0","accidents":"1","safetyAction":"안전관리요원 배치","note":null,"equipment":{"total":3,"sign":3,"rescueBox":0,"vest":0,"buoy":0,"rope":0,"pole":0},"staff":null,"coordinateCorrected":false,"sourceYear":2025}},{"type":"Feature","geometry":{"type":"Point","coordinates":[127.7476633,37.2053868]},"properties":{"id":1107,"name":"법천소공원","detail":"법천소공원","province":"강원특별자치도","district":"원주시","town":"부론면","address":"강원특별자치도 원주시 부론면 법천리 1593","placeType":"하천","management":"위험지역","manageCode":"3","sectionM":"300.0","riskSectionM":"300.0","depthAvg":"1.0","depthMax":"5.0","accidents":"3","safetyAction":"안전관리요원 배치","note":null,"equipment":{"total":2,"sign":2,"rescueBox":0,"vest":0,"buoy":0,"rope":0,"pole":0},"staff":null,"coordinateCorrected":false,"sourceYear":2025}},{"type":"Feature","geometry":{"type":"Point","coordinates":[128.2028271,37.2894953]},"properties":{"id":1108,"name":"서마니유원지","detail":"서마니유원지A","province":"강원특별자치도","district":"원주시","town":"신림면","address":"강원특별자치도 원주시 신림면 송계리 316","placeType":"하천","management":"위험지역","manageCode":"3","sectionM":"220.0","riskSectionM":"220.0","depthAvg":"1.0","depthMax":"5.0","accidents":"0","safetyAction":"안전관리요원 배치","note":null,"equipment":{"total":23,"sign":4,"rescueBox":2,"vest":8,"buoy":3,"rope":5,"pole":0},"staff":null,"coordinateCorrected":false,"sourceYear":2025}},{"type":"Feature","geometry":{"type":"Point","coordinates":[127.8336145,37.3775501]},"properties":{"id":1109,"name":"간현관광지","detail":"간현관광지 A","province":"강원특별자치도","district":"원주시","town":"지정면","address":"강원특별자치도 원주시 지정면 간현리 산 120","placeType":"하천","management":"위험지역","manageCode":"3","sectionM":"200.0","riskSectionM":"200.0","depthAvg":"2.0","depthMax":"4.0","accidents":"0","safetyAction":"완전통제, 수영금지 현수막 게시","note":null,"equipment":{"total":10,"sign":1,"rescueBox":1,"vest":2,"buoy":2,"rope":2,"pole":0},"staff":null,"coordinateCorrected":false,"sourceYear":2025}},{"type":"Feature","geometry":{"type":"Point","coordinates":[127.8336145,37.3775501]},"properties":{"id":1110,"name":"간현관광지","detail":"간현관광지 B","province":"강원특별자치도","district":"원주시","town":"지정면","address":"강원특별자치도 원주시 지정면 간현리 산 120","placeType":"하천","management":"위험지역","manageCode":"3","sectionM":"250.0","riskSectionM":"250.0","depthAvg":"1.0","depthMax":"4.0","accidents":"0","safetyAction":"안전관리요원 배치, 완전통제","note":null,"equipment":{"total":18,"sign":3,"rescueBox":2,"vest":3,"buoy":3,"rope":3,"pole":2},"staff":null,"coordinateCorrected":false,"sourceYear":2025}},{"type":"Feature","geometry":{"type":"Point","coordinates":[127.8336145,37.3775501]},"properties":{"id":1111,"name":"간현관광지","detail":"간현관광지 C","province":"강원특별자치도","district":"원주시","town":"지정면","address":"강원특별자치도 원주시 지정면 간현리 산 120","placeType":"하천","management":"위험지역","manageCode":"3","sectionM":"200.0","riskSectionM":"200.0","depthAvg":"2.0","depthMax":"4.0","accidents":"2","safetyAction":"완전통제, 수영금지 현수막 게시","note":null,"equipment":{"total":15,"sign":2,"rescueBox":1,"vest":3,"buoy":3,"rope":3,"pole":2},"staff":null,"coordinateCorrected":false,"sourceYear":2025}},{"type":"Feature","geometry":{"type":"Point","coordinates":[127.8336145,37.3775501]},"properties":{"id":1112,"name":"간현관광지","detail":"간현관광지 E","province":"강원특별자치도","district":"원주시","town":"지정면","address":"강원특별자치도 원주시 지정면 간현리 산 120","placeType":"하천","management":"위험지역","manageCode":"3","sectionM":"180.0","riskSectionM":"180.0","depthAvg":"1.0","depthMax":"3.0","accidents":"0","safetyAction":"완전통제, 수영금지 현수막 게시","note":null,"equipment":{"total":10,"sign":3,"rescueBox":1,"vest":2,"buoy":2,"rope":2,"pole":0},"staff":null,"coordinateCorrected":false,"sourceYear":2025}},{"type":"Feature","geometry":{"type":"Point","coordinates":[128.8619764,37.6425262]},"properties":{"id":1113,"name":"얼음골","detail":"방터길 끝 구간","province":"강원특별자치도","district":"강릉시","town":"왕산면","address":"강원특별자치도 강릉시 왕산면 목계리 447-31","placeType":"하천","management":"위험지역","manageCode":"3","sectionM":"100.0","riskSectionM":"30.0","depthAvg":"1.0","depthMax":"3.0","accidents":"0","safetyAction":"안전관리요원 배치 통제","note":null,"equipment":{"total":1,"sign":1,"rescueBox":0,"vest":0,"buoy":0,"rope":0,"pole":0},"staff":null,"coordinateCorrected":false,"sourceYear":2025}},{"type":"Feature","geometry":{"type":"Point","coordinates":[128.8004116,37.7153936]},"properties":{"id":1114,"name":"어흘천","detail":"대관령옛길입구","province":"강원특별자치도","district":"강릉시","town":"성산면","address":"강원특별자치도 강릉시 성산면 어흘리 산352","placeType":"하천","management":"위험지역","manageCode":"3","sectionM":"100.0","riskSectionM":"40.0","depthAvg":"2.0","depthMax":"5.0","accidents":"0","safetyAction":"안전관리요원 배치 통제","note":null,"equipment":{"total":1,"sign":1,"rescueBox":0,"vest":0,"buoy":0,"rope":0,"pole":0},"staff":null,"coordinateCorrected":false,"sourceYear":2025}},{"type":"Feature","geometry":{"type":"Point","coordinates":[128.9190476,37.6785532]},"properties":{"id":1115,"name":"단경골휴양지 하","detail":"단경골펜션옆","province":"강원특별자치도","district":"강릉시","town":"강동면","address":"강원특별자치도 강릉시 강동면 언별리 산 274-2","placeType":"하천","management":"위험지역","manageCode":"3","sectionM":"200.0","riskSectionM":"40.0","depthAvg":"1.0","depthMax":"4.0","accidents":"1","safetyAction":"안전관리요원 배치 통제","note":null,"equipment":{"total":0,"sign":0,"rescueBox":0,"vest":0,"buoy":0,"rope":0,"pole":0},"staff":null,"coordinateCorrected":false,"sourceYear":2025}},{"type":"Feature","geometry":{"type":"Point","coordinates":[128.634286,37.8746566]},"properties":{"id":1116,"name":"부연동 가마소","detail":"가마소","province":"강원특별자치도","district":"강릉시","town":"연곡면","address":"강원특별자치도 강릉시 연곡면 삼산리 1453","placeType":"하천","management":"위험지역","manageCode":"3","sectionM":"200.0","riskSectionM":"60.0","depthAvg":"2.0","depthMax":"4.0","accidents":"0","safetyAction":"안전관리요원 배치 통제","note":null,"equipment":{"total":9,"sign":0,"rescueBox":1,"vest":2,"buoy":3,"rope":3,"pole":0},"staff":null,"coordinateCorrected":false,"sourceYear":2025}},{"type":"Feature","geometry":{"type":"Point","coordinates":[129.2216058,37.3305498]},"properties":{"id":1118,"name":"토점교 부근","detail":"토점교 부근","province":"강원특별자치도","district":"삼척시","town":"근덕면","address":"강원특별자치도 삼척시 근덕면 동막리 1780-195","placeType":"하천","management":"위험지역","manageCode":"3","sectionM":"0.0","riskSectionM":"45.0","depthAvg":"1.0","depthMax":"3.0","accidents":"1","safetyAction":"완전통제","note":null,"equipment":{"total":6,"sign":2,"rescueBox":0,"vest":1,"buoy":1,"rope":1,"pole":0},"staff":null,"coordinateCorrected":false,"sourceYear":2025}},{"type":"Feature","geometry":{"type":"Point","coordinates":[127.5651762,37.47948]},"properties":{"id":55,"name":"흑천","detail":"말 부리보","province":"경기도","district":"양평군","town":"용문면","address":"경기도 양평군 용문면 삼성리 827-3","placeType":"하천","management":"일반지역","manageCode":"2","sectionM":"500.0","riskSectionM":null,"depthAvg":"2.5","depthMax":"5.0","accidents":"0","safetyAction":null,"note":null,"equipment":{"total":11,"sign":7,"rescueBox":1,"vest":1,"buoy":1,"rope":1,"pole":0},"staff":null,"coordinateCorrected":false,"sourceYear":2025}},{"type":"Feature","geometry":{"type":"Point","coordinates":[128.695374,37.37171]},"properties":{"id":323,"name":"아리아리펜션","detail":"아리아리펜션","province":"강원특별자치도","district":"정성군","town":"정선읍","address":"강원특별자치도 정성군 정선읍 신월리 287","placeType":"하천","management":"일반지역","manageCode":"2","sectionM":"50.0","riskSectionM":null,"depthAvg":"2.0","depthMax":"5.0","accidents":"0","safetyAction":null,"note":null,"equipment":{"total":12,"sign":1,"rescueBox":2,"vest":2,"buoy":3,"rope":2,"pole":2},"staff":null,"coordinateCorrected":false,"sourceYear":2025}},{"type":"Feature","geometry":{"type":"Point","coordinates":[127.300359,38.187295]},"properties":{"id":340,"name":"한탄대교상류","detail":"한탄대교","province":"강원특별자치도","district":"철원군","town":"동송읍","address":"강원특별자치도 철원군 동송읍 내대리","placeType":"하천","management":"일반지역","manageCode":"2","sectionM":"150.0","riskSectionM":null,"depthAvg":"2.0","depthMax":"6.0","accidents":"1","safetyAction":null,"note":null,"equipment":{"total":11,"sign":1,"rescueBox":2,"vest":3,"buoy":2,"rope":2,"pole":0},"staff":null,"coordinateCorrected":false,"sourceYear":2025}},{"type":"Feature","geometry":{"type":"Point","coordinates":[127.3436333,36.2761108]},"properties":{"id":11,"name":"상보안유원지","detail":"738번지 일원","province":"대전광역시","district":"서구","town":"흑석동","address":"대전광역시 서구 흑석동 738번지 일원","placeType":"하천","management":"일반지역","manageCode":"2","sectionM":"600.0","riskSectionM":null,"depthAvg":"1.0","depthMax":"1.5","accidents":"0","safetyAction":null,"note":null,"equipment":{"total":39,"sign":8,"rescueBox":1,"vest":11,"buoy":10,"rope":6,"pole":0},"staff":null,"coordinateCorrected":false,"sourceYear":2025}},{"type":"Feature","geometry":{"type":"Point","coordinates":[127.3340392,36.276503]},"properties":{"id":12,"name":"적십자수련원 앞","detail":"804번지 일원","province":"대전광역시","district":"서구","town":"흑석동","address":"대전광역시 서구 흑석동 804번지 일원","placeType":"하천","management":"일반지역","manageCode":"2","sectionM":"500.0","riskSectionM":null,"depthAvg":"1.0","depthMax":"2.0","accidents":"0","safetyAction":null,"note":null,"equipment":{"total":31,"sign":3,"rescueBox":2,"vest":9,"buoy":8,"rope":5,"pole":0},"staff":null,"coordinateCorrected":false,"sourceYear":2025}},{"type":"Feature","geometry":{"type":"Point","coordinates":[127.3398444,36.2709891]},"properties":{"id":13,"name":"장평보유원지","detail":"749번지 일원","province":"대전광역시","district":"서구","town":"흑석동","address":"대전광역시 서구 흑석동 749번지 일원","placeType":"하천","management":"일반지역","manageCode":"2","sectionM":"300.0","riskSectionM":null,"depthAvg":"0.6","depthMax":"1.0","accidents":"0","safetyAction":null,"note":null,"equipment":{"total":26,"sign":3,"rescueBox":1,"vest":8,"buoy":9,"rope":3,"pole":0},"staff":null,"coordinateCorrected":false,"sourceYear":2025}},{"type":"Feature","geometry":{"type":"Point","coordinates":[127.3391429,36.2586656]},"properties":{"id":14,"name":"흑석유원지","detail":"775번지 일원","province":"대전광역시","district":"서구","town":"흑석동","address":"대전광역시 서구 흑석동 775번지 일원","placeType":"하천","management":"일반지역","manageCode":"2","sectionM":"200.0","riskSectionM":null,"depthAvg":"1.0","depthMax":"2.0","accidents":"0","safetyAction":null,"note":null,"equipment":{"total":31,"sign":5,"rescueBox":2,"vest":8,"buoy":10,"rope":4,"pole":0},"staff":null,"coordinateCorrected":false,"sourceYear":2025}},{"type":"Feature","geometry":{"type":"Point","coordinates":[129.2352832,35.5785769]},"properties":{"id":15,"name":"선바위유원지","detail":"선바위교","province":"울산광역시","district":"울주군","town":"범서읍","address":"울산광역시 울주군 범서읍 입암리 1141-134","placeType":"하천","management":"일반지역","manageCode":"2","sectionM":"150.0","riskSectionM":null,"depthAvg":"3.0","depthMax":"6.0","accidents":"1","safetyAction":null,"note":null,"equipment":{"total":36,"sign":5,"rescueBox":3,"vest":4,"buoy":10,"rope":9,"pole":0},"staff":null,"coordinateCorrected":false,"sourceYear":2025}},{"type":"Feature","geometry":{"type":"Point","coordinates":[129.2417532,35.3922026]},"properties":{"id":16,"name":"애기소계곡","detail":"애기소","province":"울산광역시","district":"울주군","town":"온양읍","address":"울산광역시 울주군 온양읍 운화리 1304-3","placeType":"계곡","management":"일반지역","manageCode":"2","sectionM":"30.0","riskSectionM":null,"depthAvg":"1.0","depthMax":"3.5","accidents":"1","safetyAction":null,"note":null,"equipment":{"total":26,"sign":3,"rescueBox":1,"vest":3,"buoy":12,"rope":4,"pole":0},"staff":null,"coordinateCorrected":false,"sourceYear":2025}},{"type":"Feature","geometry":{"type":"Point","coordinates":[129.0095415,35.5474621]},"properties":{"id":17,"name":"철구소계곡","detail":"철구소","province":"울산광역시","district":"울주군","town":"상북면","address":"울산광역시 울주군 상북면 이천리 산 86-1","placeType":"계곡","management":"일반지역","manageCode":"2","sectionM":"20.0","riskSectionM":null,"depthAvg":"2.0","depthMax":"5.3","accidents":"1","safetyAction":null,"note":null,"equipment":{"total":16,"sign":4,"rescueBox":2,"vest":2,"buoy":2,"rope":2,"pole":0},"staff":null,"coordinateCorrected":false,"sourceYear":2025}},{"type":"Feature","geometry":{"type":"Point","coordinates":[129.111495,35.5643196]},"properties":{"id":18,"name":"교동리슈빌아파트 앞","detail":"교동리슈빌 APT","province":"울산광역시","district":"울주군","town":"언양읍","address":"울산광역시 울주군 언양읍 서부리 395-319","placeType":"하천","management":"일반지역","manageCode":"2","sectionM":"50.0","riskSectionM":null,"depthAvg":"1.0","depthMax":"2.0","accidents":"0","safetyAction":null,"note":null,"equipment":{"total":11,"sign":1,"rescueBox":1,"vest":2,"buoy":3,"rope":3,"pole":0},"staff":null,"coordinateCorrected":false,"sourceYear":2025}},{"type":"Feature","geometry":{"type":"Point","coordinates":[127.2760023,36.4216605]},"properties":{"id":19,"name":"용수천","detail":"봉암리 서당교 정자 옆","province":"세종특별자치시","district":"세종시","town":"금남면","address":"세종특별자치시 세종시 금남면 봉암리 68-2","placeType":"하천","management":"일반지역","manageCode":"2","sectionM":"50.0","riskSectionM":null,"depthAvg":"1.0","depthMax":"1.5","accidents":"0","safetyAction":null,"note":null,"equipment":{"total":5,"sign":1,"rescueBox":1,"vest":1,"buoy":1,"rope":1,"pole":0},"staff":null,"coordinateCorrected":false,"sourceYear":2025}},{"type":"Feature","geometry":{"type":"Point","coordinates":[129.1077973,37.3866016]},"properties":{"id":1120,"name":"연치골 잠수교","detail":"연치골 잠수교 밑","province":"강원특별자치도","district":"삼척시","town":"미로면","address":"강원특별자치도 삼척시 미로면 하정리 185-5","placeType":"하천","management":"위험지역","manageCode":"3","sectionM":"0.0","riskSectionM":"100.0","depthAvg":"1.0","depthMax":"2.0","accidents":"0","safetyAction":"완전통제 계획 및 안전요원 배치","note":null,"equipment":{"total":7,"sign":2,"rescueBox":1,"vest":1,"buoy":1,"rope":1,"pole":0},"staff":null,"coordinateCorrected":false,"sourceYear":2025}},{"type":"Feature","geometry":{"type":"Point","coordinates":[127.9863302,37.7847643]},"properties":{"id":1121,"name":"주음치교","detail":"주음치교","province":"강원특별자치도","district":"홍천군","town":"화촌면","address":"강원특별자치도 홍천군 화촌면 주음치리 511-2","placeType":"하천","management":"위험지역","manageCode":"3","sectionM":"300.0","riskSectionM":"300.0","depthAvg":"1.0","depthMax":"2.0","accidents":"2","safetyAction":"안전관리요원 배치 통제 밑 부표설치","note":null,"equipment":{"total":26,"sign":3,"rescueBox":1,"vest":9,"buoy":3,"rope":6,"pole":0},"staff":null,"coordinateCorrected":false,"sourceYear":2025}},{"type":"Feature","geometry":{"type":"Point","coordinates":[128.0054003,37.8023926]},"properties":{"id":1122,"name":"메기골유원지","detail":"메기골유원지","province":"강원특별자치도","district":"홍천군","town":"내촌면","address":"강원특별자치도 홍천군 내촌면 화상대리 1197","placeType":"하천","management":"위험지역","manageCode":"3","sectionM":"300","riskSectionM":"2.0","depthAvg":"5.0","depthMax":"1.0","accidents":"0","safetyAction":"안전요원배치","note":null,"equipment":{"total":191,"sign":3,"rescueBox":3,"vest":163,"buoy":5,"rope":10,"pole":0},"staff":null,"coordinateCorrected":false,"sourceYear":2025}},{"type":"Feature","geometry":{"type":"Point","coordinates":[127.9278507,37.6961874]},"properties":{"id":1123,"name":"용담계곡","detail":"수타사 용담계곡","province":"강원특별자치도","district":"홍천군","town":"동  면","address":"강원특별자치도 홍천군 동  면 덕치리466","placeType":"계곡","management":"위험지역","manageCode":"3","sectionM":"100.0","riskSectionM":"100.0","depthAvg":"2.0","depthMax":"3.0","accidents":"1","safetyAction":"안전관리요원 배치 통제","note":null,"equipment":{"total":18,"sign":3,"rescueBox":1,"vest":3,"buoy":4,"rope":4,"pole":0},"staff":null,"coordinateCorrected":false,"sourceYear":2025}},{"type":"Feature","geometry":{"type":"Point","coordinates":[127.7635887,37.6766541]},"properties":{"id":1124,"name":"고드래미관광농원","detail":"고드래미글램핑","province":"강원특별자치도","district":"홍천군","town":"남면","address":"강원특별자치도 홍천군 남면 남노일리 200","placeType":"하천","management":"위험지역","manageCode":"3","sectionM":"300.0","riskSectionM":"300.0","depthAvg":"2.0","depthMax":"3.0","accidents":"0","safetyAction":"안전관리요원 배치 통제 밑 부표설치","note":null,"equipment":{"total":39,"sign":3,"rescueBox":1,"vest":17,"buoy":4,"rope":7,"pole":0},"staff":null,"coordinateCorrected":false,"sourceYear":2025}},{"type":"Feature","geometry":{"type":"Point","coordinates":[127.7118116,37.6900583]},"properties":{"id":1125,"name":"도룡골","detail":"도롱골","province":"강원특별자치도","district":"홍천군","town":"서면","address":"강원특별자치도 홍천군 서면 팔봉리 149","placeType":"하천","management":"위험지역","manageCode":"3","sectionM":"300.0","riskSectionM":"300.0","depthAvg":"1.0","depthMax":"3.0","accidents":"1","safetyAction":"안전관리요원 배치 통제","note":null,"equipment":{"total":110,"sign":5,"rescueBox":2,"vest":80,"buoy":5,"rope":10,"pole":0},"staff":null,"coordinateCorrected":false,"sourceYear":2025}},{"type":"Feature","geometry":{"type":"Point","coordinates":[127.7104791,37.6959924]},"properties":{"id":1126,"name":"달과 별들의 이야기","detail":"달과 별들의 이야기 앞","province":"강원특별자치도","district":"홍천군","town":"서면","address":"강원특별자치도 홍천군 서면 팔봉리 89-1","placeType":"하천","management":"위험지역","manageCode":"3","sectionM":"300.0","riskSectionM":"300.0","depthAvg":"1.0","depthMax":"2.0","accidents":"1","safetyAction":"안전관리요원 배치 통제","note":null,"equipment":{"total":75,"sign":1,"rescueBox":0,"vest":60,"buoy":3,"rope":6,"pole":0},"staff":null,"coordinateCorrected":false,"sourceYear":2025}},{"type":"Feature","geometry":{"type":"Point","coordinates":[127.7088371,37.6982535]},"properties":{"id":1127,"name":"검실강변(어부의집)","detail":"검실강변(어부의집)","province":"강원특별자치도","district":"홍천군","town":"서면","address":"강원특별자치도 홍천군 서면 팔봉리 975","placeType":"하천","management":"위험지역","manageCode":"3","sectionM":"200.0","riskSectionM":"200.0","depthAvg":"1.0","depthMax":"3.0","accidents":"0","safetyAction":"안전관리요원 배치 통제 밑 부표설치","note":null,"equipment":{"total":105,"sign":3,"rescueBox":1,"vest":74,"buoy":7,"rope":12,"pole":0},"staff":null,"coordinateCorrected":false,"sourceYear":2025}},{"type":"Feature","geometry":{"type":"Point","coordinates":[127.6942166,37.701617]},"properties":{"id":1128,"name":"팔봉산관광지","detail":"팔봉산관광지","province":"강원특별자치도","district":"홍천군","town":"서면","address":"강원특별자치도 홍천군 서면 어유포리 272-20","placeType":"하천","management":"위험지역","manageCode":"3","sectionM":"300.0","riskSectionM":"300.0","depthAvg":"1.0","depthMax":"2.0","accidents":"0","safetyAction":"안전관리요원 배치 통제 밑 부표설치","note":null,"equipment":{"total":437,"sign":7,"rescueBox":1,"vest":400,"buoy":8,"rope":10,"pole":0},"staff":null,"coordinateCorrected":false,"sourceYear":2025}},{"type":"Feature","geometry":{"type":"Point","coordinates":[127.6912993,37.692413]},"properties":{"id":1129,"name":"반곡밤벌강변","detail":"반곡밤벌강변","province":"강원특별자치도","district":"홍천군","town":"서면","address":"강원특별자치도 홍천군 서면 반곡리 3-63","placeType":"하천","management":"위험지역","manageCode":"3","sectionM":"500.0","riskSectionM":"500.0","depthAvg":"1.0","depthMax":"3.0","accidents":"0","safetyAction":"안전관리요원 배치 통제 밑 부표설치","note":null,"equipment":{"total":257,"sign":4,"rescueBox":1,"vest":234,"buoy":5,"rope":5,"pole":0},"staff":null,"coordinateCorrected":false,"sourceYear":2025}},{"type":"Feature","geometry":{"type":"Point","coordinates":[127.6882817,37.6887198]},"properties":{"id":1130,"name":"자라바위","detail":"자라바위","province":"강원특별자치도","district":"홍천군","town":"서면","address":"강원특별자치도 홍천군 서면 반곡리 10-5","placeType":"하천","management":"위험지역","manageCode":"3","sectionM":"300.0","riskSectionM":"300.0","depthAvg":"2.0","depthMax":"3.0","accidents":"1","safetyAction":"안전관리요원 배치 통제 밑 부표설치","note":null,"equipment":{"total":222,"sign":2,"rescueBox":2,"vest":194,"buoy":8,"rope":6,"pole":0},"staff":null,"coordinateCorrected":false,"sourceYear":2025}},{"type":"Feature","geometry":{"type":"Point","coordinates":[127.6387712,37.6971337]},"properties":{"id":1131,"name":"개야강변","detail":"멜로즈펜션 하류 100","province":"강원특별자치도","district":"홍천군","town":"서면","address":"강원특별자치도 홍천군 서면 개야리 3-1","placeType":"하천","management":"위험지역","manageCode":"3","sectionM":"300.0","riskSectionM":"300.0","depthAvg":"1.0","depthMax":"3.0","accidents":"0","safetyAction":"안전관리요원 배치 통제 밑 부표설치","note":null,"equipment":{"total":153,"sign":1,"rescueBox":0,"vest":134,"buoy":8,"rope":6,"pole":0},"staff":null,"coordinateCorrected":false,"sourceYear":2025}},{"type":"Feature","geometry":{"type":"Point","coordinates":[127.6044558,38.0464563]},"properties":{"id":106,"name":"우레골휴양지","detail":"우레골","province":"강원특별자치도","district":"춘천시","town":"사북면","address":"강원특별자치도 춘천시 사북면 우레골길 104-22","placeType":"하천","management":"일반지역","manageCode":"2","sectionM":"100.0","riskSectionM":null,"depthAvg":"1.0","depthMax":"3.0","accidents":"0","safetyAction":null,"note":null,"equipment":{"total":20,"sign":4,"rescueBox":2,"vest":3,"buoy":3,"rope":4,"pole":0},"staff":null,"coordinateCorrected":false,"sourceYear":2025}},{"type":"Feature","geometry":{"type":"Point","coordinates":[127.6012287,37.7032983]},"properties":{"id":1132,"name":"모곡밤벌유원지","detail":"모곡밤벌유원지","province":"강원특별자치도","district":"홍천군","town":"서면","address":"강원특별자치도 홍천군 서면 모곡리 529-3","placeType":"하천","management":"위험지역","manageCode":"3","sectionM":"500.0","riskSectionM":"500.0","depthAvg":"1.0","depthMax":"3.0","accidents":"2","safetyAction":"안전관리요원 배치 통제 밑 부표설치","note":null,"equipment":{"total":1646,"sign":14,"rescueBox":4,"vest":1584,"buoy":12,"rope":10,"pole":0},"staff":null,"coordinateCorrected":false,"sourceYear":2025}},{"type":"Feature","geometry":{"type":"Point","coordinates":[127.8380567,37.707372]},"properties":{"id":1133,"name":"소매곡교","detail":"하수종말처리장앞","province":"강원특별자치도","district":"홍천군","town":"북방면","address":"강원특별자치도 홍천군 북방면 소매곡리 145-1","placeType":"하천","management":"위험지역","manageCode":"3","sectionM":"300.0","riskSectionM":"300.0","depthAvg":"1.5","depthMax":"3.0","accidents":"0","safetyAction":"안전관리요원 배치 통제 밑 부표설치","note":null,"equipment":{"total":77,"sign":2,"rescueBox":1,"vest":42,"buoy":12,"rope":14,"pole":0},"staff":null,"coordinateCorrected":false,"sourceYear":2025}},{"type":"Feature","geometry":{"type":"Point","coordinates":[127.818869,37.7132941]},"properties":{"id":1134,"name":"홍천강3교 아래","detail":"고속도로교량아래","province":"강원특별자치도","district":"홍천군","town":"북방면","address":"강원특별자치도 홍천군 북방면 소매곡리 산88-21","placeType":"하천","management":"위험지역","manageCode":"3","sectionM":"500.0","riskSectionM":"500.0","depthAvg":"1.0","depthMax":"2.0","accidents":"0","safetyAction":"안전관리요원 배치 통제 밑 부표설치","note":null,"equipment":{"total":87,"sign":1,"rescueBox":1,"vest":74,"buoy":3,"rope":2,"pole":0},"staff":null,"coordinateCorrected":false,"sourceYear":2025}},{"type":"Feature","geometry":{"type":"Point","coordinates":[127.8105466,37.7114899]},"properties":{"id":1135,"name":"천냥바위 앞","detail":"천냥바위캡슐펜션","province":"강원특별자치도","district":"홍천군","town":"북방면","address":"강원특별자치도 홍천군 북방면 도사곡리 28-5","placeType":"하천","management":"위험지역","manageCode":"3","sectionM":"500.0","riskSectionM":"500.0","depthAvg":"1.0","depthMax":"3.0","accidents":"0","safetyAction":"안전관리요원 배치 통제","note":null,"equipment":{"total":72,"sign":2,"rescueBox":1,"vest":60,"buoy":2,"rope":4,"pole":0},"staff":null,"coordinateCorrected":false,"sourceYear":2025}},{"type":"Feature","geometry":{"type":"Point","coordinates":[127.8010254,37.7171843]},"properties":{"id":1137,"name":"굴지1교 상류","detail":"굴지1교 상류","province":"강원특별자치도","district":"홍천군","town":"북방면","address":"강원특별자치도 홍천군 북방면 굴지리 95-3","placeType":"하천","management":"위험지역","manageCode":"3","sectionM":"100.0","riskSectionM":"100.0","depthAvg":"1.0","depthMax":"2.0","accidents":"1","safetyAction":"안전관리요원 배치 통제 밑 부표설치","note":null,"equipment":{"total":6,"sign":2,"rescueBox":1,"vest":1,"buoy":1,"rope":1,"pole":0},"staff":null,"coordinateCorrected":false,"sourceYear":2025}},{"type":"Feature","geometry":{"type":"Point","coordinates":[127.8007262,37.7072271]},"properties":{"id":1138,"name":"리오펜션","detail":"굴지리188번지","province":"강원특별자치도","district":"홍천군","town":"북방면","address":"강원특별자치도 홍천군 북방면 굴지리  154","placeType":"하천","management":"위험지역","manageCode":"3","sectionM":"200.0","riskSectionM":"200.0","depthAvg":"1.0","depthMax":"3.0","accidents":"1","safetyAction":"안전관리요원 배치 통제 밑 부표설치","note":null,"equipment":{"total":43,"sign":2,"rescueBox":1,"vest":30,"buoy":3,"rope":4,"pole":0},"staff":null,"coordinateCorrected":false,"sourceYear":2025}},{"type":"Feature","geometry":{"type":"Point","coordinates":[127.7294468,37.6889186]},"properties":{"id":1139,"name":"OG팬션앞","detail":"OG팬션앞","province":"강원특별자치도","district":"홍천군","town":"북방면","address":"강원특별자치도 홍천군 북방면 노일리 901-3","placeType":"하천","management":"위험지역","manageCode":"3","sectionM":"500.0","riskSectionM":"500.0","depthAvg":"2.0","depthMax":"3.0","accidents":"0","safetyAction":"안전관리요원 배치 통제 밑 부표설치","note":null,"equipment":{"total":48,"sign":5,"rescueBox":1,"vest":30,"buoy":3,"rope":4,"pole":0},"staff":null,"coordinateCorrected":false,"sourceYear":2025}},{"type":"Feature","geometry":{"type":"Point","coordinates":[128.4537132,37.8234044]},"properties":{"id":1140,"name":"칡소폭포","detail":"칡소폭포","province":"강원특별자치도","district":"홍천군","town":"내면","address":"강원특별자치도 홍천군 내면  광원리 551-4","placeType":"계곡","management":"위험지역","manageCode":"3","sectionM":"100.0","riskSectionM":"100.0","depthAvg":"1.0","depthMax":"3.0","accidents":"0","safetyAction":"안전관리요원 배치 통제 밑 부표설치","note":null,"equipment":{"total":41,"sign":2,"rescueBox":1,"vest":25,"buoy":3,"rope":6,"pole":0},"staff":null,"coordinateCorrected":false,"sourceYear":2025}},{"type":"Feature","geometry":{"type":"Point","coordinates":[127.9720726,37.5429166]},"properties":{"id":1141,"name":"구비소","detail":"구비소","province":"강원특별자치도","district":"횡성군","town":"공근","address":"강원특별자치도 횡성군 공근 청곡리 325-25","placeType":"하천","management":"위험지역","manageCode":"3","sectionM":"30.0","riskSectionM":"30.0","depthAvg":"1.5","depthMax":"5.0","accidents":"0","safetyAction":"표지판 및 안전선 설치 등 통제","note":null,"equipment":{"total":16,"sign":3,"rescueBox":1,"vest":1,"buoy":1,"rope":10,"pole":0},"staff":null,"coordinateCorrected":false,"sourceYear":2025}},{"type":"Feature","geometry":{"type":"Point","coordinates":[127.8668272,37.4136797]},"properties":{"id":1142,"name":"대산유원지","detail":"대산유원지","province":"강원특별자치도","district":"횡성군","town":"서원","address":"강원특별자치도 횡성군 서원 옥계리 24-1","placeType":"하천","management":"위험지역","manageCode":"3","sectionM":"70.0","riskSectionM":"70.0","depthAvg":"2.0","depthMax":"4.5","accidents":"0","safetyAction":"펜스 및 안전선 등 통제","note":null,"equipment":{"total":16,"sign":3,"rescueBox":1,"vest":1,"buoy":1,"rope":10,"pole":0},"staff":null,"coordinateCorrected":false,"sourceYear":2025}},{"type":"Feature","geometry":{"type":"Point","coordinates":[128.1457186,37.3552672]},"properties":{"id":1143,"name":"쿵쿵소","detail":"쿵쿵소","province":"강원특별자치도","district":"횡성군","town":"강림","address":"강원특별자치도 횡성군 강림 강림리 산 750-1","placeType":"하천","management":"위험지역","manageCode":"3","sectionM":"80.0","riskSectionM":"80.0","depthAvg":"1.5","depthMax":"3.0","accidents":"0","safetyAction":"표지판 및 안전선 설치 등 통제","note":null,"equipment":{"total":16,"sign":3,"rescueBox":1,"vest":1,"buoy":1,"rope":10,"pole":0},"staff":null,"coordinateCorrected":false,"sourceYear":2025}},{"type":"Feature","geometry":{"type":"Point","coordinates":[128.5043517,37.2013954]},"properties":{"id":1144,"name":"둥글바위","detail":"둥글바위","province":"강원특별자치도","district":"영월군","town":"영월읍","address":"강원특별자치도 영월군 영월읍 삼옥리1574-2","placeType":"하천","management":"위험지역","manageCode":"3","sectionM":"200.0","riskSectionM":"50.0","depthAvg":"1.0","depthMax":"3.0","accidents":"0","safetyAction":"안전관리요원 배치 및 부표 설치","note":null,"equipment":{"total":39,"sign":3,"rescueBox":2,"vest":14,"buoy":7,"rope":7,"pole":0},"staff":{"startDate":"2026-06-06","endDate":"2026-09-06","hours":"09:00~18:00","deploymentType":"고정배치","confidence":"confirmed","confidenceLabel":"2026년 공식 장소별 배치표 확인","sourceUrl":"https://www.yw.go.kr/jobs/basic/userJobInfoView.do?jobDiv=G&jobNo=1362&n=602","verifiedAt":"2026-08-13"},"coordinateCorrected":false,"sourceYear":2025}},{"type":"Feature","geometry":{"type":"Point","coordinates":[128.5433586,37.1164688]},"properties":{"id":1145,"name":"가재골","detail":"가재골","province":"강원특별자치도","district":"영월군","town":"김삿갓면","address":"강원특별자치도 영월군 김삿갓면 대야리830-19","placeType":"하천","management":"위험지역","manageCode":"3","sectionM":"150.0","riskSectionM":"30.0","depthAvg":"3.0","depthMax":"5.0","accidents":"0","safetyAction":"안전관리요원 배치 및 부표 설치","note":null,"equipment":{"total":21,"sign":3,"rescueBox":2,"vest":3,"buoy":6,"rope":3,"pole":3},"staff":{"startDate":"2026-06-06","endDate":"2026-09-06","hours":"09:00~18:00","deploymentType":"고정배치","confidence":"confirmed","confidenceLabel":"2026년 공식 장소별 배치표 확인","sourceUrl":"https://www.yw.go.kr/jobs/basic/userJobInfoView.do?jobDiv=G&jobNo=1362&n=602","verifiedAt":"2026-08-13"},"coordinateCorrected":false,"sourceYear":2025}},{"type":"Feature","geometry":{"type":"Point","coordinates":[128.551632,37.1265906]},"properties":{"id":1146,"name":"덥네보","detail":"덥네보","province":"강원특별자치도","district":"영월군","town":"김삿갓면","address":"강원특별자치도 영월군 김삿갓면 대야리 211-3","placeType":"하천","management":"위험지역","manageCode":"3","sectionM":"200.0","riskSectionM":"40.0","depthAvg":"5.0","depthMax":"7.0","accidents":"1","safetyAction":"안전관리요원 배치 및 부표 설치","note":null,"equipment":{"total":14,"sign":2,"rescueBox":2,"vest":1,"buoy":4,"rope":2,"pole":2},"staff":{"startDate":"2026-06-06","endDate":"2026-09-06","hours":"09:00~18:00","deploymentType":"고정배치","confidence":"confirmed","confidenceLabel":"2026년 공식 장소별 배치표 확인","sourceUrl":"https://www.yw.go.kr/jobs/basic/userJobInfoView.do?jobDiv=G&jobNo=1362&n=602","verifiedAt":"2026-08-13"},"coordinateCorrected":false,"sourceYear":2025}},{"type":"Feature","geometry":{"type":"Point","coordinates":[128.359742,37.4172246]},"properties":{"id":1147,"name":"뇌운계곡","detail":"뇌운교상300m~뇌운교아래하류","province":"강원특별자치도","district":"평창군","town":"평창읍","address":"강원특별자치도 평창군 평창읍 뇌운리 169-6","placeType":"하천","management":"위험지역","manageCode":"3","sectionM":"500.0","riskSectionM":"100.0","depthAvg":"4.0","depthMax":"5.0","accidents":"0","safetyAction":"위험표지판 3개 설치 완료(기설치)","note":null,"equipment":{"total":3,"sign":3,"rescueBox":0,"vest":0,"buoy":0,"rope":0,"pole":0},"staff":null,"coordinateCorrected":false,"sourceYear":2025}},{"type":"Feature","geometry":{"type":"Point","coordinates":[128.785197,37.3397214]},"properties":{"id":1148,"name":"용마소","detail":"용마소","province":"강원특별자치도","district":"정선군","town":"화암면","address":"강원특별자치도 정선군 화암면 화암리1112","placeType":"하천","management":"위험지역","manageCode":"3","sectionM":"150.0","riskSectionM":"50.0","depthAvg":"1.0","depthMax":"3.0","accidents":"1","safetyAction":"부표설치 및 안전요원통제","note":null,"equipment":{"total":2,"sign":2,"rescueBox":0,"vest":0,"buoy":0,"rope":0,"pole":0},"staff":null,"coordinateCorrected":false,"sourceYear":2025}},{"type":"Feature","geometry":{"type":"Point","coordinates":[129.084176,37.351868]},"properties":{"id":152,"name":"오십천 신기지구","detail":"신기리 367-19 일원","province":"강원특별자치도","district":"삼척시","town":"신기면","address":"강원특별자치도 삼척시 신기면 신기리 367-19번지 일원","placeType":"하천","management":"일반지역","manageCode":"2","sectionM":"200.0","riskSectionM":null,"depthAvg":"2.0","depthMax":"4.0","accidents":"0","safetyAction":null,"note":null,"equipment":{"total":5,"sign":1,"rescueBox":0,"vest":1,"buoy":1,"rope":1,"pole":0},"staff":null,"coordinateCorrected":false,"sourceYear":2025}},{"type":"Feature","geometry":{"type":"Point","coordinates":[128.071643,38.142448]},"properties":{"id":379,"name":"광치계곡","detail":"광치계곡","province":"강원특별자치도","district":"양구군","town":"남면","address":"강원특별자치도 양구군 남면 양구군 국토정중앙면 가오작리","placeType":"계곡","management":"일반지역","manageCode":"2","sectionM":"1000.0","riskSectionM":null,"depthAvg":"1.0","depthMax":"1.0","accidents":"0","safetyAction":null,"note":null,"equipment":{"total":22,"sign":2,"rescueBox":2,"vest":5,"buoy":5,"rope":5,"pole":0},"staff":null,"coordinateCorrected":false,"sourceYear":2025}},{"type":"Feature","geometry":{"type":"Point","coordinates":[127.950357,38.20675]},"properties":{"id":380,"name":"직연폭포","detail":"직연폭포","province":"강원특별자치도","district":"양구군","town":"방산면","address":"강원특별자치도 양구군 방산면 양구군 방산면 장평리 직연폭포","placeType":"하천","management":"일반지역","manageCode":"2","sectionM":"500.0","riskSectionM":null,"depthAvg":"2.0","depthMax":"4.0","accidents":"0","safetyAction":null,"note":null,"equipment":{"total":17,"sign":5,"rescueBox":2,"vest":3,"buoy":3,"rope":3,"pole":0},"staff":null,"coordinateCorrected":false,"sourceYear":2025}},{"type":"Feature","geometry":{"type":"Point","coordinates":[128.7218549,37.497517]},"properties":{"id":1149,"name":"흥터","detail":"흥터","province":"강원특별자치도","district":"정선군","town":"여량면","address":"강원특별자치도 정선군 여량면 유천리574","placeType":"하천","management":"위험지역","manageCode":"3","sectionM":"80.0","riskSectionM":"20.0","depthAvg":"1.0","depthMax":"4.0","accidents":"1","safetyAction":"부표설치 및 안전요원통제","note":null,"equipment":{"total":1,"sign":1,"rescueBox":0,"vest":0,"buoy":0,"rope":0,"pole":0},"staff":null,"coordinateCorrected":false,"sourceYear":2025}},{"type":"Feature","geometry":{"type":"Point","coordinates":[128.684872,37.4113918]},"properties":{"id":1150,"name":"문곡소수력댐","detail":"한반도마을","province":"강원특별자치도","district":"정선군","town":"북평면","address":"강원특별자치도 정선군 북평면 문곡리 323-1","placeType":"하천","management":"위험지역","manageCode":"3","sectionM":"100.0","riskSectionM":"100.0","depthAvg":"1.0","depthMax":"3.0","accidents":"2","safetyAction":"안전요원통제","note":null,"equipment":{"total":12,"sign":1,"rescueBox":2,"vest":3,"buoy":3,"rope":2,"pole":1},"staff":null,"coordinateCorrected":false,"sourceYear":2025}},{"type":"Feature","geometry":{"type":"Point","coordinates":[128.71409,37.5099605]},"properties":{"id":1151,"name":"행복휴양림","detail":"행복휴양림","province":"강원특별자치도","district":"정선군","town":"여량면","address":"강원특별자치도 정선군 여량면 유천리 산270-8","placeType":"하천","management":"위험지역","manageCode":"3","sectionM":"100.0","riskSectionM":"40.0","depthAvg":"1.0","depthMax":"3.0","accidents":"2","safetyAction":"안전요원통제","note":null,"equipment":{"total":15,"sign":3,"rescueBox":1,"vest":4,"buoy":2,"rope":2,"pole":2},"staff":null,"coordinateCorrected":false,"sourceYear":2025}},{"type":"Feature","geometry":{"type":"Point","coordinates":[127.4350555,38.2565473]},"properties":{"id":1152,"name":"(구)김화취수장","detail":"화강쉼터 앞","province":"강원특별자치도","district":"철원군","town":"김화읍","address":"강원특별자치도 철원군 김화읍 학사리","placeType":"하천","management":"위험지역","manageCode":"3","sectionM":"200.0","riskSectionM":"40.0","depthAvg":"5.0","depthMax":"7.0","accidents":"0","safetyAction":"물놀이 위험구역 표지판 설치","note":null,"equipment":{"total":1,"sign":1,"rescueBox":0,"vest":0,"buoy":0,"rope":0,"pole":0},"staff":null,"coordinateCorrected":false,"sourceYear":2025}},{"type":"Feature","geometry":{"type":"Point","coordinates":[127.4124867,38.2497986]},"properties":{"id":1153,"name":"장수대교","detail":"청양초교 뒤","province":"강원특별자치도","district":"철원군","town":"김화읍","address":"강원특별자치도 철원군 김화읍 청양리","placeType":"하천","management":"위험지역","manageCode":"3","sectionM":"100.0","riskSectionM":"60.0","depthAvg":"1.0","depthMax":"2.0","accidents":"1","safetyAction":"물놀이 위험구역 표지판 설치","note":null,"equipment":{"total":3,"sign":3,"rescueBox":0,"vest":0,"buoy":0,"rope":0,"pole":0},"staff":null,"coordinateCorrected":false,"sourceYear":2025}},{"type":"Feature","geometry":{"type":"Point","coordinates":[127.7606161,38.1229187]},"properties":{"id":1154,"name":"딴산유원지","detail":"딴산유원지","province":"강원특별자치도","district":"화천군","town":"화천읍","address":"강원특별자치도 화천군 화천읍 대이리 468-5","placeType":"하천","management":"위험지역","manageCode":"3","sectionM":"150.0","riskSectionM":"150.0","depthAvg":"2.0","depthMax":"4.0","accidents":"0","safetyAction":"위험구역 설정 후 통제","note":null,"equipment":{"total":18,"sign":2,"rescueBox":2,"vest":4,"buoy":4,"rope":4,"pole":0},"staff":null,"coordinateCorrected":false,"sourceYear":2025}},{"type":"Feature","geometry":{"type":"Point","coordinates":[127.6557954,38.0713674]},"properties":{"id":1155,"name":"쿵덕쿵 바위","detail":"쿵덕쿵 바위","province":"강원특별자치도","district":"화천군","town":"하남면","address":"강원특별자치도 화천군 하남면 계성리 90-2","placeType":"하천","management":"위험지역","manageCode":"3","sectionM":"40.0","riskSectionM":"40.0","depthAvg":"2.0","depthMax":"4.0","accidents":"0","safetyAction":"위험구역 설정 후 통제","note":null,"equipment":{"total":11,"sign":1,"rescueBox":0,"vest":2,"buoy":2,"rope":2,"pole":1},"staff":null,"coordinateCorrected":false,"sourceYear":2025}},{"type":"Feature","geometry":{"type":"Point","coordinates":[127.6625544,38.2062637]},"properties":{"id":1156,"name":"풍천말교","detail":"풍천말교","province":"강원특별자치도","district":"화천군","town":"상서면","address":"강원특별자치도 화천군 상서면 산양리  505-42","placeType":"하천","management":"위험지역","manageCode":"3","sectionM":"70.0","riskSectionM":"70.0","depthAvg":"1.0","depthMax":"2.0","accidents":"0","safetyAction":"위험구역 설정 후 통제","note":null,"equipment":{"total":6,"sign":1,"rescueBox":1,"vest":1,"buoy":1,"rope":1,"pole":0},"staff":null,"coordinateCorrected":false,"sourceYear":2025}},{"type":"Feature","geometry":{"type":"Point","coordinates":[127.5544214,38.0563795]},"properties":{"id":1157,"name":"용담계곡","detail":"용담계곡","province":"강원특별자치도","district":"화천군","town":"사내면","address":"강원특별자치도 화천군 사내면 용담리 913","placeType":"계곡","management":"위험지역","manageCode":"3","sectionM":"3000.0","riskSectionM":"3000.0","depthAvg":"1.0","depthMax":"3.0","accidents":"0","safetyAction":"위험구역 설정 후 통제","note":null,"equipment":{"total":55,"sign":16,"rescueBox":9,"vest":10,"buoy":10,"rope":10,"pole":0},"staff":null,"coordinateCorrected":false,"sourceYear":2025}},{"type":"Feature","geometry":{"type":"Point","coordinates":[127.9518551,38.2073803]},"properties":{"id":1158,"name":"직연폭포","detail":"직연폭포","province":"강원특별자치도","district":"양구군","town":"방산면","address":"강원특별자치도 양구군 방산면 양구군 방산면 장평리 344","placeType":"하천","management":"위험지역","manageCode":"3","sectionM":"500.0","riskSectionM":"100.0","depthAvg":"2.0","depthMax":"4.0","accidents":"0","safetyAction":"표지판 및 안전선 설치","note":null,"equipment":{"total":17,"sign":5,"rescueBox":2,"vest":3,"buoy":3,"rope":3,"pole":0},"staff":null,"coordinateCorrected":false,"sourceYear":2025}},{"type":"Feature","geometry":{"type":"Point","coordinates":[128.215522,38.0346746]},"properties":{"id":1159,"name":"내린천래프팅","detail":"밤골유원지 인근","province":"강원특별자치도","district":"인제군","town":"인제읍","address":"강원특별자치도 인제군 인제읍 고사리 236-6번지","placeType":"하천","management":"위험지역","manageCode":"3","sectionM":"1000.0","riskSectionM":"3000.0","depthAvg":"2.5","depthMax":"3.0","accidents":"0","safetyAction":null,"note":null,"equipment":{"total":16,"sign":2,"rescueBox":1,"vest":5,"buoy":5,"rope":1,"pole":0},"staff":null,"coordinateCorrected":false,"sourceYear":2025}},{"type":"Feature","geometry":{"type":"Point","coordinates":[128.2055442,38.1547359]},"properties":{"id":1161,"name":"신교대 뒤","detail":"신교대 뒤(기존간이함)","province":"강원특별자치도","district":"인제군","town":"북  면","address":"강원특별자치도 인제군 북  면 월학리 477-12","placeType":"하천","management":"위험지역","manageCode":"3","sectionM":"1700.0","riskSectionM":"1100.0","depthAvg":"1.5","depthMax":"2.5","accidents":"1","safetyAction":null,"note":null,"equipment":{"total":2,"sign":2,"rescueBox":0,"vest":0,"buoy":0,"rope":0,"pole":0},"staff":null,"coordinateCorrected":false,"sourceYear":2025}},{"type":"Feature","geometry":{"type":"Point","coordinates":[128.3214551,38.1923052]},"properties":{"id":1162,"name":"오토캠핑장","detail":"백담오토캠프촌 앞","province":"강원특별자치도","district":"인제군","town":"북  면","address":"강원특별자치도 인제군 북  면 용대리 1089-1","placeType":"하천","management":"위험지역","manageCode":"3","sectionM":"800.0","riskSectionM":"800.0","depthAvg":"2.0","depthMax":"2.5","accidents":"2","safetyAction":null,"note":null,"equipment":{"total":0,"sign":0,"rescueBox":0,"vest":0,"buoy":0,"rope":0,"pole":0},"staff":null,"coordinateCorrected":false,"sourceYear":2025}},{"type":"Feature","geometry":{"type":"Point","coordinates":[128.4071809,37.9633468]},"properties":{"id":1165,"name":"연가리민박앞","detail":"연가리민박앞","province":"강원특별자치도","district":"인제군","town":"기린면","address":"강원특별자치도 인제군 기린면 진동1리 655-1번지","placeType":"하천","management":"위험지역","manageCode":"3","sectionM":"310.0","riskSectionM":"250.0","depthAvg":"2.5","depthMax":"4.0","accidents":"0","safetyAction":null,"note":null,"equipment":{"total":3,"sign":1,"rescueBox":1,"vest":0,"buoy":0,"rope":1,"pole":0},"staff":null,"coordinateCorrected":false,"sourceYear":2025}},{"type":"Feature","geometry":{"type":"Point","coordinates":[128.2206454,37.9125349]},"properties":{"id":1166,"name":"미산계곡","detail":"예슬이네","province":"강원특별자치도","district":null,"town":"인제군","address":"강원특별자치도  인제군 상남면","placeType":"하천","management":"위험지역","manageCode":"3","sectionM":"0.0","riskSectionM":"200.0","depthAvg":"1.5","depthMax":"4.0","accidents":"1","safetyAction":null,"note":null,"equipment":{"total":8,"sign":3,"rescueBox":1,"vest":1,"buoy":0,"rope":1,"pole":1},"staff":null,"coordinateCorrected":false,"sourceYear":2025}},{"type":"Feature","geometry":{"type":"Point","coordinates":[128.3781965,38.3303842]},"properties":{"id":1167,"name":"장신유원지","detail":"장신2교 아래","province":"강원특별자치도","district":"고성군","town":"간성읍","address":"강원특별자치도 고성군 간성읍 장신리 513","placeType":"하천","management":"위험지역","manageCode":"3","sectionM":"300.0","riskSectionM":"50.0","depthAvg":"1.0","depthMax":"2.0","accidents":"1","safetyAction":"안전관리요원 배치 통제 및 부표설치","note":null,"equipment":{"total":22,"sign":3,"rescueBox":2,"vest":4,"buoy":4,"rope":5,"pole":0},"staff":null,"coordinateCorrected":false,"sourceYear":2025}},{"type":"Feature","geometry":{"type":"Point","coordinates":[128.6021265,38.0284706]},"properties":{"id":1169,"name":"수리보 밤나무집","detail":"수리2교위(밤나무골)","province":"강원특별자치도","district":"양양군","town":"서면","address":"강원특별자치도 양양군 서면 수리 300","placeType":"하천","management":"위험지역","manageCode":"3","sectionM":"100.0","riskSectionM":"50.0","depthAvg":"1.0","depthMax":"1.5","accidents":"0","safetyAction":null,"note":null,"equipment":{"total":8,"sign":1,"rescueBox":1,"vest":2,"buoy":1,"rope":1,"pole":0},"staff":null,"coordinateCorrected":false,"sourceYear":2025}},{"type":"Feature","geometry":{"type":"Point","coordinates":[128.6052384,38.0559035]},"properties":{"id":1170,"name":"용천보","detail":"용천보위","province":"강원특별자치도","district":"양양군","town":"서면","address":"강원특별자치도 양양군 서면 용천리 540-3","placeType":"하천","management":"위험지역","manageCode":"3","sectionM":"100.0","riskSectionM":"30.0","depthAvg":"1.0","depthMax":"2.0","accidents":"0","safetyAction":null,"note":null,"equipment":{"total":8,"sign":1,"rescueBox":1,"vest":2,"buoy":1,"rope":1,"pole":0},"staff":null,"coordinateCorrected":false,"sourceYear":2025}},{"type":"Feature","geometry":{"type":"Point","coordinates":[128.587873,38.0671701]},"properties":{"id":1172,"name":"상평보","detail":"넓적바위","province":"강원특별자치도","district":"양양군","town":"서면","address":"강원특별자치도 양양군 서면 상평리 164-1","placeType":"하천","management":"위험지역","manageCode":"3","sectionM":"100.0","riskSectionM":"20.0","depthAvg":"1.5","depthMax":"2.5","accidents":"0","safetyAction":null,"note":null,"equipment":{"total":7,"sign":1,"rescueBox":0,"vest":2,"buoy":1,"rope":1,"pole":0},"staff":null,"coordinateCorrected":false,"sourceYear":2025}},{"type":"Feature","geometry":{"type":"Point","coordinates":[128.538196,37.9977312]},"properties":{"id":1173,"name":"영덕리 야영장","detail":"한별마을캠핑장","province":"강원특별자치도","district":"양양군","town":"서면","address":"강원특별자치도 양양군 서면 영덕리 472","placeType":"하천","management":"위험지역","manageCode":"3","sectionM":"100.0","riskSectionM":"40.0","depthAvg":"2.0","depthMax":"2.5","accidents":"4","safetyAction":null,"note":null,"equipment":{"total":13,"sign":1,"rescueBox":1,"vest":5,"buoy":2,"rope":2,"pole":0},"staff":null,"coordinateCorrected":false,"sourceYear":2025}},{"type":"Feature","geometry":{"type":"Point","coordinates":[128.5604424,38.0367272]},"properties":{"id":1174,"name":"와바캠프앞","detail":"와바캠프앞","province":"강원특별자치도","district":"양양군","town":"서면","address":"강원특별자치도 양양군 서면 공수전리 111-1","placeType":"하천","management":"위험지역","manageCode":"3","sectionM":"200.0","riskSectionM":"80.0","depthAvg":"1.7","depthMax":"2.5","accidents":"2","safetyAction":null,"note":null,"equipment":{"total":10,"sign":1,"rescueBox":1,"vest":2,"buoy":2,"rope":2,"pole":0},"staff":null,"coordinateCorrected":false,"sourceYear":2025}},{"type":"Feature","geometry":{"type":"Point","coordinates":[127.6984373,36.6104336]},"properties":{"id":1175,"name":"용소계곡","detail":"용소펜션앞","province":"충청북도","district":"청주시 상당구","town":"미원면","address":"충청북도 청주시 상당구 미원면 옥화리 84-2","placeType":"하천","management":"위험지역","manageCode":"3","sectionM":"550.0","riskSectionM":"150.0","depthAvg":"1.0","depthMax":"5.0","accidents":"0","safetyAction":"위험구역 설정 후 통제","note":null,"equipment":{"total":66,"sign":5,"rescueBox":3,"vest":45,"buoy":6,"rope":6,"pole":0},"staff":null,"coordinateCorrected":false,"sourceYear":2025}},{"type":"Feature","geometry":{"type":"Point","coordinates":[127.7011369,36.6150258]},"properties":{"id":1176,"name":"천경대","detail":"옥화대~용소계곡사이","province":"충청북도","district":"청주시 상당구","town":"미원면","address":"충청북도 청주시 상당구 미원면 옥화리 122","placeType":"하천","management":"위험지역","manageCode":"3","sectionM":"300.0","riskSectionM":"100.0","depthAvg":"1.0","depthMax":"3.0","accidents":"0","safetyAction":"위험구역 설정 후 통제","note":null,"equipment":{"total":45,"sign":2,"rescueBox":1,"vest":37,"buoy":2,"rope":2,"pole":0},"staff":null,"coordinateCorrected":false,"sourceYear":2025}},{"type":"Feature","geometry":{"type":"Point","coordinates":[127.7033997,36.6172379]},"properties":{"id":1177,"name":"옥화대","detail":"유령뜰앞","province":"충청북도","district":"청주시 상당구","town":"미원면","address":"충청북도 청주시 상당구 미원면 옥화리 153-3","placeType":"하천","management":"위험지역","manageCode":"3","sectionM":"590.0","riskSectionM":"400.0","depthAvg":"1.0","depthMax":"3.0","accidents":"0","safetyAction":"위험구역 설정 후 통제","note":null,"equipment":{"total":18,"sign":2,"rescueBox":2,"vest":5,"buoy":4,"rope":4,"pole":0},"staff":null,"coordinateCorrected":false,"sourceYear":2025}},{"type":"Feature","geometry":{"type":"Point","coordinates":[127.7543316,36.6107676]},"properties":{"id":1178,"name":"어암계곡","detail":"어암리산촌생태마을 주변","province":"충청북도","district":"청주시 상당구","town":"미원면","address":"충청북도 청주시 상당구 미원면 어암리 37","placeType":"하천","management":"위험지역","manageCode":"3","sectionM":"620.0","riskSectionM":"400.0","depthAvg":"2.0","depthMax":"3.0","accidents":"0","safetyAction":"위험구역 설정 후 통제","note":null,"equipment":{"total":54,"sign":3,"rescueBox":4,"vest":32,"buoy":7,"rope":7,"pole":0},"staff":null,"coordinateCorrected":false,"sourceYear":2025}},{"type":"Feature","geometry":{"type":"Point","coordinates":[127.4414027,36.4537696]},"properties":{"id":1179,"name":"노산배터","detail":"대청댐 하류","province":"충청북도","district":"청주시 서원구","town":"현도면","address":"충청북도 청주시 서원구 현도면 노산리 568-11","placeType":"하천","management":"위험지역","manageCode":"3","sectionM":"320.0","riskSectionM":"160.0","depthAvg":"3.0","depthMax":"5.0","accidents":"0","safetyAction":"위험구역 설정 후 통제","note":null,"equipment":{"total":13,"sign":1,"rescueBox":1,"vest":6,"buoy":2,"rope":2,"pole":0},"staff":null,"coordinateCorrected":false,"sourceYear":2025}},{"type":"Feature","geometry":{"type":"Point","coordinates":[127.9237844,36.9048036]},"properties":{"id":1180,"name":"수주팔봉유원지","detail":"폭포수 낙하지역","province":"충청북도","district":"충주시","town":"대소원면","address":"충청북도 충주시 대소원면 문주리 844","placeType":"하천","management":"위험지역","manageCode":"3","sectionM":"600.0","riskSectionM":"50.0","depthAvg":"1.0","depthMax":"2.0","accidents":"0","safetyAction":"부표설치 등 완전 통제","note":null,"equipment":{"total":218,"sign":3,"rescueBox":0,"vest":200,"buoy":5,"rope":5,"pole":0},"staff":null,"coordinateCorrected":false,"sourceYear":2025}},{"type":"Feature","geometry":{"type":"Point","coordinates":[128.0310311,37.0701192]},"properties":{"id":1181,"name":"삼탄유원지","detail":"축구장 앞 급류지역","province":"충청북도","district":"충주시","town":"산척면","address":"충청북도 충주시 산척면 명서리 477-1","placeType":"하천","management":"위험지역","manageCode":"3","sectionM":"300.0","riskSectionM":"50.0","depthAvg":"1.0","depthMax":"2.0","accidents":"1","safetyAction":"부표설치 등 완전 통제","note":null,"equipment":{"total":171,"sign":4,"rescueBox":2,"vest":150,"buoy":5,"rope":5,"pole":0},"staff":null,"coordinateCorrected":false,"sourceYear":2025}},{"type":"Feature","geometry":{"type":"Point","coordinates":[128.1007273,37.1113776]},"properties":{"id":1182,"name":"탁사정","detail":"길상휴게소 앞","province":"충청북도","district":"제천시","town":"봉양읍","address":"충청북도 제천시 봉양읍","placeType":"하천","management":"위험지역","manageCode":"3","sectionM":"100.0","riskSectionM":"50.0","depthAvg":"1.0","depthMax":"5.0","accidents":"1","safetyAction":"완전통제 (통제선 구분)","note":null,"equipment":{"total":1,"sign":1,"rescueBox":0,"vest":0,"buoy":0,"rope":0,"pole":0},"staff":null,"coordinateCorrected":false,"sourceYear":2025}},{"type":"Feature","geometry":{"type":"Point","coordinates":[128.1355093,37.0214369]},"properties":{"id":1183,"name":"취적대","detail":"도화동펜션에서 별가람펜션방향 270m","province":"충청북도","district":"제천시","town":"청풍면","address":"충청북도 제천시 청풍면","placeType":"계곡","management":"위험지역","manageCode":"3","sectionM":"30.0","riskSectionM":"20.0","depthAvg":"2.0","depthMax":"3.0","accidents":"0","safetyAction":"위험구역 설정 후 통제","note":null,"equipment":{"total":18,"sign":2,"rescueBox":1,"vest":2,"buoy":3,"rope":3,"pole":0},"staff":null,"coordinateCorrected":false,"sourceYear":2025}},{"type":"Feature","geometry":{"type":"Point","coordinates":[127.6903915,36.5669392]},"properties":{"id":1184,"name":"양지마을세월교","detail":"양지마을세월교 주변","province":"충청북도","district":"보은군","town":"산외면","address":"충청북도 보은군 산외면 산외면 중티리 340-2 일원","placeType":"하천","management":"위험지역","manageCode":"3","sectionM":"0.0","riskSectionM":"50.0","depthAvg":"2.0","depthMax":"3.0","accidents":"0","safetyAction":"표지판 설치 통제 및 현수막 게시","note":null,"equipment":{"total":3,"sign":3,"rescueBox":0,"vest":0,"buoy":0,"rope":0,"pole":0},"staff":null,"coordinateCorrected":false,"sourceYear":2025}},{"type":"Feature","geometry":{"type":"Point","coordinates":[127.7011072,36.5572796]},"properties":{"id":1185,"name":"봉계터널아래","detail":"봉계터널아래","province":"충청북도","district":"보은군","town":"산외면","address":"충청북도 보은군 산외면 산외면 길탕리 423-27 일원","placeType":"하천","management":"위험지역","manageCode":"3","sectionM":"0.0","riskSectionM":"40.0","depthAvg":"1.0","depthMax":"2.0","accidents":"1","safetyAction":"표지판 설치 통제 및 현수막 게시","note":null,"equipment":{"total":8,"sign":8,"rescueBox":0,"vest":0,"buoy":0,"rope":0,"pole":0},"staff":null,"coordinateCorrected":false,"sourceYear":2025}},{"type":"Feature","geometry":{"type":"Point","coordinates":[127.7587615,36.5706667]},"properties":{"id":1186,"name":"장갑교","detail":"장갑교 상류 150m 지점","province":"충청북도","district":"보은군","town":"산외면","address":"충청북도 보은군 산외면 산외면 장갑리 523 일원","placeType":"하천","management":"위험지역","manageCode":"3","sectionM":"0.0","riskSectionM":"60.0","depthAvg":"1.0","depthMax":"2.0","accidents":"0","safetyAction":"표지판 설치 통제 및 현수막 게시","note":null,"equipment":{"total":2,"sign":2,"rescueBox":0,"vest":0,"buoy":0,"rope":0,"pole":0},"staff":null,"coordinateCorrected":false,"sourceYear":2025}},{"type":"Feature","geometry":{"type":"Point","coordinates":[127.6711676,36.2403593]},"properties":{"id":1187,"name":"이원대교","detail":"백지리 320-5","province":"충청북도","district":"옥천군","town":"이원면","address":"충청북도 옥천군 이원면 백지리 320-5","placeType":"하천","management":"위험지역","manageCode":"3","sectionM":"120.0","riskSectionM":"20.0","depthAvg":"1.0","depthMax":"3.0","accidents":"1","safetyAction":"표지판 설치 통제","note":null,"equipment":{"total":28,"sign":4,"rescueBox":2,"vest":6,"buoy":6,"rope":6,"pole":0},"staff":null,"coordinateCorrected":false,"sourceYear":2025}},{"type":"Feature","geometry":{"type":"Point","coordinates":[127.6473391,36.2760756]},"properties":{"id":1188,"name":"올목","detail":"적하리 311","province":"충청북도","district":"옥천군","town":"동이면","address":"충청북도 옥천군 동이면 적하리 321-1번지 일원","placeType":"하천","management":"위험지역","manageCode":"3","sectionM":"330.0","riskSectionM":"30.0","depthAvg":"2.0","depthMax":"4.0","accidents":"0","safetyAction":"표지판 설치 통제","note":null,"equipment":{"total":32,"sign":2,"rescueBox":1,"vest":12,"buoy":12,"rope":2,"pole":0},"staff":null,"coordinateCorrected":false,"sourceYear":2025}},{"type":"Feature","geometry":{"type":"Point","coordinates":[127.9047716,36.230596]},"properties":{"id":1189,"name":"장다리","detail":"장다리","province":"충청북도","district":"영동군","town":"황간면","address":"충청북도 영동군 황간면 남성리 622-3","placeType":"하천","management":"위험지역","manageCode":"3","sectionM":"100.0","riskSectionM":"50.0","depthAvg":"3.0","depthMax":"4.0","accidents":"0","safetyAction":"표지판 설치 통제","note":null,"equipment":{"total":9,"sign":5,"rescueBox":1,"vest":1,"buoy":1,"rope":1,"pole":0},"staff":null,"coordinateCorrected":false,"sourceYear":2025}},{"type":"Feature","geometry":{"type":"Point","coordinates":[127.6776123,36.1309043]},"properties":{"id":1190,"name":"송호관광지 용바위","detail":"용바위좌우30m구간","province":"충청북도","district":"영동군","town":"양산면","address":"충청북도 영동군 양산면 송호리 280","placeType":"하천","management":"위험지역","manageCode":"3","sectionM":"200.0","riskSectionM":"60.0","depthAvg":"3.0","depthMax":"5.0","accidents":"1","safetyAction":"표지판 설치 통제","note":null,"equipment":{"total":9,"sign":1,"rescueBox":2,"vest":2,"buoy":2,"rope":2,"pole":0},"staff":null,"coordinateCorrected":false,"sourceYear":2025}},{"type":"Feature","geometry":{"type":"Point","coordinates":[127.5233287,36.8483001]},"properties":{"id":1191,"name":"매박골","detail":"용정교 밑, 호숫가의풍경펜션 주변","province":"충청북도","district":"진천군","town":"초평면","address":"충청북도 진천군 초평면 용정리 651-1","placeType":"하천","management":"위험지역","manageCode":"3","sectionM":"0.0","riskSectionM":"500.0","depthAvg":"2.0","depthMax":"4.0","accidents":"0","safetyAction":"표지판 설치 통제","note":null,"equipment":{"total":14,"sign":2,"rescueBox":2,"vest":4,"buoy":2,"rope":4,"pole":0},"staff":null,"coordinateCorrected":false,"sourceYear":2025}},{"type":"Feature","geometry":{"type":"Point","coordinates":[127.5271468,36.8366784]},"properties":{"id":1193,"name":"지전교","detail":"지전교 밑","province":"충청북도","district":"진천군","town":"초평면","address":"충청북도 진천군 초평면 용정리 61-1","placeType":"하천","management":"위험지역","manageCode":"3","sectionM":"0.0","riskSectionM":"500.0","depthAvg":"2.0","depthMax":"4.0","accidents":"0","safetyAction":"표지판 설치 통제","note":null,"equipment":{"total":8,"sign":1,"rescueBox":2,"vest":2,"buoy":1,"rope":2,"pole":0},"staff":null,"coordinateCorrected":false,"sourceYear":2025}},{"type":"Feature","geometry":{"type":"Point","coordinates":[127.5293386,36.8523749]},"properties":{"id":1194,"name":"쓰레골","detail":"금곡교 하류 0.6KM 주변","province":"충청북도","district":"진천군","town":"초평면","address":"충청북도 진천군 초평면 금곡리 466","placeType":"하천","management":"위험지역","manageCode":"3","sectionM":"0.0","riskSectionM":"100.0","depthAvg":"2.0","depthMax":"3.0","accidents":"0","safetyAction":"표지판 설치 통제","note":null,"equipment":{"total":7,"sign":1,"rescueBox":1,"vest":2,"buoy":1,"rope":2,"pole":0},"staff":null,"coordinateCorrected":false,"sourceYear":2025}},{"type":"Feature","geometry":{"type":"Point","coordinates":[127.4845232,36.7867685]},"properties":{"id":1195,"name":"소두머니","detail":"은탄교 상류 1KM주변","province":"충청북도","district":"진천군","town":"초평면","address":"충청북도 진천군 초평면 연담리 394-60","placeType":"하천","management":"위험지역","manageCode":"3","sectionM":"0.0","riskSectionM":"500.0","depthAvg":"2.0","depthMax":"4.0","accidents":"0","safetyAction":"표지판 설치 통제","note":null,"equipment":{"total":7,"sign":1,"rescueBox":1,"vest":2,"buoy":1,"rope":2,"pole":0},"staff":null,"coordinateCorrected":false,"sourceYear":2025}},{"type":"Feature","geometry":{"type":"Point","coordinates":[127.4906314,36.8291373]},"properties":{"id":1196,"name":"농다리","detail":"농다리 주변","province":"충청북도","district":"진천군","town":"문백면","address":"충청북도 진천군 문백면 구산동리 135","placeType":"하천","management":"위험지역","manageCode":"3","sectionM":"0.0","riskSectionM":"200.0","depthAvg":"1.0","depthMax":"2.0","accidents":"0","safetyAction":"표지판 설치 통제","note":null,"equipment":{"total":6,"sign":2,"rescueBox":1,"vest":2,"buoy":1,"rope":0,"pole":0},"staff":null,"coordinateCorrected":false,"sourceYear":2025}},{"type":"Feature","geometry":{"type":"Point","coordinates":[127.8318657,36.8191507]},"properties":{"id":1197,"name":"제월대","detail":"제월대","province":"충청북도","district":"괴산군","town":"괴산읍","address":"충청북도 괴산군 괴산읍 제월리 59-15","placeType":"하천","management":"위험지역","manageCode":"3","sectionM":"0.0","riskSectionM":"50.0","depthAvg":"1.8","depthMax":"2.0","accidents":"0","safetyAction":"표지판 설치 통제","note":null,"equipment":{"total":1,"sign":1,"rescueBox":0,"vest":0,"buoy":0,"rope":0,"pole":0},"staff":null,"coordinateCorrected":false,"sourceYear":2025}},{"type":"Feature","geometry":{"type":"Point","coordinates":[127.8783653,36.8837091]},"properties":{"id":1198,"name":"조곡교","detail":"조곡교","province":"충청북도","district":"괴산군","town":"장연면","address":"충청북도 괴산군 장연면 조곡리 346","placeType":"하천","management":"위험지역","manageCode":"3","sectionM":"0.0","riskSectionM":"50.0","depthAvg":"2.0","depthMax":"3.0","accidents":"0","safetyAction":"표지판 설치 통제","note":null,"equipment":{"total":4,"sign":4,"rescueBox":0,"vest":0,"buoy":0,"rope":0,"pole":0},"staff":null,"coordinateCorrected":false,"sourceYear":2025}},{"type":"Feature","geometry":{"type":"Point","coordinates":[127.8117057,36.7256843]},"properties":{"id":1199,"name":"운교","detail":"운교","province":"충청북도","district":"괴산군","town":"청천면","address":"충청북도 괴산군 청천면 청천면 지촌리 399","placeType":"하천","management":"위험지역","manageCode":"3","sectionM":"0.0","riskSectionM":"30.0","depthAvg":"2.0","depthMax":"3.0","accidents":"0","safetyAction":"표지판 설치 통제","note":null,"equipment":{"total":8,"sign":8,"rescueBox":0,"vest":0,"buoy":0,"rope":0,"pole":0},"staff":null,"coordinateCorrected":false,"sourceYear":2025}},{"type":"Feature","geometry":{"type":"Point","coordinates":[127.7978673,36.7195098]},"properties":{"id":1200,"name":"거봉교","detail":"거봉교","province":"충청북도","district":"괴산군","town":"청천면","address":"충청북도 괴산군 청천면 청천면 거봉리 17-1","placeType":"하천","management":"위험지역","manageCode":"3","sectionM":"0.0","riskSectionM":"30.0","depthAvg":"2.0","depthMax":"3.0","accidents":"0","safetyAction":"표지판 설치 통제","note":null,"equipment":{"total":2,"sign":2,"rescueBox":0,"vest":0,"buoy":0,"rope":0,"pole":0},"staff":null,"coordinateCorrected":false,"sourceYear":2025}},{"type":"Feature","geometry":{"type":"Point","coordinates":[127.8105592,36.705026]},"properties":{"id":1201,"name":"후영교","detail":"후영교","province":"충청북도","district":"괴산군","town":"청천면","address":"충청북도 괴산군 청천면 청천면 후영리 59-2","placeType":"하천","management":"위험지역","manageCode":"3","sectionM":"0.0","riskSectionM":"30.0","depthAvg":"2.0","depthMax":"3.0","accidents":"0","safetyAction":"표지판 설치 통제","note":null,"equipment":{"total":3,"sign":3,"rescueBox":0,"vest":0,"buoy":0,"rope":0,"pole":0},"staff":null,"coordinateCorrected":false,"sourceYear":2025}},{"type":"Feature","geometry":{"type":"Point","coordinates":[128.5388787,37.0300996]},"properties":{"id":1208,"name":"군간대교 남한강","detail":"군간대교 남한강변","province":"충청북도","district":"단양군","town":"영춘면","address":"충청북도 단양군 영춘면","placeType":"하천","management":"위험지역","manageCode":"3","sectionM":"4860.0","riskSectionM":"4860.0","depthAvg":"5.0","depthMax":"15.0","accidents":"2","safetyAction":"표지판 설치 통제","note":null,"equipment":{"total":4,"sign":4,"rescueBox":0,"vest":0,"buoy":0,"rope":0,"pole":0},"staff":null,"coordinateCorrected":false,"sourceYear":2025}},{"type":"Feature","geometry":{"type":"Point","coordinates":[128.4133631,37.0498184]},"properties":{"id":1209,"name":"향산리 남한강변","detail":"향산리 남한강변","province":"충청북도","district":"단양군","town":"가곡면","address":"충청북도 단양군 가곡면","placeType":"하천","management":"위험지역","manageCode":"3","sectionM":"3850.0","riskSectionM":"3850.0","depthAvg":"3.0","depthMax":"10.0","accidents":"0","safetyAction":"표지판 설치 통제","note":null,"equipment":{"total":5,"sign":5,"rescueBox":0,"vest":0,"buoy":0,"rope":0,"pole":0},"staff":null,"coordinateCorrected":false,"sourceYear":2025}},{"type":"Feature","geometry":{"type":"Point","coordinates":[128.4133631,37.0498184]},"properties":{"id":1210,"name":"가대리 남한강변","detail":"가대리 남한강변","province":"충청북도","district":"단양군","town":"가곡면","address":"충청북도 단양군 가곡면","placeType":"하천","management":"위험지역","manageCode":"3","sectionM":"5300.0","riskSectionM":"5300.0","depthAvg":"3.0","depthMax":"6.0","accidents":"0","safetyAction":"표지판 설치 통제","note":null,"equipment":{"total":6,"sign":6,"rescueBox":0,"vest":0,"buoy":0,"rope":0,"pole":0},"staff":null,"coordinateCorrected":false,"sourceYear":2025}},{"type":"Feature","geometry":{"type":"Point","coordinates":[128.4133631,37.0498184]},"properties":{"id":1211,"name":"덕천리 남한강변","detail":"덕천리 남한강변","province":"충청북도","district":"단양군","town":"가곡면","address":"충청북도 단양군 가곡면","placeType":"하천","management":"위험지역","manageCode":"3","sectionM":"6490.0","riskSectionM":"6490.0","depthAvg":"3.0","depthMax":"10.0","accidents":"0","safetyAction":"표지판 설치 통제","note":null,"equipment":{"total":3,"sign":3,"rescueBox":0,"vest":0,"buoy":0,"rope":0,"pole":0},"staff":null,"coordinateCorrected":false,"sourceYear":2025}},{"type":"Feature","geometry":{"type":"Point","coordinates":[128.3854595,36.9953475]},"properties":{"id":1212,"name":"수변무대 남한강변","detail":"별곡체육공원→상진대교","province":"충청북도","district":"단양군","town":"단양읍","address":"충청북도 단양군 단양읍","placeType":"하천","management":"위험지역","manageCode":"3","sectionM":"6910.0","riskSectionM":"6910.0","depthAvg":"3.0","depthMax":"10.0","accidents":"0","safetyAction":"표지판 설치 통제","note":null,"equipment":{"total":6,"sign":6,"rescueBox":0,"vest":0,"buoy":0,"rope":0,"pole":0},"staff":null,"coordinateCorrected":false,"sourceYear":2025}},{"type":"Feature","geometry":{"type":"Point","coordinates":[128.2933176,37.0170926]},"properties":{"id":1213,"name":"애곡리 남한강","detail":"애곡리 남한강변","province":"충청북도","district":"단양군","town":"적성면","address":"충청북도 단양군 적성면","placeType":"하천","management":"위험지역","manageCode":"3","sectionM":"4760.0","riskSectionM":"4760.0","depthAvg":"3.0","depthMax":"15.0","accidents":"0","safetyAction":"표지판 설치 통제","note":null,"equipment":{"total":2,"sign":2,"rescueBox":0,"vest":0,"buoy":0,"rope":0,"pole":0},"staff":null,"coordinateCorrected":false,"sourceYear":2025}},{"type":"Feature","geometry":{"type":"Point","coordinates":[128.3227684,36.8865161]},"properties":{"id":1214,"name":"상방리 남한강","detail":"상방리 남한강변","province":"충청북도","district":"단양군","town":"단성면","address":"충청북도 단양군 단성면","placeType":"하천","management":"위험지역","manageCode":"3","sectionM":"4680.0","riskSectionM":"4680.0","depthAvg":"3.0","depthMax":"15.0","accidents":"0","safetyAction":"표지판 설치 통제","note":null,"equipment":{"total":2,"sign":2,"rescueBox":0,"vest":0,"buoy":0,"rope":0,"pole":0},"staff":null,"coordinateCorrected":false,"sourceYear":2025}},{"type":"Feature","geometry":{"type":"Point","coordinates":[128.5388787,37.0300996]},"properties":{"id":1215,"name":"의풍리 산55-1","detail":"의풍리 남항강변","province":"충청북도","district":"단양군","town":"영춘면","address":"충청북도 단양군 영춘면","placeType":"하천","management":"위험지역","manageCode":"3","sectionM":"3250.0","riskSectionM":"3250.0","depthAvg":"3.0","depthMax":"5.0","accidents":"1","safetyAction":"표지판 설치 통제","note":null,"equipment":{"total":2,"sign":2,"rescueBox":0,"vest":0,"buoy":0,"rope":0,"pole":0},"staff":null,"coordinateCorrected":false,"sourceYear":2025}},{"type":"Feature","geometry":{"type":"Point","coordinates":[127.2713324,36.8307394]},"properties":{"id":1216,"name":"병천천","detail":"오곡1교 하단 300m","province":"충청남도","district":"천안시","town":"북면","address":"충청남도 천안시 북면 오곡리 411-8일원","placeType":"하천","management":"위험지역","manageCode":"3","sectionM":"500.0","riskSectionM":"40.0","depthAvg":"1.0","depthMax":"2.0","accidents":"1","safetyAction":"표지판 설치 통제","note":null,"equipment":{"total":68,"sign":18,"rescueBox":10,"vest":10,"buoy":10,"rope":10,"pole":0},"staff":null,"coordinateCorrected":false,"sourceYear":2025}},{"type":"Feature","geometry":{"type":"Point","coordinates":[126.992554,36.5128331]},"properties":{"id":1217,"name":"유구천","detail":"평화교 위 영정보 주변","province":"충청남도","district":"공주시","town":"신풍면","address":"충청남도 공주시 신풍면 영정리 307-1","placeType":"하천","management":"위험지역","manageCode":"3","sectionM":"50.0","riskSectionM":"30.0","depthAvg":"2.0","depthMax":"3.0","accidents":"0","safetyAction":"표지판 설치 통제","note":null,"equipment":{"total":14,"sign":2,"rescueBox":2,"vest":3,"buoy":3,"rope":4,"pole":0},"staff":null,"coordinateCorrected":false,"sourceYear":2025}},{"type":"Feature","geometry":{"type":"Point","coordinates":[127.0340393,36.4970307]},"properties":{"id":1218,"name":"유구천","detail":"화월보 주변","province":"충청남도","district":"공주시","town":"사곡면","address":"충청남도 공주시 사곡면 화월리 700-3","placeType":"하천","management":"위험지역","manageCode":"3","sectionM":"200.0","riskSectionM":"50.0","depthAvg":"2.0","depthMax":"5.0","accidents":"0","safetyAction":"표지판 설치 통제","note":null,"equipment":{"total":16,"sign":2,"rescueBox":2,"vest":4,"buoy":4,"rope":4,"pole":0},"staff":null,"coordinateCorrected":false,"sourceYear":2025}},{"type":"Feature","geometry":{"type":"Point","coordinates":[127.0478582,36.479344]},"properties":{"id":1219,"name":"유구천","detail":"통천포 주변","province":"충청남도","district":"공주시","town":"사곡면","address":"충청남도 공주시 사곡면 신영리 9-20","placeType":"하천","management":"위험지역","manageCode":"3","sectionM":"100.0","riskSectionM":"60.0","depthAvg":"2.0","depthMax":"4.0","accidents":"0","safetyAction":"표지판 설치 통제","note":null,"equipment":{"total":16,"sign":2,"rescueBox":2,"vest":4,"buoy":4,"rope":4,"pole":0},"staff":null,"coordinateCorrected":false,"sourceYear":2025}},{"type":"Feature","geometry":{"type":"Point","coordinates":[127.0638623,36.4681162]},"properties":{"id":1220,"name":"유구천","detail":"공주-서천간고속도로 교량밑 30m지점","province":"충청남도","district":"공주시","town":"우성면","address":"충청남도 공주시 우성면 동대리 7-12","placeType":"하천","management":"위험지역","manageCode":"3","sectionM":"200.0","riskSectionM":"20.0","depthAvg":"4.0","depthMax":"5.0","accidents":"1","safetyAction":"표지판 설치 통제","note":null,"equipment":{"total":8,"sign":1,"rescueBox":1,"vest":2,"buoy":2,"rope":2,"pole":0},"staff":null,"coordinateCorrected":false,"sourceYear":2025}},{"type":"Feature","geometry":{"type":"Point","coordinates":[127.0147135,36.5602567]},"properties":{"id":1221,"name":"마곡천","detail":"마곡사길 내 계곡","province":"충청남도","district":"공주시","town":"사곡면","address":"충청남도 공주시 사곡면 운암리 575-4","placeType":"산간계곡","management":"위험지역","manageCode":"3","sectionM":"200.0","riskSectionM":"40.0","depthAvg":"1.0","depthMax":"3.0","accidents":"1","safetyAction":"표지판 설치 통제","note":null,"equipment":{"total":16,"sign":2,"rescueBox":2,"vest":4,"buoy":4,"rope":4,"pole":0},"staff":null,"coordinateCorrected":false,"sourceYear":2025}},{"type":"Feature","geometry":{"type":"Point","coordinates":[127.979347,37.764175]},"properties":{"id":162,"name":"육십계단","detail":"육십계단","province":"강원특별자치도","district":"홍천군","town":"화촌면","address":"강원특별자치도 홍천군 화촌면 외삼포리 135-1","placeType":"하천","management":"일반지역","manageCode":"2","sectionM":"200.0","riskSectionM":null,"depthAvg":"1.0","depthMax":"2.0","accidents":"0","safetyAction":null,"note":null,"equipment":{"total":25,"sign":1,"rescueBox":1,"vest":10,"buoy":3,"rope":6,"pole":0},"staff":null,"coordinateCorrected":false,"sourceYear":2025}},{"type":"Feature","geometry":{"type":"Point","coordinates":[126.97423,36.5132528]},"properties":{"id":1222,"name":"유구천","detail":"수월암 주변","province":"충청남도","district":"공주시","town":"신풍면","address":"충청남도 공주시 신풍면 동원리 553-26","placeType":"하천","management":"위험지역","manageCode":"3","sectionM":"50.0","riskSectionM":"50.0","depthAvg":"2.0","depthMax":"3.0","accidents":"0","safetyAction":"표지판설치 및 안전관리요원 순찰","note":null,"equipment":{"total":10,"sign":1,"rescueBox":1,"vest":2,"buoy":2,"rope":4,"pole":0},"staff":null,"coordinateCorrected":false,"sourceYear":2025}},{"type":"Feature","geometry":{"type":"Point","coordinates":[127.5922165,36.1162503]},"properties":{"id":1223,"name":"금강","detail":"기러기공원(원골)","province":"충청남도","district":"금산군","town":"제원면","address":"충청남도 금산군 제원면 천내리 167(임) 앞 천","placeType":"하천","management":"위험지역","manageCode":"3","sectionM":"700.0","riskSectionM":"60.0","depthAvg":"1.0","depthMax":"4.0","accidents":"2","safetyAction":"표지판설치 및 안전관리요원 순찰","note":null,"equipment":{"total":48,"sign":10,"rescueBox":5,"vest":7,"buoy":7,"rope":7,"pole":7},"staff":null,"coordinateCorrected":false,"sourceYear":2025}},{"type":"Feature","geometry":{"type":"Point","coordinates":[127.8072488,37.7108084]},"properties":{"id":219,"name":"도사곡교 아래","detail":"도사곡교 상류","province":"강원특별자치도","district":"홍천군","town":"북방면","address":"강원특별자치도 홍천군 북방면 문들길 73-5","placeType":"하천","management":"일반지역","manageCode":"2","sectionM":"500.0","riskSectionM":null,"depthAvg":"2.0","depthMax":"3.0","accidents":"1","safetyAction":null,"note":null,"equipment":{"total":155,"sign":3,"rescueBox":1,"vest":140,"buoy":2,"rope":4,"pole":0},"staff":null,"coordinateCorrected":false,"sourceYear":2025}},{"type":"Feature","geometry":{"type":"Point","coordinates":[127.5676305,36.1109207]},"properties":{"id":1224,"name":"금강","detail":"난들 다리인근","province":"충청남도","district":"금산군","town":"제원면","address":"충청남도 금산군 제원면 천내리 1007(천)","placeType":"하천","management":"위험지역","manageCode":"3","sectionM":"700.0","riskSectionM":"60.0","depthAvg":"1.0","depthMax":"4.0","accidents":"0","safetyAction":"표지판설치 및 안전관리요원 순찰","note":null,"equipment":{"total":25,"sign":7,"rescueBox":2,"vest":3,"buoy":3,"rope":3,"pole":3},"staff":null,"coordinateCorrected":false,"sourceYear":2025}},{"type":"Feature","geometry":{"type":"Point","coordinates":[127.3811719,36.25816]},"properties":{"id":1225,"name":"유등천","detail":"구만마을 가마소","province":"충청남도","district":"금산군","town":"복수면","address":"충청남도 금산군 복수면 지량리 76-9","placeType":"하천","management":"위험지역","manageCode":"3","sectionM":"920.0","riskSectionM":"90.0","depthAvg":"1.0","depthMax":"4.0","accidents":"2","safetyAction":"표지판설치 및 안전관리요원 순찰","note":null,"equipment":{"total":44,"sign":5,"rescueBox":5,"vest":7,"buoy":7,"rope":7,"pole":7},"staff":null,"coordinateCorrected":false,"sourceYear":2025}},{"type":"Feature","geometry":{"type":"Point","coordinates":[127.3822411,36.2617209]},"properties":{"id":1226,"name":"유등천","detail":"구만마을 (물레방앗간 옆)","province":"충청남도","district":"금산군","town":"복수면","address":"충청남도 금산군 복수면 지량리 143-1","placeType":"하천","management":"위험지역","manageCode":"3","sectionM":"0.0","riskSectionM":"200.0","depthAvg":"1.0","depthMax":"4.0","accidents":"0","safetyAction":"표지판설치 및 안전관리요원 순찰","note":null,"equipment":{"total":34,"sign":4,"rescueBox":4,"vest":6,"buoy":6,"rope":6,"pole":6},"staff":null,"coordinateCorrected":false,"sourceYear":2025}},{"type":"Feature","geometry":{"type":"Point","coordinates":[126.8382235,36.3984533]},"properties":{"id":1227,"name":"돌보상부","detail":"돌보상부","province":"충청남도","district":"청양군","town":"대치면","address":"충청남도 청양군 대치면 장곡리 322-13","placeType":"하천","management":"위험지역","manageCode":"3","sectionM":"50.0","riskSectionM":"30.0","depthAvg":"2.0","depthMax":"3.0","accidents":"0","safetyAction":"인명구조함 설치","note":null,"equipment":{"total":10,"sign":1,"rescueBox":1,"vest":2,"buoy":2,"rope":2,"pole":1},"staff":null,"coordinateCorrected":false,"sourceYear":2025}},{"type":"Feature","geometry":{"type":"Point","coordinates":[126.849203,36.3975486]},"properties":{"id":1228,"name":"장곡교인근","detail":"장곡교인근","province":"충청남도","district":"청양군","town":"대치면","address":"충청남도 청양군 대치면 작천리136-2","placeType":"하천","management":"위험지역","manageCode":"3","sectionM":"100.0","riskSectionM":"50.0","depthAvg":"2.0","depthMax":"2.0","accidents":"0","safetyAction":"인명구조함 설치","note":null,"equipment":{"total":15,"sign":1,"rescueBox":2,"vest":4,"buoy":2,"rope":3,"pole":2},"staff":null,"coordinateCorrected":false,"sourceYear":2025}},{"type":"Feature","geometry":{"type":"Point","coordinates":[127.6195655,35.409436]},"properties":{"id":1229,"name":"산내계곡","detail":"털보가든 앞","province":"전북특별자치도","district":"남원시","town":"산내면","address":"전북특별자치도 남원시 산내면 입석리 726","placeType":"계곡","management":"위험지역","manageCode":"3","sectionM":"130.0","riskSectionM":"20.0","depthAvg":"1.0","depthMax":"2.0","accidents":"0","safetyAction":"부표 설치 통제","note":null,"equipment":{"total":1,"sign":1,"rescueBox":0,"vest":0,"buoy":0,"rope":0,"pole":0},"staff":null,"coordinateCorrected":false,"sourceYear":2025}},{"type":"Feature","geometry":{"type":"Point","coordinates":[127.618451,35.4078882]},"properties":{"id":1230,"name":"산내계곡","detail":"토비스야영장 앞","province":"전북특별자치도","district":"남원시","town":"산내면","address":"전북특별자치도 남원시 산내면 장항리 324-1","placeType":"계곡","management":"위험지역","manageCode":"3","sectionM":"130.0","riskSectionM":"20.0","depthAvg":"1.0","depthMax":"2.0","accidents":"0","safetyAction":"부표 설치 통제","note":null,"equipment":{"total":1,"sign":1,"rescueBox":0,"vest":0,"buoy":0,"rope":0,"pole":0},"staff":null,"coordinateCorrected":false,"sourceYear":2025}},{"type":"Feature","geometry":{"type":"Point","coordinates":[127.6078616,35.4003783]},"properties":{"id":1231,"name":"산내계곡","detail":"소윤정 펜션(구 평생가든)","province":"전북특별자치도","district":"남원시","town":"산내면","address":"전북특별자치도 남원시 산내면 내령리 90-2","placeType":"계곡","management":"위험지역","manageCode":"3","sectionM":"170.0","riskSectionM":"20.0","depthAvg":"1.0","depthMax":"2.0","accidents":"1","safetyAction":"부표 설치 통제","note":null,"equipment":{"total":1,"sign":1,"rescueBox":0,"vest":0,"buoy":0,"rope":0,"pole":0},"staff":null,"coordinateCorrected":false,"sourceYear":2025}},{"type":"Feature","geometry":{"type":"Point","coordinates":[127.5999115,35.3991653]},"properties":{"id":1232,"name":"산내계곡","detail":"천왕봉식당 앞(황해소)","province":"전북특별자치도","district":"남원시","town":"산내면","address":"전북특별자치도 남원시 산내면 내령리 414-3","placeType":"계곡","management":"위험지역","manageCode":"3","sectionM":"100.0","riskSectionM":"20.0","depthAvg":"2.0","depthMax":"2.0","accidents":"0","safetyAction":"부표 설치 통제","note":null,"equipment":{"total":1,"sign":1,"rescueBox":0,"vest":0,"buoy":0,"rope":0,"pole":0},"staff":null,"coordinateCorrected":false,"sourceYear":2025}},{"type":"Feature","geometry":{"type":"Point","coordinates":[127.5990147,35.3970456]},"properties":{"id":1233,"name":"산내계곡","detail":"빗기재폭포 아래","province":"전북특별자치도","district":"남원시","town":"산내면","address":"전북특별자치도 남원시 산내면 내령리 473","placeType":"계곡","management":"위험지역","manageCode":"3","sectionM":"100.0","riskSectionM":"20.0","depthAvg":"1.0","depthMax":"1.0","accidents":"0","safetyAction":"부표 설치 통제","note":null,"equipment":{"total":1,"sign":1,"rescueBox":0,"vest":0,"buoy":0,"rope":0,"pole":0},"staff":null,"coordinateCorrected":false,"sourceYear":2025}},{"type":"Feature","geometry":{"type":"Point","coordinates":[127.6442994,35.4121379]},"properties":{"id":1234,"name":"산내계곡","detail":"산내들펜션 앞","province":"전북특별자치도","district":"남원시","town":"산내면","address":"전북특별자치도 남원시 산내면 백일리 122","placeType":"계곡","management":"위험지역","manageCode":"3","sectionM":"160.0","riskSectionM":"20.0","depthAvg":"1.0","depthMax":"2.0","accidents":"0","safetyAction":"부표 설치 통제","note":null,"equipment":{"total":1,"sign":1,"rescueBox":0,"vest":0,"buoy":0,"rope":0,"pole":0},"staff":null,"coordinateCorrected":false,"sourceYear":2025}},{"type":"Feature","geometry":{"type":"Point","coordinates":[127.4871397,35.4890193]},"properties":{"id":1235,"name":"하천","detail":"고소암","province":"전북특별자치도","district":"남원시","town":"산동면","address":"전북특별자치도 남원시 산동면 대기리 404","placeType":"하천","management":"위험지역","manageCode":"3","sectionM":"160.0","riskSectionM":"20.0","depthAvg":"1.0","depthMax":"1.0","accidents":"0","safetyAction":"안전선 설치 통제","note":null,"equipment":{"total":1,"sign":1,"rescueBox":0,"vest":0,"buoy":0,"rope":0,"pole":0},"staff":null,"coordinateCorrected":false,"sourceYear":2025}},{"type":"Feature","geometry":{"type":"Point","coordinates":[127.484339,35.5041927]},"properties":{"id":1236,"name":"계곡","detail":"북치골계곡","province":"전북특별자치도","district":"남원시","town":"산동면","address":"전북특별자치도 남원시 산동면 대상리 1074","placeType":"계곡","management":"위험지역","manageCode":"3","sectionM":"50.0","riskSectionM":"10.0","depthAvg":"2.0","depthMax":"3.0","accidents":"1","safetyAction":"안전선 설치 통제","note":null,"equipment":{"total":1,"sign":1,"rescueBox":0,"vest":0,"buoy":0,"rope":0,"pole":0},"staff":null,"coordinateCorrected":false,"sourceYear":2025}},{"type":"Feature","geometry":{"type":"Point","coordinates":[127.2512367,35.9826003]},"properties":{"id":1237,"name":"대아관광농원","detail":"대아관광농원","province":"전북특별자치도","district":"완주군","town":"고산면","address":"전북특별자치도 완주군 고산면 소향리 880-73","placeType":"하천","management":"위험지역","manageCode":"3","sectionM":"100.0","riskSectionM":"70.0","depthAvg":"1.0","depthMax":"3.0","accidents":"1","safetyAction":"부표설치 일부구역 통제","note":null,"equipment":{"total":4,"sign":4,"rescueBox":0,"vest":0,"buoy":0,"rope":0,"pole":0},"staff":null,"coordinateCorrected":false,"sourceYear":2025}},{"type":"Feature","geometry":{"type":"Point","coordinates":[127.3117403,36.0964709]},"properties":{"id":1238,"name":"옥계천","detail":"옥계천","province":"전북특별자치도","district":"완주군","town":"운주면","address":"전북특별자치도 완주군 운주면 산북리 산 124","placeType":"계곡","management":"위험지역","manageCode":"3","sectionM":"30.0","riskSectionM":"20.0","depthAvg":"1.5","depthMax":"3.0","accidents":"0","safetyAction":"부표설치 일부구역 통제","note":null,"equipment":{"total":6,"sign":1,"rescueBox":0,"vest":2,"buoy":2,"rope":0,"pole":0},"staff":null,"coordinateCorrected":false,"sourceYear":2025}},{"type":"Feature","geometry":{"type":"Point","coordinates":[127.2958878,35.9612346]},"properties":{"id":1239,"name":"용소계곡","detail":"용소계곡","province":"전북특별자치도","district":"완주군","town":"동상면","address":"전북특별자치도 완주군 동상면 신월리 282-6","placeType":"계곡","management":"위험지역","manageCode":"3","sectionM":"100.0","riskSectionM":"20.0","depthAvg":"1.0","depthMax":"3.0","accidents":"1","safetyAction":"부표설치 등 완전 통제","note":null,"equipment":{"total":1,"sign":1,"rescueBox":0,"vest":0,"buoy":0,"rope":0,"pole":0},"staff":null,"coordinateCorrected":false,"sourceYear":2025}},{"type":"Feature","geometry":{"type":"Point","coordinates":[127.3310519,36.0927418]},"properties":{"id":1240,"name":"강변가든","detail":"강변가든","province":"전북특별자치도","district":"완주군","town":"운주면","address":"전북특별자치도 완주군 운주면 산북리 689","placeType":"계곡","management":"위험지역","manageCode":"3","sectionM":"50.0","riskSectionM":"10.0","depthAvg":"1.0","depthMax":"2.5","accidents":"0","safetyAction":"부표설치 일부구역 통제","note":"신규지정요청","equipment":{"total":0,"sign":0,"rescueBox":0,"vest":0,"buoy":0,"rope":0,"pole":0},"staff":null,"coordinateCorrected":false,"sourceYear":2025}},{"type":"Feature","geometry":{"type":"Point","coordinates":[127.322175,35.9412543]},"properties":{"id":1241,"name":"검태오남매가든","detail":"검태오남매가든","province":"전북특별자치도","district":"완주군","town":"동상면","address":"전북특별자치도 완주군 동상면 신월리 산54-20","placeType":"계곡","management":"위험지역","manageCode":"3","sectionM":"50.0","riskSectionM":"10.0","depthAvg":"1.0","depthMax":"2.5","accidents":"0","safetyAction":"사유지로 인해 통제구간 협의 필요","note":"신규지정요청","equipment":{"total":0,"sign":0,"rescueBox":0,"vest":0,"buoy":0,"rope":0,"pole":0},"staff":null,"coordinateCorrected":false,"sourceYear":2025}},{"type":"Feature","geometry":{"type":"Point","coordinates":[127.4012219,35.9764682]},"properties":{"id":1242,"name":"운일암반일암","detail":"팔각정 앞","province":"전북특별자치도","district":"진안군","town":"주천면","address":"전북특별자치도 진안군 주천면 대불리 산 195-1","placeType":"하천","management":"위험지역","manageCode":"3","sectionM":"300.0","riskSectionM":"50.0","depthAvg":"2.0","depthMax":"4.0","accidents":"1","safetyAction":"완전통제, 부표설치, 홍보물 게첨, 안전시설물 설치(인명구조함, 표지판 등)","note":null,"equipment":{"total":5,"sign":5,"rescueBox":0,"vest":0,"buoy":0,"rope":0,"pole":0},"staff":null,"coordinateCorrected":false,"sourceYear":2025}},{"type":"Feature","geometry":{"type":"Point","coordinates":[127.6501881,36.0262665]},"properties":{"id":1243,"name":"후도지구","detail":"후도(후도교 밑)","province":"전북특별자치도","district":"무주군","town":"무주읍","address":"전북특별자치도 무주군 무주읍 내도리 2215 일원","placeType":"하천","management":"위험지역","manageCode":"3","sectionM":"70.0","riskSectionM":"30.0","depthAvg":"2.0","depthMax":"3.0","accidents":"0","safetyAction":null,"note":null,"equipment":{"total":6,"sign":2,"rescueBox":1,"vest":1,"buoy":1,"rope":1,"pole":0},"staff":null,"coordinateCorrected":false,"sourceYear":2025}},{"type":"Feature","geometry":{"type":"Point","coordinates":[127.6210125,36.0037424]},"properties":{"id":1244,"name":"서면","detail":"서면(서면마을)","province":"전북특별자치도","district":"무주군","town":"무주읍","address":"전북특별자치도 무주군 무주읍 대차리 1584-22번지 일원","placeType":"하천","management":"위험지역","manageCode":"3","sectionM":"0.0","riskSectionM":"70.0","depthAvg":"2.0","depthMax":"3.0","accidents":"0","safetyAction":null,"note":null,"equipment":{"total":5,"sign":1,"rescueBox":1,"vest":1,"buoy":1,"rope":1,"pole":0},"staff":null,"coordinateCorrected":false,"sourceYear":2025}},{"type":"Feature","geometry":{"type":"Point","coordinates":[127.7554751,37.6780066]},"properties":{"id":186,"name":"위안터","detail":"위안터","province":"강원특별자치도","district":"홍천군","town":"남면","address":"강원특별자치도 홍천군 남면 남노이릴 251-2","placeType":"하천","management":"일반지역","manageCode":"2","sectionM":"200.0","riskSectionM":null,"depthAvg":"1.5","depthMax":"3.0","accidents":"0","safetyAction":null,"note":null,"equipment":{"total":52,"sign":0,"rescueBox":0,"vest":38,"buoy":4,"rope":6,"pole":0},"staff":null,"coordinateCorrected":false,"sourceYear":2025}},{"type":"Feature","geometry":{"type":"Point","coordinates":[127.838573,36.822731]},"properties":{"id":515,"name":"이탄교","detail":"이탄교","province":"충청북도","district":"괴산군","town":"괴산읍","address":"충청북도 괴산군 괴산읍 제월로 308-5","placeType":"하천","management":"일반지역","manageCode":"2","sectionM":"150.0","riskSectionM":null,"depthAvg":"0.7","depthMax":"2.0","accidents":"0","safetyAction":null,"note":null,"equipment":{"total":31,"sign":4,"rescueBox":2,"vest":20,"buoy":2,"rope":2,"pole":0},"staff":null,"coordinateCorrected":false,"sourceYear":2025}},{"type":"Feature","geometry":{"type":"Point","coordinates":[127.7442128,36.02793]},"properties":{"id":1246,"name":"지전지구","detail":"지전(지전마을앞)","province":"전북특별자치도","district":"무주군","town":"설천","address":"전북특별자치도 무주군 설천 길산리 106번지 일원","placeType":"하천","management":"위험지역","manageCode":"3","sectionM":"100.0","riskSectionM":"40.0","depthAvg":"2.0","depthMax":"2.0","accidents":"1","safetyAction":null,"note":null,"equipment":{"total":6,"sign":2,"rescueBox":1,"vest":1,"buoy":1,"rope":1,"pole":0},"staff":null,"coordinateCorrected":false,"sourceYear":2025}},{"type":"Feature","geometry":{"type":"Point","coordinates":[127.7634958,35.9061513]},"properties":{"id":1247,"name":"구천동지구","detail":"구천동(세심대)","province":"전북특별자치도","district":"무주군","town":"설천","address":"전북특별자치도 무주군 설천 심곡리 산53-6번지 일원","placeType":"계곡","management":"위험지역","manageCode":"3","sectionM":"50.0","riskSectionM":"30.0","depthAvg":"1.0","depthMax":"2.0","accidents":"1","safetyAction":null,"note":null,"equipment":{"total":6,"sign":2,"rescueBox":1,"vest":1,"buoy":1,"rope":1,"pole":0},"staff":null,"coordinateCorrected":false,"sourceYear":2025}},{"type":"Feature","geometry":{"type":"Point","coordinates":[127.682148,35.8426703]},"properties":{"id":1249,"name":"통안지구","detail":"통안(용추폭포)","province":"전북특별자치도","district":"무주군","town":"안성","address":"전북특별자치도 무주군 안성 공정리 1223-6번지 일원","placeType":"계곡","management":"위험지역","manageCode":"3","sectionM":"0.0","riskSectionM":"20.0","depthAvg":"2.0","depthMax":"4.0","accidents":"0","safetyAction":null,"note":null,"equipment":{"total":6,"sign":2,"rescueBox":1,"vest":1,"buoy":1,"rope":1,"pole":0},"staff":null,"coordinateCorrected":false,"sourceYear":2025}},{"type":"Feature","geometry":{"type":"Point","coordinates":[127.57844,35.9949176]},"properties":{"id":1251,"name":"대티지구","detail":"대티교(대티교 밑)","province":"전북특별자치도","district":"무주군","town":"부남","address":"전북특별자치도 무주군 부남 대유리 1229-30번지 일원","placeType":"하천","management":"위험지역","manageCode":"3","sectionM":"50.0","riskSectionM":"30.0","depthAvg":"1.0","depthMax":"2.0","accidents":"0","safetyAction":null,"note":null,"equipment":{"total":6,"sign":2,"rescueBox":1,"vest":1,"buoy":1,"rope":1,"pole":0},"staff":null,"coordinateCorrected":false,"sourceYear":2025}},{"type":"Feature","geometry":{"type":"Point","coordinates":[127.5372329,35.9721363]},"properties":{"id":1252,"name":"도소","detail":"도소(감동교 밑)","province":"전북특별자치도","district":"무주군","town":"부남","address":"전북특별자치도 무주군 부남 대소리 1593  (대소리 1593-84)","placeType":"하천","management":"위험지역","manageCode":"3","sectionM":"0.0","riskSectionM":"130.0","depthAvg":"3.0","depthMax":"4.0","accidents":"3","safetyAction":null,"note":null,"equipment":{"total":5,"sign":1,"rescueBox":1,"vest":1,"buoy":1,"rope":1,"pole":0},"staff":null,"coordinateCorrected":false,"sourceYear":2025}},{"type":"Feature","geometry":{"type":"Point","coordinates":[127.5372329,35.9721363]},"properties":{"id":1253,"name":"도소","detail":"도소(도소마을 앞)","province":"전북특별자치도","district":"무주군","town":"부남","address":"전북특별자치도 무주군 부남 대소리 1593 (대소리 1561)","placeType":"하천","management":"위험지역","manageCode":"3","sectionM":"0.0","riskSectionM":"180.0","depthAvg":"4.0","depthMax":"5.0","accidents":"1","safetyAction":null,"note":null,"equipment":{"total":5,"sign":1,"rescueBox":1,"vest":1,"buoy":1,"rope":1,"pole":0},"staff":null,"coordinateCorrected":false,"sourceYear":2025}},{"type":"Feature","geometry":{"type":"Point","coordinates":[127.5580956,35.971707]},"properties":{"id":1254,"name":"덤덜교","detail":"덤덜교 밑","province":"전북특별자치도","district":"무주군","town":"부남","address":"전북특별자치도 무주군 부남 대소리 548-1 일원","placeType":"하천","management":"위험지역","manageCode":"3","sectionM":"0.0","riskSectionM":"100.0","depthAvg":"2.0","depthMax":"3.0","accidents":"2","safetyAction":null,"note":null,"equipment":{"total":5,"sign":1,"rescueBox":1,"vest":1,"buoy":1,"rope":1,"pole":0},"staff":null,"coordinateCorrected":false,"sourceYear":2025}},{"type":"Feature","geometry":{"type":"Point","coordinates":[127.5574024,35.9748377]},"properties":{"id":1255,"name":"대소교","detail":"대소교 밑","province":"전북특별자치도","district":"무주군","town":"부남","address":"전북특별자치도 무주군 부남 대소리 495-1 일원","placeType":"하천","management":"위험지역","manageCode":"3","sectionM":"0.0","riskSectionM":"100.0","depthAvg":"2.0","depthMax":"3.0","accidents":"0","safetyAction":null,"note":null,"equipment":{"total":5,"sign":1,"rescueBox":1,"vest":1,"buoy":1,"rope":1,"pole":0},"staff":null,"coordinateCorrected":false,"sourceYear":2025}},{"type":"Feature","geometry":{"type":"Point","coordinates":[127.5398325,35.6063673]},"properties":{"id":1256,"name":"덕산계곡","detail":"용소주변13(덕산계곡)","province":"전북특별자치도","district":"장수군","town":"장수읍","address":"전북특별자치도 장수군 장수읍 덕산리 산 54-3","placeType":"계곡","management":"위험지역","manageCode":"3","sectionM":"30.0","riskSectionM":"30.0","depthAvg":"1.0","depthMax":"4.0","accidents":"0","safetyAction":"표지판 설치 통제","note":null,"equipment":{"total":5,"sign":1,"rescueBox":1,"vest":1,"buoy":1,"rope":1,"pole":0},"staff":null,"coordinateCorrected":false,"sourceYear":2025}},{"type":"Feature","geometry":{"type":"Point","coordinates":[127.1750272,35.4847602]},"properties":{"id":1257,"name":"장산과천담사이데크","detail":"장산과천담사이데크","province":"전북특별자치도","district":"임실군","town":"덕치면","address":"전북특별자치도 임실군 덕치면 천담리 산114-2","placeType":"하천","management":"위험지역","manageCode":"3","sectionM":"60.0","riskSectionM":"60.0","depthAvg":"0.7","depthMax":"1.0","accidents":"0","safetyAction":null,"note":null,"equipment":{"total":6,"sign":1,"rescueBox":1,"vest":2,"buoy":1,"rope":1,"pole":0},"staff":null,"coordinateCorrected":false,"sourceYear":2025}},{"type":"Feature","geometry":{"type":"Point","coordinates":[127.1528467,35.4937202]},"properties":{"id":1258,"name":"월파정","detail":"월파정 앞","province":"전북특별자치도","district":"임실군","town":"덕치면","address":"전북특별자치도 임실군 덕치면 물우리 686-2","placeType":"하천","management":"위험지역","manageCode":"3","sectionM":"221.0","riskSectionM":"221.0","depthAvg":"0.8","depthMax":"1.8","accidents":"0","safetyAction":"표지판 설치 통제","note":null,"equipment":{"total":18,"sign":9,"rescueBox":4,"vest":0,"buoy":4,"rope":1,"pole":0},"staff":null,"coordinateCorrected":false,"sourceYear":2025}},{"type":"Feature","geometry":{"type":"Point","coordinates":[127.1898265,35.4694388]},"properties":{"id":1259,"name":"장군목","detail":"장군목유원지","province":"전북특별자치도","district":"순창군","town":"동계면","address":"전북특별자치도 순창군 동계면 어치리 814","placeType":"하천","management":"위험지역","manageCode":"3","sectionM":"100.0","riskSectionM":"50.0","depthAvg":"1.0","depthMax":"2.0","accidents":"1","safetyAction":"표지판 설치 통제","note":null,"equipment":{"total":26,"sign":2,"rescueBox":2,"vest":4,"buoy":4,"rope":0,"pole":1},"staff":null,"coordinateCorrected":false,"sourceYear":2025}},{"type":"Feature","geometry":{"type":"Point","coordinates":[127.1963663,35.372319]},"properties":{"id":1260,"name":"섬진강체육공원","detail":"유천대교아래","province":"전북특별자치도","district":"순창군","town":"유등면","address":"전북특별자치도 순창군 유등면 오교리 524-96","placeType":"하천","management":"위험지역","manageCode":"3","sectionM":"40.0","riskSectionM":"20.0","depthAvg":"1.0","depthMax":"2.3","accidents":"0","safetyAction":"표지판 설치 통제","note":null,"equipment":{"total":34,"sign":2,"rescueBox":1,"vest":15,"buoy":8,"rope":4,"pole":0},"staff":null,"coordinateCorrected":false,"sourceYear":2025}},{"type":"Feature","geometry":{"type":"Point","coordinates":[127.4649558,34.9823763]},"properties":{"id":1261,"name":"석현천","detail":"석현저수지 밑","province":"전라남도","district":"순천시","town":"삼산동","address":"전라남도 순천시 삼산동 석현동 843-30 천","placeType":"하천","management":"위험지역","manageCode":"3","sectionM":"20.0","riskSectionM":"20.0","depthAvg":"2.0","depthMax":"5.0","accidents":"0","safetyAction":"표지판 및 부표 설치 통제","note":null,"equipment":{"total":5,"sign":1,"rescueBox":1,"vest":1,"buoy":1,"rope":1,"pole":0},"staff":null,"coordinateCorrected":false,"sourceYear":2025}},{"type":"Feature","geometry":{"type":"Point","coordinates":[127.5757711,35.0142701]},"properties":{"id":1262,"name":"서천2","detail":"정자마을 뒤","province":"전라남도","district":"광양시","town":"봉강면","address":"전라남도 광양시 봉강면 봉당리 978","placeType":"하천","management":"위험지역","manageCode":"3","sectionM":"150.0","riskSectionM":"15.0","depthAvg":"1.0","depthMax":"2.0","accidents":"0","safetyAction":"안전관리요원, 평탄화 작업, 표지판 설치 통제","note":null,"equipment":{"total":2,"sign":2,"rescueBox":0,"vest":0,"buoy":0,"rope":0,"pole":0},"staff":null,"coordinateCorrected":false,"sourceYear":2025}},{"type":"Feature","geometry":{"type":"Point","coordinates":[126.8758039,35.3038391]},"properties":{"id":1264,"name":"한재골","detail":"계곡사방댐","province":"전라남도","district":"담양군","town":"대전면","address":"전라남도 담양군 대전면 평장리 산 85-8","placeType":"계곡","management":"위험지역","manageCode":"3","sectionM":"25.0","riskSectionM":"15.0","depthAvg":"1.0","depthMax":"2.0","accidents":"0","safetyAction":"표지판 설치 통제","note":null,"equipment":{"total":2,"sign":2,"rescueBox":0,"vest":0,"buoy":0,"rope":0,"pole":0},"staff":null,"coordinateCorrected":false,"sourceYear":2025}},{"type":"Feature","geometry":{"type":"Point","coordinates":[127.3721296,35.2389566]},"properties":{"id":1265,"name":"두계세월교","detail":"두계세월교","province":"전라남도","district":"곡성군","town":"고달면","address":"전라남도 곡성군 고달면 고달면 두가리 545","placeType":"하천","management":"위험지역","manageCode":"3","sectionM":"0.0","riskSectionM":"150.0","depthAvg":"1.0","depthMax":"3.0","accidents":"0","safetyAction":"위험구역 설정후 통제","note":null,"equipment":{"total":4,"sign":4,"rescueBox":0,"vest":0,"buoy":0,"rope":0,"pole":0},"staff":null,"coordinateCorrected":false,"sourceYear":2025}},{"type":"Feature","geometry":{"type":"Point","coordinates":[127.3693203,35.2309409]},"properties":{"id":1266,"name":"청소년야영장1구역","detail":"청소년야영장1구역","province":"전라남도","district":"곡성군","town":"오곡면","address":"전라남도 곡성군 오곡면 오곡면 송정리 64","placeType":"하천","management":"위험지역","manageCode":"3","sectionM":"60.0","riskSectionM":"150.0","depthAvg":"1.0","depthMax":"3.0","accidents":"1","safetyAction":"표지판 설치 통제","note":null,"equipment":{"total":3,"sign":3,"rescueBox":0,"vest":0,"buoy":0,"rope":0,"pole":0},"staff":null,"coordinateCorrected":false,"sourceYear":2025}},{"type":"Feature","geometry":{"type":"Point","coordinates":[127.370775,35.2292113]},"properties":{"id":1267,"name":"청소년야영장2구역","detail":"청소년야영장2구역","province":"전라남도","district":"곡성군","town":"고달면","address":"전라남도 곡성군 고달면 고달면 두가리 621","placeType":"하천","management":"위험지역","manageCode":"3","sectionM":"70.0","riskSectionM":"350.0","depthAvg":"1.0","depthMax":"3.0","accidents":"0","safetyAction":"표지판 설치 통제","note":null,"equipment":{"total":2,"sign":2,"rescueBox":0,"vest":0,"buoy":0,"rope":0,"pole":0},"staff":null,"coordinateCorrected":false,"sourceYear":2025}},{"type":"Feature","geometry":{"type":"Point","coordinates":[127.3756036,35.1943549]},"properties":{"id":1268,"name":"압록유원지1구역","detail":"압록유원지","province":"전라남도","district":"곡성군","town":"오곡면","address":"전라남도 곡성군 오곡면 오곡면 압록리596","placeType":"하천","management":"위험지역","manageCode":"3","sectionM":"50.0","riskSectionM":"400.0","depthAvg":"1.0","depthMax":"4.0","accidents":"0","safetyAction":"부표설치 등 완전 통제","note":null,"equipment":{"total":3,"sign":3,"rescueBox":0,"vest":0,"buoy":0,"rope":0,"pole":0},"staff":null,"coordinateCorrected":false,"sourceYear":2025}},{"type":"Feature","geometry":{"type":"Point","coordinates":[127.3702925,35.1879342]},"properties":{"id":1269,"name":"압록유원지2구역","detail":"압록유원지","province":"전라남도","district":"곡성군","town":"죽곡면","address":"전라남도 곡성군 죽곡면 죽곡면 하한리 1039","placeType":"하천","management":"위험지역","manageCode":"3","sectionM":"50.0","riskSectionM":"250.0","depthAvg":"1.0","depthMax":"4.0","accidents":"0","safetyAction":"표지판 설치 통제","note":null,"equipment":{"total":2,"sign":2,"rescueBox":0,"vest":0,"buoy":0,"rope":0,"pole":0},"staff":null,"coordinateCorrected":false,"sourceYear":2025}},{"type":"Feature","geometry":{"type":"Point","coordinates":[127.3239173,35.1492227]},"properties":{"id":1270,"name":"(구)보성강캠핑장하천변","detail":"(구)보성강캠핑장 하천변","province":"전라남도","district":"곡성군","town":"죽곡면","address":"전라남도 곡성군 죽곡면 죽곡면 태평리 408","placeType":"하천","management":"위험지역","manageCode":"3","sectionM":"0.0","riskSectionM":"500.0","depthAvg":"2.0","depthMax":"3.0","accidents":"0","safetyAction":"표지판 설치통제","note":null,"equipment":{"total":2,"sign":2,"rescueBox":0,"vest":0,"buoy":0,"rope":0,"pole":0},"staff":null,"coordinateCorrected":false,"sourceYear":2025}},{"type":"Feature","geometry":{"type":"Point","coordinates":[127.8078392,37.7076986]},"properties":{"id":220,"name":"도사곡강변","detail":"한울타리펜션 앞","province":"강원특별자치도","district":"홍천군","town":"북방면","address":"강원특별자치도 홍천군 북방면 문들길88번길 30-30","placeType":"하천","management":"일반지역","manageCode":"2","sectionM":"200.0","riskSectionM":null,"depthAvg":"1.5","depthMax":"3.0","accidents":"0","safetyAction":null,"note":null,"equipment":{"total":172,"sign":2,"rescueBox":1,"vest":158,"buoy":3,"rope":3,"pole":0},"staff":null,"coordinateCorrected":false,"sourceYear":2025}},{"type":"Feature","geometry":{"type":"Point","coordinates":[127.397089,36.117817]},"properties":{"id":552,"name":"청강수","detail":"청강수 계곡","province":"충청남도","district":"금산군","town":"진산면","address":"충청남도 금산군 진산면 삼가리 456-6","placeType":"계곡","management":"일반지역","manageCode":"2","sectionM":"100.0","riskSectionM":null,"depthAvg":"1.0","depthMax":"4.0","accidents":"0","safetyAction":null,"note":null,"equipment":{"total":7,"sign":0,"rescueBox":0,"vest":3,"buoy":3,"rope":1,"pole":0},"staff":null,"coordinateCorrected":false,"sourceYear":2025}},{"type":"Feature","geometry":{"type":"Point","coordinates":[127.350538,35.2563673]},"properties":{"id":1271,"name":"호곡나루터","detail":"호곡나루터","province":"전라남도","district":"곡성군","town":"오곡면","address":"전라남도 곡성군 오곡면 오곡면 침곡리 274-2","placeType":"하천","management":"위험지역","manageCode":"3","sectionM":"0.0","riskSectionM":"150.0","depthAvg":"3.0","depthMax":"4.0","accidents":"0","safetyAction":"표지판 설치통제","note":null,"equipment":{"total":3,"sign":3,"rescueBox":0,"vest":0,"buoy":0,"rope":0,"pole":0},"staff":null,"coordinateCorrected":false,"sourceYear":2025}},{"type":"Feature","geometry":{"type":"Point","coordinates":[127.6160246,35.2297696]},"properties":{"id":1272,"name":"외곡유원지","detail":"외곡유원지","province":"전라남도","district":"구례군","town":"토지면","address":"전라남도 구례군 토지면 외곡리","placeType":"하천","management":"위험지역","manageCode":"3","sectionM":"200.0","riskSectionM":"40.0","depthAvg":"5.0","depthMax":"7.0","accidents":"2","safetyAction":"현수막 설치","note":null,"equipment":{"total":1,"sign":1,"rescueBox":0,"vest":0,"buoy":0,"rope":0,"pole":0},"staff":null,"coordinateCorrected":false,"sourceYear":2025}},{"type":"Feature","geometry":{"type":"Point","coordinates":[126.9318392,34.54783]},"properties":{"id":1274,"name":"장천재계곡","detail":"장천재계곡","province":"전라남도","district":"장흥군","town":"관산","address":"전라남도 장흥군 관산 옥당리 산 22","placeType":"계곡","management":"위험지역","manageCode":"3","sectionM":"35.0","riskSectionM":"35.0","depthAvg":"0.7","depthMax":"1.0","accidents":"0","safetyAction":"안전펜스 설치","note":null,"equipment":{"total":7,"sign":3,"rescueBox":1,"vest":1,"buoy":1,"rope":1,"pole":0},"staff":null,"coordinateCorrected":false,"sourceYear":2025}},{"type":"Feature","geometry":{"type":"Point","coordinates":[126.9032576,34.4898265]},"properties":{"id":1275,"name":"용둠벙계곡","detail":"용둠벙계곡","province":"전라남도","district":"장흥군","town":"대덕읍","address":"전라남도 장흥군 대덕읍 산71-1","placeType":"계곡","management":"위험지역","manageCode":"3","sectionM":"18.0","riskSectionM":"18.0","depthAvg":"0.7","depthMax":"1.3","accidents":"0","safetyAction":"안전펜스 설치","note":null,"equipment":{"total":8,"sign":4,"rescueBox":1,"vest":1,"buoy":1,"rope":1,"pole":0},"staff":null,"coordinateCorrected":false,"sourceYear":2025}},{"type":"Feature","geometry":{"type":"Point","coordinates":[126.8913309,34.8170903]},"properties":{"id":1276,"name":"봉덕계곡","detail":"봉덕계곡","province":"전라남도","district":"장흥군","town":"유치","address":"전라남도 장흥군 유치 봉덕리 514","placeType":"계곡","management":"위험지역","manageCode":"3","sectionM":"80.0","riskSectionM":"80.0","depthAvg":"0.6","depthMax":"1.23","accidents":"0","safetyAction":"안전휀스 설치","note":null,"equipment":{"total":20,"sign":4,"rescueBox":4,"vest":4,"buoy":4,"rope":4,"pole":0},"staff":null,"coordinateCorrected":false,"sourceYear":2025}},{"type":"Feature","geometry":{"type":"Point","coordinates":[126.9049709,34.6784039]},"properties":{"id":1277,"name":"탐진강","detail":"탐진강","province":"전라남도","district":"장흥군","town":"장흥","address":"전라남도 장흥군 장흥 건산리805","placeType":"하천","management":"위험지역","manageCode":"3","sectionM":"1400.0","riskSectionM":"1400.0","depthAvg":"1.0","depthMax":"1.5","accidents":"1","safetyAction":"안전펜스 설치","note":null,"equipment":{"total":29,"sign":13,"rescueBox":4,"vest":4,"buoy":4,"rope":4,"pole":0},"staff":null,"coordinateCorrected":false,"sourceYear":2025}},{"type":"Feature","geometry":{"type":"Point","coordinates":[129.2349417,36.2700726]},"properties":{"id":1278,"name":"하옥계곡","detail":"향로교일원","province":"경상북도","district":"포항시","town":"죽장면","address":"경상북도 포항시 죽장면 하옥리 산301","placeType":"계곡","management":"위험지역","manageCode":"3","sectionM":"300.0","riskSectionM":"100.0","depthAvg":"1.0","depthMax":"3.0","accidents":"0","safetyAction":"위험 현수막 설치 예정","note":null,"equipment":{"total":0,"sign":0,"rescueBox":0,"vest":0,"buoy":0,"rope":0,"pole":0},"staff":null,"coordinateCorrected":false,"sourceYear":2025}},{"type":"Feature","geometry":{"type":"Point","coordinates":[129.2480962,36.2964899]},"properties":{"id":1279,"name":"하옥계곡","detail":"정솔펜션 일원","province":"경상북도","district":"포항시","town":"죽장면","address":"경상북도 포항시 죽장면 하옥리 667-2","placeType":"계곡","management":"위험지역","manageCode":"3","sectionM":"300.0","riskSectionM":"100.0","depthAvg":"1.0","depthMax":"3.0","accidents":"0","safetyAction":"위험 현수막 설치 예정","note":null,"equipment":{"total":0,"sign":0,"rescueBox":0,"vest":0,"buoy":0,"rope":0,"pole":0},"staff":null,"coordinateCorrected":false,"sourceYear":2025}},{"type":"Feature","geometry":{"type":"Point","coordinates":[129.2509268,36.3079014]},"properties":{"id":1280,"name":"하옥계곡","detail":"물댄동산 수양관 일원","province":"경상북도","district":"포항시","town":"죽장면","address":"경상북도 포항시 죽장면 하옥리 563","placeType":"계곡","management":"위험지역","manageCode":"3","sectionM":"300.0","riskSectionM":"100.0","depthAvg":"1.0","depthMax":"3.0","accidents":"1","safetyAction":"위험 현수막 설치 예정","note":null,"equipment":{"total":0,"sign":0,"rescueBox":0,"vest":0,"buoy":0,"rope":0,"pole":0},"staff":null,"coordinateCorrected":false,"sourceYear":2025}},{"type":"Feature","geometry":{"type":"Point","coordinates":[129.3155099,36.252626]},"properties":{"id":1281,"name":"보경사계곡","detail":"보경사계곡","province":"경상북도","district":"포항시 북구","town":"송라면","address":"경상북도 포항시 북구 송라면 중산리638","placeType":"계곡","management":"위험지역","manageCode":"3","sectionM":"2000.0","riskSectionM":"100.0","depthAvg":"1.0","depthMax":"4.0","accidents":"0","safetyAction":"위험 현수막 설치 예정","note":null,"equipment":{"total":0,"sign":0,"rescueBox":0,"vest":0,"buoy":0,"rope":0,"pole":0},"staff":null,"coordinateCorrected":false,"sourceYear":2025}},{"type":"Feature","geometry":{"type":"Point","coordinates":[128.9108373,36.4185148]},"properties":{"id":1282,"name":"길안 묵계초계뒤","detail":"묵계초교 뒤","province":"경상북도","district":"안동시","town":"길안면","address":"경상북도 안동시 길안면 묵계리 1127-70","placeType":"하천","management":"위험지역","manageCode":"3","sectionM":"30.0","riskSectionM":"30.0","depthAvg":"1.0","depthMax":"2.0","accidents":"1","safetyAction":"표지판 설치 및 부분통제","note":null,"equipment":{"total":2,"sign":2,"rescueBox":0,"vest":0,"buoy":0,"rope":0,"pole":0},"staff":null,"coordinateCorrected":false,"sourceYear":2025}},{"type":"Feature","geometry":{"type":"Point","coordinates":[128.5423448,36.8596998]},"properties":{"id":1283,"name":"남원천,금계천","detail":"남원천, 금계천","province":"경상북도","district":"영주시","town":"풍기읍","address":"경상북도 영주시 풍기읍 동부리42","placeType":"하천","management":"위험지역","manageCode":"3","sectionM":"400.0","riskSectionM":"200.0","depthAvg":"2.0","depthMax":"2.0","accidents":"0","safetyAction":"위험 표지판 및 현수막 설치 예정","note":null,"equipment":{"total":0,"sign":0,"rescueBox":0,"vest":0,"buoy":0,"rope":0,"pole":0},"staff":null,"coordinateCorrected":false,"sourceYear":2025}},{"type":"Feature","geometry":{"type":"Point","coordinates":[128.9055682,36.0665704]},"properties":{"id":1284,"name":"학지보","detail":"학지보","province":"경상북도","district":"영천시","town":"화남면","address":"경상북도 영천시 화남면 금호리 1238-11","placeType":"하천","management":"위험지역","manageCode":"3","sectionM":"150.0","riskSectionM":"150.0","depthAvg":"1.0","depthMax":"2.0","accidents":"0","safetyAction":"위험구역 설정 후 통제","note":null,"equipment":{"total":1,"sign":1,"rescueBox":0,"vest":0,"buoy":0,"rope":0,"pole":0},"staff":null,"coordinateCorrected":false,"sourceYear":2025}},{"type":"Feature","geometry":{"type":"Point","coordinates":[128.9917997,36.0451717]},"properties":{"id":1285,"name":"평천보","detail":"평천보","province":"경상북도","district":"영천시","town":"임고면","address":"경상북도 영천시 임고면 평천리 1102-2","placeType":"하천","management":"위험지역","manageCode":"3","sectionM":"415.0","riskSectionM":"215.0","depthAvg":"2.0","depthMax":"3.0","accidents":"0","safetyAction":"위험구역 설정 후 통제, 부표설치","note":null,"equipment":{"total":4,"sign":4,"rescueBox":0,"vest":0,"buoy":0,"rope":0,"pole":0},"staff":null,"coordinateCorrected":false,"sourceYear":2025}},{"type":"Feature","geometry":{"type":"Point","coordinates":[128.9733191,35.9712029]},"properties":{"id":1286,"name":"구보","detail":"구보","province":"경상북도","district":"영천시","town":"고경면","address":"경상북도 영천시 고경면 단포리 407-78","placeType":"하천","management":"위험지역","manageCode":"3","sectionM":"100.0","riskSectionM":"100.0","depthAvg":"1.3","depthMax":"2.0","accidents":"0","safetyAction":"위험구역 설정 후 통제","note":null,"equipment":{"total":1,"sign":1,"rescueBox":0,"vest":0,"buoy":0,"rope":0,"pole":0},"staff":null,"coordinateCorrected":false,"sourceYear":2025}},{"type":"Feature","geometry":{"type":"Point","coordinates":[127.9688956,36.5630487]},"properties":{"id":1290,"name":"쌍용계곡(사우정)","detail":"쌍용계곡","province":"경상북도","district":"문경시","town":"농암면","address":"경상북도 문경시 농암면 내서리 770","placeType":"계곡","management":"위험지역","manageCode":"3","sectionM":"150.0","riskSectionM":"30.0","depthAvg":"1.0","depthMax":"3.0","accidents":"1","safetyAction":"안전펜스 설치완료(23년)","note":null,"equipment":{"total":2,"sign":2,"rescueBox":0,"vest":0,"buoy":0,"rope":0,"pole":0},"staff":null,"coordinateCorrected":false,"sourceYear":2025}},{"type":"Feature","geometry":{"type":"Point","coordinates":[127.9644372,36.5482642]},"properties":{"id":1291,"name":"초록원","detail":"초록원","province":"경상북도","district":"문경시","town":"농암면","address":"경상북도 문경시  농암면 내서리 351","placeType":"하천","management":"위험지역","manageCode":"3","sectionM":"50.0","riskSectionM":"30.0","depthAvg":"2.0","depthMax":"3.0","accidents":"1","safetyAction":"사망사고 발생 지점 현수막 게첨(21년)","note":null,"equipment":{"total":2,"sign":2,"rescueBox":0,"vest":0,"buoy":0,"rope":0,"pole":0},"staff":null,"coordinateCorrected":false,"sourceYear":2025}},{"type":"Feature","geometry":{"type":"Point","coordinates":[127.9498362,36.6590619]},"properties":{"id":1292,"name":"용추계곡","detail":"용추골천","province":"경상북도","district":"문경시","town":"가은읍","address":"경상북도 문경시 가은읍 완장리 산 65","placeType":"계곡","management":"위험지역","manageCode":"3","sectionM":"200.0","riskSectionM":"60.0","depthAvg":"1.2","depthMax":"3.0","accidents":"1","safetyAction":"안전펜스 설치완료(18년)","note":null,"equipment":{"total":2,"sign":2,"rescueBox":0,"vest":0,"buoy":0,"rope":0,"pole":0},"staff":null,"coordinateCorrected":false,"sourceYear":2025}},{"type":"Feature","geometry":{"type":"Point","coordinates":[128.8956683,36.2056267]},"properties":{"id":1293,"name":"빙계계곡","detail":"빙계계곡 하류","province":"경상북도","district":"의성군","town":"춘산면","address":"경상북도 의성군 춘산면","placeType":"계곡","management":"위험지역","manageCode":"3","sectionM":"300.0","riskSectionM":"200.0","depthAvg":"1.5","depthMax":"3.0","accidents":"0","safetyAction":null,"note":null,"equipment":{"total":3,"sign":3,"rescueBox":0,"vest":0,"buoy":0,"rope":0,"pole":0},"staff":null,"coordinateCorrected":false,"sourceYear":2025}},{"type":"Feature","geometry":{"type":"Point","coordinates":[129.0523639,36.4338446]},"properties":{"id":1294,"name":"월막하천","detail":"망미정, 현비암","province":"경상북도","district":"청송군","town":"청송읍","address":"경상북도 청송군 청송읍 월막리 484-1","placeType":"하천","management":"위험지역","manageCode":"3","sectionM":"600.0","riskSectionM":"600.0","depthAvg":"1.0","depthMax":"3.0","accidents":"0","safetyAction":"표지판 설치 통제","note":null,"equipment":{"total":4,"sign":4,"rescueBox":0,"vest":0,"buoy":0,"rope":0,"pole":0},"staff":null,"coordinateCorrected":false,"sourceYear":2025}},{"type":"Feature","geometry":{"type":"Point","coordinates":[129.0895665,36.6284679]},"properties":{"id":1295,"name":"침벽공원","detail":"침벽공원","province":"경상북도","district":"영양군","town":"영양읍","address":"경상북도 영양군 영양읍 감천리 691-1","placeType":"하천","management":"위험지역","manageCode":"3","sectionM":"400.0","riskSectionM":"400.0","depthAvg":"2.0","depthMax":"3.0","accidents":"0","safetyAction":"표지판 설치 통제","note":null,"equipment":{"total":5,"sign":1,"rescueBox":1,"vest":1,"buoy":1,"rope":1,"pole":0},"staff":null,"coordinateCorrected":false,"sourceYear":2025}},{"type":"Feature","geometry":{"type":"Point","coordinates":[129.0809219,36.6054482]},"properties":{"id":1296,"name":"선바위","detail":"선바위","province":"경상북도","district":"영양군","town":"입암면","address":"경상북도 영양군 입암면 신구리 106-3","placeType":"하천","management":"위험지역","manageCode":"3","sectionM":"250.0","riskSectionM":"250.0","depthAvg":"3.0","depthMax":"4.0","accidents":"0","safetyAction":"표지판 설치 통제","note":null,"equipment":{"total":4,"sign":1,"rescueBox":1,"vest":1,"buoy":1,"rope":0,"pole":0},"staff":null,"coordinateCorrected":false,"sourceYear":2025}},{"type":"Feature","geometry":{"type":"Point","coordinates":[129.1236022,36.6834596]},"properties":{"id":1297,"name":"척금대","detail":"척금대","province":"경상북도","district":"영양군","town":"일월면","address":"경상북도 영양군 일월면 곡강리 265-2","placeType":"하천","management":"위험지역","manageCode":"3","sectionM":"400.0","riskSectionM":"300.0","depthAvg":"3.0","depthMax":"5.0","accidents":"1","safetyAction":"표지판 설치 통제","note":null,"equipment":{"total":5,"sign":1,"rescueBox":1,"vest":1,"buoy":1,"rope":1,"pole":0},"staff":null,"coordinateCorrected":false,"sourceYear":2025}},{"type":"Feature","geometry":{"type":"Point","coordinates":[127.398205,35.979061]},"properties":{"id":598,"name":"운일암반일암2구역(칠은교)","detail":"칠은교","province":"전북특별자치도","district":"진안군","town":"주천면","address":"전북특별자치도 진안군 주천면 동상주천로 1800","placeType":"하천","management":"일반지역","manageCode":"2","sectionM":"100.0","riskSectionM":null,"depthAvg":"1.0","depthMax":"3.0","accidents":"0","safetyAction":null,"note":null,"equipment":{"total":11,"sign":1,"rescueBox":1,"vest":3,"buoy":3,"rope":2,"pole":0},"staff":null,"coordinateCorrected":false,"sourceYear":2025}},{"type":"Feature","geometry":{"type":"Point","coordinates":[127.599599,35.99287]},"properties":{"id":606,"name":"하굴지구","detail":"하굴유원지","province":"전북특별자치도","district":"무주군","town":"부남면","address":"전북특별자치도 무주군 부남 굴암리 1771 일원","placeType":"하천","management":"일반지역","manageCode":"2","sectionM":"40.0","riskSectionM":null,"depthAvg":"2.0","depthMax":"3.0","accidents":"0","safetyAction":null,"note":null,"equipment":{"total":93,"sign":1,"rescueBox":1,"vest":40,"buoy":30,"rope":15,"pole":0},"staff":null,"coordinateCorrected":false,"sourceYear":2025}},{"type":"Feature","geometry":{"type":"Point","coordinates":[129.2676143,36.3308764]},"properties":{"id":1298,"name":"옥계계곡","detail":"옥계계곡","province":"경상북도","district":"영덕군","town":"달산면","address":"경상북도 영덕군 달산면 옥계리232","placeType":"산간계곡","management":"위험지역","manageCode":"3","sectionM":"3500.0","riskSectionM":"1500.0","depthAvg":"1.0","depthMax":"3.0","accidents":"5","safetyAction":"인명구조함 설치","note":null,"equipment":{"total":101,"sign":17,"rescueBox":11,"vest":35,"buoy":18,"rope":14,"pole":0},"staff":null,"coordinateCorrected":false,"sourceYear":2025}},{"type":"Feature","geometry":{"type":"Point","coordinates":[129.0204905,35.6729469]},"properties":{"id":1299,"name":"큰바위밑","detail":"큰바위밑","province":"경상북도","district":"청도군","town":"운문면","address":"경상북도 청도군 운문면 신원리 산 24","placeType":"계곡","management":"위험지역","manageCode":"3","sectionM":"20.0","riskSectionM":"15.0","depthAvg":"3.0","depthMax":"3.0","accidents":"1","safetyAction":"`23.4월 통제 현수막 등 조치예정","note":null,"equipment":{"total":0,"sign":0,"rescueBox":0,"vest":0,"buoy":0,"rope":0,"pole":0},"staff":null,"coordinateCorrected":false,"sourceYear":2025}},{"type":"Feature","geometry":{"type":"Point","coordinates":[128.3271177,36.5826489]},"properties":{"id":1300,"name":"회룡교","detail":"회룡교 아래(회룡포방향)","province":"경상북도","district":"예천군","town":"용궁면","address":"경상북도 예천군 용궁면 경상북도 예천군 용궁면 대은리  958","placeType":"하천","management":"위험지역","manageCode":"3","sectionM":"200.0","riskSectionM":"200.0","depthAvg":"1.0","depthMax":"3.0","accidents":"0","safetyAction":"안전지킴이 배치, 진입금지 휀스 설치","note":null,"equipment":{"total":1,"sign":1,"rescueBox":0,"vest":0,"buoy":0,"rope":0,"pole":0},"staff":null,"coordinateCorrected":false,"sourceYear":2025}},{"type":"Feature","geometry":{"type":"Point","coordinates":[128.7666729,35.4808448]},"properties":{"id":1314,"name":"용두목","detail":"일류제 하류 20m~용두철교","province":"경상남도","district":"밀양시","town":"가곡동","address":"경상남도 밀양시 가곡동 가곡동 691-6","placeType":"하천","management":"위험지역","manageCode":"3","sectionM":"500.0","riskSectionM":"500.0","depthAvg":"2.0","depthMax":"4.0","accidents":"0","safetyAction":"물놀이 위험구역 현수막 설치","note":null,"equipment":{"total":2,"sign":2,"rescueBox":0,"vest":0,"buoy":0,"rope":0,"pole":0},"staff":null,"coordinateCorrected":false,"sourceYear":2025}},{"type":"Feature","geometry":{"type":"Point","coordinates":[128.9104052,35.5174244]},"properties":{"id":1315,"name":"범도마을","detail":"범도마을 표지석 앞","province":"경상남도","district":"밀양시","town":"단장면","address":"경상남도 밀양시 단장면 범도리880","placeType":"하천","management":"위험지역","manageCode":"3","sectionM":"300.0","riskSectionM":"100.0","depthAvg":"2.0","depthMax":"4.0","accidents":"1","safetyAction":"물놀이 위험구역 현수막 설치","note":null,"equipment":{"total":1,"sign":1,"rescueBox":0,"vest":0,"buoy":0,"rope":0,"pole":0},"staff":null,"coordinateCorrected":false,"sourceYear":2025}},{"type":"Feature","geometry":{"type":"Point","coordinates":[128.7828638,35.4867375]},"properties":{"id":1316,"name":"금시당유원지 하류(금시당)","detail":"금시당유원지 하류(금시당)","province":"경상남도","district":"밀양시","town":"활성동","address":"경상남도 밀양시 활성동 활성동 584-4","placeType":"하천","management":"위험지역","manageCode":"3","sectionM":"120.0","riskSectionM":"16.0","depthAvg":"1.5","depthMax":"1.0","accidents":"0","safetyAction":null,"note":"신규","equipment":{"total":11,"sign":1,"rescueBox":0,"vest":0,"buoy":2,"rope":1,"pole":2},"staff":null,"coordinateCorrected":false,"sourceYear":2025}},{"type":"Feature","geometry":{"type":"Point","coordinates":[128.9162614,35.6096489]},"properties":{"id":1317,"name":"형제소(얼음골지내)","detail":"형제소","province":"경상남도","district":"밀양시","town":"산내면","address":"경상남도 밀양시 산내면 산내면","placeType":"계곡","management":"위험지역","manageCode":"3","sectionM":"30.0","riskSectionM":"3.0","depthAvg":"5.0","depthMax":"2.0","accidents":"0","safetyAction":"물놀이 위험구역 현수막 설치","note":"신규","equipment":{"total":9,"sign":0,"rescueBox":0,"vest":2,"buoy":2,"rope":2,"pole":1},"staff":null,"coordinateCorrected":false,"sourceYear":2025}},{"type":"Feature","geometry":{"type":"Point","coordinates":[129.0786587,35.444899]},"properties":{"id":1318,"name":"용연천","detail":"꿈에365모텔 인근","province":"경상남도","district":"양산시","town":"하북면","address":"경상남도 양산시 하북면 용연리 631","placeType":"하천","management":"위험지역","manageCode":"3","sectionM":"100.0","riskSectionM":"1.0","depthAvg":"1.0","depthMax":"2.0","accidents":"0","safetyAction":"위험표지판, 구조함 설치","note":null,"equipment":{"total":7,"sign":2,"rescueBox":1,"vest":1,"buoy":1,"rope":1,"pole":1},"staff":null,"coordinateCorrected":false,"sourceYear":2025}},{"type":"Feature","geometry":{"type":"Point","coordinates":[128.9191175,35.390649]},"properties":{"id":1319,"name":"원동천(늘봄식당 인근)","detail":"늘봄식당 인근","province":"경상남도","district":"양산시","town":"원동면","address":"경상남도 양산시 원동면 원리 74","placeType":"하천","management":"위험지역","manageCode":"3","sectionM":"50.0","riskSectionM":"2.0","depthAvg":"1.0","depthMax":"2.0","accidents":"1","safetyAction":"위험표지판 설치","note":null,"equipment":{"total":5,"sign":1,"rescueBox":0,"vest":1,"buoy":1,"rope":1,"pole":0},"staff":null,"coordinateCorrected":false,"sourceYear":2025}},{"type":"Feature","geometry":{"type":"Point","coordinates":[129.0295456,35.3039328]},"properties":{"id":1320,"name":"동면계곡","detail":"금산2길 51 가정집 사잇길","province":"경상남도","district":"양산시","town":"동면","address":"경상남도 양산시 동면 금산리 472-3","placeType":"계곡","management":"위험지역","manageCode":"3","sectionM":"5.0","riskSectionM":"2.0","depthAvg":"1.0","depthMax":"2.0","accidents":"0","safetyAction":"위험표지판 설치","note":null,"equipment":{"total":5,"sign":1,"rescueBox":0,"vest":1,"buoy":1,"rope":1,"pole":0},"staff":null,"coordinateCorrected":false,"sourceYear":2025}},{"type":"Feature","geometry":{"type":"Point","coordinates":[128.5251274,35.2734469]},"properties":{"id":1321,"name":"칠원읍내담교인근","detail":"내담교 인근","province":"경상남도","district":"함안군","town":"칠원읍","address":"경상남도 함안군  칠원읍 오곡리1-1","placeType":"하천","management":"위험지역","manageCode":"3","sectionM":"70.0","riskSectionM":"70.0","depthAvg":"2.0","depthMax":"3.0","accidents":"0","safetyAction":"안전표지판, 인명구조함, 안전로프 설치","note":null,"equipment":{"total":9,"sign":1,"rescueBox":2,"vest":2,"buoy":2,"rope":2,"pole":0},"staff":null,"coordinateCorrected":false,"sourceYear":2025}},{"type":"Feature","geometry":{"type":"Point","coordinates":[127.9156265,35.1812337]},"properties":{"id":1323,"name":"칠송보","detail":"칠송보","province":"경상남도","district":"하동군","town":"옥종면","address":"경상남도 하동군 옥종면 대곡리 1008-20 일원","placeType":"하천","management":"위험지역","manageCode":"3","sectionM":"500.0","riskSectionM":"2.0","depthAvg":"5.0","depthMax":"1.0","accidents":"1","safetyAction":null,"note":null,"equipment":{"total":20,"sign":5,"rescueBox":1,"vest":3,"buoy":2,"rope":1,"pole":1},"staff":null,"coordinateCorrected":false,"sourceYear":2025}},{"type":"Feature","geometry":{"type":"Point","coordinates":[127.8953863,35.1943543]},"properties":{"id":1324,"name":"용연사 앞","detail":"용연사 앞","province":"경상남도","district":"하동군","town":"옥종면","address":"경상남도 하동군 옥종면 병천리 3 일원","placeType":"하천","management":"위험지역","manageCode":"3","sectionM":"100.0","riskSectionM":"2.0","depthAvg":"9.0","depthMax":"1.0","accidents":"0","safetyAction":null,"note":null,"equipment":{"total":11,"sign":1,"rescueBox":1,"vest":4,"buoy":2,"rope":1,"pole":2},"staff":null,"coordinateCorrected":false,"sourceYear":2025}},{"type":"Feature","geometry":{"type":"Point","coordinates":[127.8338396,35.2966372]},"properties":{"id":1325,"name":"여울공원조성단지","detail":"자라바위","province":"경상남도","district":"산청군","town":"삼장면","address":"경상남도 산청군 삼장면 대포리 산3-2","placeType":"하천","management":"위험지역","manageCode":"3","sectionM":"125.0","riskSectionM":"125.0","depthAvg":"2.0","depthMax":"3.0","accidents":"1","safetyAction":"위험표지판 설치","note":null,"equipment":{"total":1,"sign":1,"rescueBox":0,"vest":0,"buoy":0,"rope":0,"pole":0},"staff":null,"coordinateCorrected":false,"sourceYear":2025}},{"type":"Feature","geometry":{"type":"Point","coordinates":[127.7613291,35.2865187]},"properties":{"id":1326,"name":"북소리당","detail":"북소리당","province":"경상남도","district":"산청군","town":"시천면","address":"경상남도 산청군 시천면 중산리 420-1","placeType":"계곡","management":"위험지역","manageCode":"3","sectionM":"100.0","riskSectionM":"15.0","depthAvg":"1.0","depthMax":"2.0","accidents":"2","safetyAction":"현수막, 부표 설치","note":null,"equipment":{"total":1,"sign":1,"rescueBox":0,"vest":0,"buoy":0,"rope":0,"pole":0},"staff":null,"coordinateCorrected":false,"sourceYear":2025}},{"type":"Feature","geometry":{"type":"Point","coordinates":[127.6625867,35.3766662]},"properties":{"id":1327,"name":"덕전.강청천 합수","detail":"강청교 상류 50m지점","province":"경상남도","district":"함양군","town":"마천면","address":"경상남도 함양군 마천면 강청리 973-1","placeType":"하천","management":"위험지역","manageCode":"3","sectionM":"100.0","riskSectionM":"4.0","depthAvg":"10.0","depthMax":"3.0","accidents":"0","safetyAction":null,"note":null,"equipment":{"total":15,"sign":1,"rescueBox":0,"vest":1,"buoy":1,"rope":10,"pole":1},"staff":null,"coordinateCorrected":false,"sourceYear":2025}},{"type":"Feature","geometry":{"type":"Point","coordinates":[127.7775958,35.6738194]},"properties":{"id":1328,"name":"요강소","detail":"요강소","province":"경상남도","district":"함양군","town":"안의면","address":"경상남도 함양군 안의면 상원리 1434","placeType":"계곡","management":"위험지역","manageCode":"3","sectionM":"100.0","riskSectionM":"5.0","depthAvg":"4.0","depthMax":"3.0","accidents":"2","safetyAction":null,"note":"표지판설치 및 출입금지 통제","equipment":{"total":9,"sign":1,"rescueBox":1,"vest":2,"buoy":1,"rope":1,"pole":2},"staff":null,"coordinateCorrected":false,"sourceYear":2025}},{"type":"Feature","geometry":{"type":"Point","coordinates":[127.7770623,35.6241056]},"properties":{"id":1329,"name":"농월정(1구역)","detail":"서하경계~정자","province":"경상남도","district":"함양군","town":"안의면","address":"경상남도 함양군  안의면 월림리 1457","placeType":"계곡","management":"위험지역","manageCode":"3","sectionM":"150.0","riskSectionM":"3.0","depthAvg":"30.0","depthMax":"2.0","accidents":"1","safetyAction":null,"note":null,"equipment":{"total":10,"sign":1,"rescueBox":1,"vest":2,"buoy":2,"rope":1,"pole":2},"staff":null,"coordinateCorrected":false,"sourceYear":2025}},{"type":"Feature","geometry":{"type":"Point","coordinates":[127.7810694,35.6244157]},"properties":{"id":1330,"name":"농월정(3구역)","detail":"거창식당~농월정오토캠핑장","province":"경상남도","district":"함양군","town":"안의면","address":"경상남도 함양군  안의면 월림리 732-1","placeType":"계곡","management":"위험지역","manageCode":"3","sectionM":"100.0","riskSectionM":"1.0","depthAvg":"10.0","depthMax":"1.0","accidents":"0","safetyAction":null,"note":null,"equipment":{"total":10,"sign":1,"rescueBox":1,"vest":2,"buoy":2,"rope":1,"pole":2},"staff":null,"coordinateCorrected":false,"sourceYear":2025}},{"type":"Feature","geometry":{"type":"Point","coordinates":[127.7777796,35.6738503]},"properties":{"id":1331,"name":"매산나소","detail":"매산나소","province":"경상남도","district":"함양군","town":"안의면","address":"경상남도 함양군 안의면 상원리 산136-4","placeType":"계곡","management":"위험지역","manageCode":"3","sectionM":"10.0","riskSectionM":"4.0","depthAvg":"20.0","depthMax":"3.0","accidents":"0","safetyAction":null,"note":"표지판설치 및 출입금지 통제","equipment":{"total":10,"sign":1,"rescueBox":1,"vest":2,"buoy":2,"rope":1,"pole":2},"staff":null,"coordinateCorrected":false,"sourceYear":2025}},{"type":"Feature","geometry":{"type":"Point","coordinates":[127.7633865,35.6866912]},"properties":{"id":1332,"name":"용추폭포","detail":"용추폭포","province":"경상남도","district":"함양군","town":"안의면","address":"경상남도 함양군 안의면 상원리 963-2","placeType":"계곡","management":"위험지역","manageCode":"3","sectionM":"300.0","riskSectionM":"6.0","depthAvg":"40.0","depthMax":"1.8","accidents":"0","safetyAction":null,"note":"표지판설치 및 출입금지 통제","equipment":{"total":9,"sign":1,"rescueBox":1,"vest":1,"buoy":2,"rope":1,"pole":2},"staff":null,"coordinateCorrected":false,"sourceYear":2025}},{"type":"Feature","geometry":{"type":"Point","coordinates":[127.751744,35.6204916]},"properties":{"id":1333,"name":"동호정","detail":"동호정앞","province":"경상남도","district":"함양군","town":"서하면","address":"경상남도 함양군 서하면 황산리 842","placeType":"하천","management":"위험지역","manageCode":"3","sectionM":"167.0","riskSectionM":"3.0","depthAvg":"2.0","depthMax":"2.0","accidents":"1","safetyAction":null,"note":null,"equipment":{"total":20,"sign":1,"rescueBox":1,"vest":10,"buoy":5,"rope":1,"pole":1},"staff":null,"coordinateCorrected":false,"sourceYear":2025}},{"type":"Feature","geometry":{"type":"Point","coordinates":[128.0387868,35.7301442]},"properties":{"id":1334,"name":"각시소","detail":"상산가 앞","province":"경상남도","district":"거창군","town":"가조면","address":"경상남도 거창군 가조면 수월리 산 28-1","placeType":"계곡","management":"위험지역","manageCode":"3","sectionM":"20.0","riskSectionM":null,"depthAvg":"1.0","depthMax":"2.0","accidents":"1","safetyAction":"표지판 설치, 부표, 현수막 통제","note":null,"equipment":{"total":9,"sign":2,"rescueBox":1,"vest":2,"buoy":1,"rope":3,"pole":0},"staff":null,"coordinateCorrected":false,"sourceYear":2025}},{"type":"Feature","geometry":{"type":"Point","coordinates":[127.7765719,35.7658048]},"properties":{"id":1335,"name":"가마소","detail":"창선교 위","province":"경상남도","district":"거창군","town":"북상면","address":"경상남도 거창군 북상면 창선리 산 45-2","placeType":"하천","management":"위험지역","manageCode":"3","sectionM":"60.0","riskSectionM":null,"depthAvg":"1.0","depthMax":"3.5","accidents":"1","safetyAction":"표지판 설치, 부표, 현수막 통제","note":null,"equipment":{"total":11,"sign":2,"rescueBox":1,"vest":3,"buoy":1,"rope":3,"pole":1},"staff":null,"coordinateCorrected":false,"sourceYear":2025}},{"type":"Feature","geometry":{"type":"Point","coordinates":[127.8332971,35.7557952]},"properties":{"id":1336,"name":"거창연극고등학교 앞 사마솔숲","detail":"거창연극고등학교 후문 건너편 사마솔숲\n(위천천)","province":"경상남도","district":"거창군","town":"위천면","address":"경상남도 거창군 위천면 장기리 390","placeType":"계곡","management":"위험지역","manageCode":"3","sectionM":"250.0","riskSectionM":null,"depthAvg":"3.5","depthMax":"250.0","accidents":"0","safetyAction":"표지판 설치, 부표, 현수막 통제","note":null,"equipment":{"total":28,"sign":2,"rescueBox":2,"vest":2,"buoy":2,"rope":20,"pole":0},"staff":null,"coordinateCorrected":false,"sourceYear":2025}},{"type":"Feature","geometry":{"type":"Point","coordinates":[128.329443,37.282852]},"properties":{"id":284,"name":"엘솔펜션 부근","detail":"엘솔펜션 부근","province":"강원특별자치도","district":"영월군","town":"한반도면","address":"강원특별자치도 영월군 한반도면 판운리 426-11","placeType":"하천","management":"일반지역","manageCode":"2","sectionM":"80.0","riskSectionM":null,"depthAvg":"1.0","depthMax":"3.0","accidents":"0","safetyAction":null,"note":null,"equipment":{"total":7,"sign":1,"rescueBox":1,"vest":2,"buoy":1,"rope":1,"pole":0},"staff":{"startDate":"2026-06-13","endDate":"2026-09-06","hours":"09:00~18:00","deploymentType":"고정 또는 현장배치","confidence":"confirmed","confidenceLabel":"2026년 공식 장소별 배치표 확인","sourceUrl":"https://www.yw.go.kr/jobs/basic/userJobInfoView.do?jobDiv=G&jobNo=1362&n=602","verifiedAt":"2026-08-13"},"coordinateCorrected":false,"sourceYear":2025}},{"type":"Feature","geometry":{"type":"Point","coordinates":[127.300359,38.187295]},"properties":{"id":341,"name":"한탄대교하류","detail":"한탄대교","province":"강원특별자치도","district":"철원군","town":"동송읍","address":"강원특별자치도 철원군 동송읍 내대리","placeType":"하천","management":"일반지역","manageCode":"2","sectionM":"100.0","riskSectionM":null,"depthAvg":"1.0","depthMax":"2.0","accidents":"0","safetyAction":null,"note":null,"equipment":{"total":10,"sign":1,"rescueBox":1,"vest":3,"buoy":2,"rope":2,"pole":0},"staff":null,"coordinateCorrected":false,"sourceYear":2025}},{"type":"Feature","geometry":{"type":"Point","coordinates":[127.278637,38.199549]},"properties":{"id":342,"name":"너래바위","detail":"너래바위","province":"강원특별자치도","district":"철원군","town":"동송읍","address":"강원특별자치도 철원군 동송읍 내대리","placeType":"하천","management":"일반지역","manageCode":"2","sectionM":"30.0","riskSectionM":null,"depthAvg":"2.0","depthMax":"3.0","accidents":"0","safetyAction":null,"note":null,"equipment":{"total":9,"sign":2,"rescueBox":1,"vest":2,"buoy":2,"rope":2,"pole":0},"staff":null,"coordinateCorrected":false,"sourceYear":2025}},{"type":"Feature","geometry":{"type":"Point","coordinates":[127.417281,38.248841]},"properties":{"id":350,"name":"다슬기축제장","detail":"다슬기축제장","province":"강원특별자치도","district":"철원군","town":"김화읍","address":"강원특별자치도 철원군 김화읍 청량리1","placeType":"하천","management":"일반지역","manageCode":"2","sectionM":"200.0","riskSectionM":null,"depthAvg":"1.0","depthMax":"2.0","accidents":"1","safetyAction":null,"note":null,"equipment":{"total":27,"sign":4,"rescueBox":4,"vest":6,"buoy":6,"rope":6,"pole":0},"staff":null,"coordinateCorrected":false,"sourceYear":2025}},{"type":"Feature","geometry":{"type":"Point","coordinates":[127.9138699,38.1845547]},"properties":{"id":389,"name":"감자바우","detail":"감자바우","province":"강원특별자치도","district":"양구군","town":"방산면","address":"강원특별자치도 양구군 방산면 양구군 방산면 평화로 4794번길 108","placeType":"하천","management":"일반지역","manageCode":"2","sectionM":"500.0","riskSectionM":null,"depthAvg":"2.0","depthMax":"3.0","accidents":"0","safetyAction":null,"note":null,"equipment":{"total":12,"sign":4,"rescueBox":2,"vest":2,"buoy":2,"rope":2,"pole":0},"staff":null,"coordinateCorrected":false,"sourceYear":2025}},{"type":"Feature","geometry":{"type":"Point","coordinates":[128.236196,37.720972]},"properties":{"id":173,"name":"용오름캠핑장","detail":"용오름교아래","province":"강원특별자치도","district":"홍천군","town":"서석면","address":"강원특별자치도 홍천군 서석면 검산길 263","placeType":"계곡","management":"일반지역","manageCode":"2","sectionM":"100.0","riskSectionM":null,"depthAvg":"1.0","depthMax":"2.0","accidents":"0","safetyAction":null,"note":null,"equipment":{"total":33,"sign":2,"rescueBox":1,"vest":20,"buoy":2,"rope":5,"pole":0},"staff":null,"coordinateCorrected":false,"sourceYear":2025}},{"type":"Feature","geometry":{"type":"Point","coordinates":[128.502652,38.07501]},"properties":{"id":424,"name":"오색솔밭야영장","detail":"오색솔밭야영장","province":"강원특별자치도","district":"양양군","town":"서면","address":"강원특별자치도 양양군 서면 오색1리 100","placeType":"산간계곡","management":"일반지역","manageCode":"2","sectionM":"150.0","riskSectionM":null,"depthAvg":"0.9","depthMax":"1.5","accidents":"0","safetyAction":null,"note":null,"equipment":{"total":5,"sign":1,"rescueBox":1,"vest":1,"buoy":1,"rope":1,"pole":0},"staff":null,"coordinateCorrected":false,"sourceYear":2025}},{"type":"Feature","geometry":{"type":"Point","coordinates":[127.264961,38.025408]},"properties":{"id":36,"name":"영평천","detail":"삼산대교~삼팔교","province":"경기도","district":"포천시","town":"영중면~이동면","address":"경기도 포천시 영중면 성동리 281-1","placeType":"하천","management":"일반지역","manageCode":"2","sectionM":"1000.0","riskSectionM":null,"depthAvg":"1.0","depthMax":"2.0","accidents":"0","safetyAction":null,"note":null,"equipment":{"total":54,"sign":12,"rescueBox":6,"vest":12,"buoy":12,"rope":6,"pole":0},"staff":null,"coordinateCorrected":false,"sourceYear":2025}},{"type":"Feature","geometry":{"type":"Point","coordinates":[127.902508,36.941019]},"properties":{"id":464,"name":"단월강수욕장","detail":"단월강수욕장","province":"충청북도","district":"충주시","town":"단월동","address":"충청북도 충주시 단월동 풍동 408-1","placeType":"하천","management":"일반지역","manageCode":"2","sectionM":"200.0","riskSectionM":null,"depthAvg":"1.0","depthMax":"2.0","accidents":"0","safetyAction":null,"note":null,"equipment":{"total":181,"sign":4,"rescueBox":0,"vest":150,"buoy":10,"rope":10,"pole":0},"staff":null,"coordinateCorrected":false,"sourceYear":2025}},{"type":"Feature","geometry":{"type":"Point","coordinates":[128.380927,37.193605]},"properties":{"id":282,"name":"들골다리 건너 제방","detail":"들골다리 건너 제방","province":"강원특별자치도","district":"영월군","town":"남면","address":"강원특별자치도 영월군 남면 후탄리 32","placeType":"하천","management":"일반지역","manageCode":"2","sectionM":"80.0","riskSectionM":null,"depthAvg":"1.0","depthMax":"5.0","accidents":"0","safetyAction":null,"note":null,"equipment":{"total":18,"sign":3,"rescueBox":1,"vest":6,"buoy":3,"rope":3,"pole":0},"staff":{"startDate":"2026-06-13","endDate":"2026-09-06","hours":"09:00~18:00","deploymentType":"고정 또는 현장배치","confidence":"confirmed","confidenceLabel":"2026년 공식 장소별 배치표 확인","sourceUrl":"https://www.yw.go.kr/jobs/basic/userJobInfoView.do?jobDiv=G&jobNo=1362&n=602","verifiedAt":"2026-08-13"},"coordinateCorrected":false,"sourceYear":2025}},{"type":"Feature","geometry":{"type":"Point","coordinates":[127.671194,36.292946]},"properties":{"id":482,"name":"상금","detail":"상금","province":"충청북도","district":"옥천군","town":"청성면","address":"충청북도 옥천군 청성면 합금리 385","placeType":"하천","management":"일반지역","manageCode":"2","sectionM":"500.0","riskSectionM":null,"depthAvg":"1.5","depthMax":"4.0","accidents":"0","safetyAction":null,"note":null,"equipment":{"total":47,"sign":9,"rescueBox":3,"vest":10,"buoy":10,"rope":10,"pole":0},"staff":null,"coordinateCorrected":false,"sourceYear":2025}},{"type":"Feature","geometry":{"type":"Point","coordinates":[127.6978602,36.1283534]},"properties":{"id":501,"name":"외마포교","detail":"외마포교","province":"충청북도","district":"영동군","town":"양강면","address":"충청북도 영동군 양강면 묵정리 498","placeType":"하천","management":"일반지역","manageCode":"2","sectionM":"200.0","riskSectionM":null,"depthAvg":"1.0","depthMax":"2.0","accidents":"0","safetyAction":null,"note":null,"equipment":{"total":10,"sign":2,"rescueBox":2,"vest":2,"buoy":2,"rope":2,"pole":0},"staff":null,"coordinateCorrected":false,"sourceYear":2025}},{"type":"Feature","geometry":{"type":"Point","coordinates":[127.7020174,36.1523025]},"properties":{"id":502,"name":"구강교","detail":"구강교","province":"충청북도","district":"영동군","town":"양강면","address":"충청북도 영동군 양강면 구강리 119","placeType":"하천","management":"일반지역","manageCode":"2","sectionM":"100.0","riskSectionM":null,"depthAvg":"1.0","depthMax":"2.0","accidents":"0","safetyAction":null,"note":null,"equipment":{"total":56,"sign":20,"rescueBox":6,"vest":9,"buoy":9,"rope":9,"pole":0},"staff":null,"coordinateCorrected":false,"sourceYear":2025}},{"type":"Feature","geometry":{"type":"Point","coordinates":[127.4871397,35.4890193]},"properties":{"id":570,"name":"요천","detail":"고소암","province":"전북특별자치도","district":"남원시","town":"산동면","address":"전북특별자치도 남원시 산동면 대기리 404","placeType":"하천","management":"일반지역","manageCode":"2","sectionM":"160.0","riskSectionM":null,"depthAvg":"1.0","depthMax":"2.0","accidents":"0","safetyAction":null,"note":null,"equipment":{"total":10,"sign":1,"rescueBox":2,"vest":2,"buoy":2,"rope":2,"pole":0},"staff":null,"coordinateCorrected":false,"sourceYear":2025}},{"type":"Feature","geometry":{"type":"Point","coordinates":[127.564927,35.044248]},"properties":{"id":644,"name":"성불계곡2","detail":"개룡 마을 입구","province":"전라남도","district":"광양시","town":"봉강면","address":"전라남도 광양시 봉강면 개룡길 25-7","placeType":"하천","management":"일반지역","manageCode":"2","sectionM":"80.0","riskSectionM":null,"depthAvg":"1.0","depthMax":"2.0","accidents":"0","safetyAction":null,"note":null,"equipment":{"total":8,"sign":2,"rescueBox":1,"vest":0,"buoy":2,"rope":1,"pole":0},"staff":null,"coordinateCorrected":false,"sourceYear":2025}},{"type":"Feature","geometry":{"type":"Point","coordinates":[127.561758,35.076502]},"properties":{"id":646,"name":"성불계곡4","detail":"하조나라 앞","province":"전라남도","district":"광양시","town":"봉강면","address":"전라남도 광양시 봉강면 조령리 692-2","placeType":"계곡","management":"일반지역","manageCode":"2","sectionM":"150.0","riskSectionM":null,"depthAvg":"1.0","depthMax":"2.0","accidents":"0","safetyAction":null,"note":null,"equipment":{"total":12,"sign":3,"rescueBox":2,"vest":2,"buoy":2,"rope":2,"pole":0},"staff":null,"coordinateCorrected":false,"sourceYear":2025}},{"type":"Feature","geometry":{"type":"Point","coordinates":[128.083846,35.918164]},"properties":{"id":874,"name":"성주댐상류","detail":"선바위 밑","province":"경상북도","district":"성주군","town":"금수면","address":"경상북도 성주군 금수면 영천리 산186","placeType":"하천","management":"일반지역","manageCode":"2","sectionM":"200.0","riskSectionM":null,"depthAvg":"1.0","depthMax":"1.0","accidents":"0","safetyAction":null,"note":null,"equipment":{"total":24,"sign":5,"rescueBox":4,"vest":4,"buoy":4,"rope":7,"pole":0},"staff":null,"coordinateCorrected":false,"sourceYear":2025}},{"type":"Feature","geometry":{"type":"Point","coordinates":[128.098989,35.926251]},"properties":{"id":875,"name":"성주댐상류","detail":"챙기 앞","province":"경상북도","district":"성주군","town":"금수면","address":"경상북도 성주군 금수면 무학리 1805","placeType":"하천","management":"일반지역","manageCode":"2","sectionM":"100.0","riskSectionM":null,"depthAvg":"1.0","depthMax":"1.0","accidents":"0","safetyAction":null,"note":null,"equipment":{"total":10,"sign":2,"rescueBox":2,"vest":2,"buoy":2,"rope":2,"pole":0},"staff":null,"coordinateCorrected":false,"sourceYear":2025}},{"type":"Feature","geometry":{"type":"Point","coordinates":[128.0607602,35.9061457]},"properties":{"id":877,"name":"선바위펜션앞","detail":"선바위펜션앞","province":"경상북도","district":"성주군","town":"금수강산면","address":"경상북도 성주군 금수강산면 성주로15-4","placeType":"하천","management":"일반지역","manageCode":"2","sectionM":"50.0","riskSectionM":null,"depthAvg":"2.0","depthMax":"2.0","accidents":"0","safetyAction":null,"note":null,"equipment":{"total":5,"sign":1,"rescueBox":1,"vest":1,"buoy":1,"rope":1,"pole":0},"staff":null,"coordinateCorrected":false,"sourceYear":2025}},{"type":"Feature","geometry":{"type":"Point","coordinates":[128.474001,36.608963]},"properties":{"id":884,"name":"서당마을","detail":"서당마을 앞(우안)","province":"경상북도","district":"예천군","town":"호명면","address":"경상북도 예천군 호명면 월포리  624","placeType":"하천","management":"일반지역","manageCode":"2","sectionM":"0.0","riskSectionM":null,"depthAvg":"1.0","depthMax":"4.0","accidents":"1","safetyAction":null,"note":null,"equipment":{"total":6,"sign":1,"rescueBox":1,"vest":1,"buoy":1,"rope":1,"pole":0},"staff":null,"coordinateCorrected":false,"sourceYear":2025}},{"type":"Feature","geometry":{"type":"Point","coordinates":[128.488297,36.618875]},"properties":{"id":885,"name":"고평교","detail":"고평교 아래(호명면 방향)","province":"경상북도","district":"예천군","town":"호명면","address":"경상북도 예천군 호명면 직산리  1272-1","placeType":"하천","management":"일반지역","manageCode":"2","sectionM":"0.0","riskSectionM":null,"depthAvg":"1.0","depthMax":"2.0","accidents":"0","safetyAction":null,"note":null,"equipment":{"total":14,"sign":2,"rescueBox":2,"vest":2,"buoy":3,"rope":3,"pole":0},"staff":null,"coordinateCorrected":false,"sourceYear":2025}},{"type":"Feature","geometry":{"type":"Point","coordinates":[128.460514,36.598142]},"properties":{"id":886,"name":"선몽대","detail":"선몽대","province":"경상북도","district":"예천군","town":"호명면","address":"경상북도 예천군 호명면 백송리  234","placeType":"하천","management":"일반지역","manageCode":"2","sectionM":"0.0","riskSectionM":null,"depthAvg":"1.0","depthMax":"2.0","accidents":"0","safetyAction":null,"note":null,"equipment":{"total":9,"sign":1,"rescueBox":1,"vest":2,"buoy":2,"rope":2,"pole":0},"staff":null,"coordinateCorrected":false,"sourceYear":2025}},{"type":"Feature","geometry":{"type":"Point","coordinates":[129.2778751,36.9446407]},"properties":{"id":1306,"name":"중섬","detail":"중섬교 상부","province":"경상북도","district":"울진군","town":"금강송면","address":"경상북도 울진군 금강송면 하원리 104-1","placeType":"하천","management":"위험지역","manageCode":"3","sectionM":"150.0","riskSectionM":"50.0","depthAvg":"1.0","depthMax":"3.0","accidents":"0","safetyAction":"표지판설치 통제(물놀이기간 부표설치)","note":null,"equipment":{"total":3,"sign":3,"rescueBox":0,"vest":0,"buoy":0,"rope":0,"pole":0},"staff":null,"coordinateCorrected":false,"sourceYear":2025}},{"type":"Feature","geometry":{"type":"Point","coordinates":[129.4065119,36.7210866]},"properties":{"id":1307,"name":"광품폭포","detail":"88국도(광품1리)","province":"경상북도","district":"울진군","town":"온정면","address":"경상북도 울진군 온정면 광품리 215-1","placeType":"하천","management":"위험지역","manageCode":"3","sectionM":"100.0","riskSectionM":"40.0","depthAvg":"1.0","depthMax":"4.0","accidents":"0","safetyAction":"부표, 표지판 설치 통제","note":null,"equipment":{"total":1,"sign":1,"rescueBox":0,"vest":0,"buoy":0,"rope":0,"pole":0},"staff":null,"coordinateCorrected":false,"sourceYear":2025}},{"type":"Feature","geometry":{"type":"Point","coordinates":[129.4065119,36.7210866]},"properties":{"id":1308,"name":"광품교","detail":"88국도(광품1리)","province":"경상북도","district":"울진군","town":"온정면","address":"경상북도 울진군 온정면 광품리 215-1","placeType":"하천","management":"위험지역","manageCode":"3","sectionM":"200.0","riskSectionM":"60.0","depthAvg":"1.0","depthMax":"4.0","accidents":"0","safetyAction":"표지판 설치 통제","note":null,"equipment":{"total":1,"sign":1,"rescueBox":0,"vest":0,"buoy":0,"rope":0,"pole":0},"staff":null,"coordinateCorrected":false,"sourceYear":2025}},{"type":"Feature","geometry":{"type":"Point","coordinates":[129.3262068,36.7439685]},"properties":{"id":1309,"name":"신선계곡","detail":"선시골계곡","province":"경상북도","district":"울진군","town":"온정면","address":"경상북도 울진군 온정면 선구리 산 195","placeType":"계곡","management":"위험지역","manageCode":"3","sectionM":"200.0","riskSectionM":"50.0","depthAvg":"1.0","depthMax":"4.0","accidents":"3","safetyAction":"표지판 설치 통제","note":null,"equipment":{"total":2,"sign":2,"rescueBox":0,"vest":0,"buoy":0,"rope":0,"pole":0},"staff":null,"coordinateCorrected":false,"sourceYear":2025}},{"type":"Feature","geometry":{"type":"Point","coordinates":[127.8948511,35.2001198]},"properties":{"id":1310,"name":"조계취수보 ~ 창촌교","detail":"조계취수보 ~ 창촌교","province":"경상남도","district":"진주시","town":"수곡면","address":"경상남도 진주시 수곡면 창촌리 425-13\n창촌리 316-2","placeType":"하천","management":"위험지역","manageCode":"3","sectionM":"0.0","riskSectionM":"3400.0","depthAvg":"1.0","depthMax":"4.0","accidents":"0","safetyAction":"안전표지판, 인명구조 고정식 거치대(구명환,구명조끼,구명로프)","note":null,"equipment":{"total":74,"sign":8,"rescueBox":2,"vest":2,"buoy":2,"rope":60,"pole":0},"staff":null,"coordinateCorrected":false,"sourceYear":2025}},{"type":"Feature","geometry":{"type":"Point","coordinates":[128.9966173,35.5863861]},"properties":{"id":1311,"name":"시례호박소","detail":"시례호박소","province":"경상남도","district":"밀양시","town":"산내면","address":"경상남도 밀양시 산내면 삼양리 30","placeType":"계곡","management":"위험지역","manageCode":"3","sectionM":"40.0","riskSectionM":"30.0","depthAvg":"1.0","depthMax":"5.0","accidents":"1","safetyAction":"위험표지판 설치","note":null,"equipment":{"total":1,"sign":1,"rescueBox":0,"vest":0,"buoy":0,"rope":0,"pole":0},"staff":null,"coordinateCorrected":false,"sourceYear":2025}},{"type":"Feature","geometry":{"type":"Point","coordinates":[128.958296,35.9661365]},"properties":{"id":1287,"name":"완산보","detail":"완산보","province":"경상북도","district":"영천시","town":"조교동","address":"경상북도 영천시 조교동 58-5","placeType":"하천","management":"위험지역","manageCode":"3","sectionM":"500.0","riskSectionM":"500.0","depthAvg":"1.5","depthMax":"2.0","accidents":"0","safetyAction":"위험구역 설정 후 통제","note":null,"equipment":{"total":3,"sign":3,"rescueBox":0,"vest":0,"buoy":0,"rope":0,"pole":0},"staff":null,"coordinateCorrected":false,"sourceYear":2025}},{"type":"Feature","geometry":{"type":"Point","coordinates":[128.8710639,35.9291516]},"properties":{"id":1289,"name":"금호강변","detail":"금호강변공원","province":"경상북도","district":"영천시","town":"금호읍","address":"경상북도 영천시 금호읍 덕성리 250-1","placeType":"하천","management":"위험지역","manageCode":"3","sectionM":"700.0","riskSectionM":"700.0","depthAvg":"2.0","depthMax":"2.0","accidents":"0","safetyAction":"위험구역 설정 후 통제","note":null,"equipment":{"total":3,"sign":3,"rescueBox":0,"vest":0,"buoy":0,"rope":0,"pole":0},"staff":null,"coordinateCorrected":false,"sourceYear":2025}},{"type":"Feature","geometry":{"type":"Point","coordinates":[128.3161477,36.5745212]},"properties":{"id":1301,"name":"용포마을","detail":"용포마을(용포내려가는길)","province":"경상북도","district":"예천군","town":"지보면 마산리  904","address":"경상북도 예천군 지보면 마산리  904","placeType":"하천","management":"위험지역","manageCode":"3","sectionM":"100.0","riskSectionM":"100.0","depthAvg":"1.0","depthMax":"4.0","accidents":"2","safetyAction":"안전지킴이 배치","note":null,"equipment":{"total":1,"sign":1,"rescueBox":0,"vest":0,"buoy":0,"rope":0,"pole":0},"staff":null,"coordinateCorrected":false,"sourceYear":2025}},{"type":"Feature","geometry":{"type":"Point","coordinates":[128.474331,36.608878]},"properties":{"id":1302,"name":"서당마을","detail":"서당마을 앞(우안)","province":"경상북도","district":"예천군","town":"호명면 월포리  624","address":"경상북도 예천군 호명면 월포리  624","placeType":"하천","management":"위험지역","manageCode":"3","sectionM":"150.0","riskSectionM":"100.0","depthAvg":"1.0","depthMax":"2.0","accidents":"0","safetyAction":"안전지킴이 배치","note":null,"equipment":{"total":1,"sign":1,"rescueBox":0,"vest":0,"buoy":0,"rope":0,"pole":0},"staff":null,"coordinateCorrected":false,"sourceYear":2025}},{"type":"Feature","geometry":{"type":"Point","coordinates":[126.7511595,35.2085622]},"properties":{"id":8,"name":"임곡교 밑 징검다리","detail":"임곡교 밑 상,하류 징검다리 사이","province":"광주광역시","district":"광산구","town":"선동","address":"광주광역시 광산구 선동 광주광역시 광산구 선동311-1 일원","placeType":"하천","management":"일반지역","manageCode":"2","sectionM":"200.0","riskSectionM":null,"depthAvg":"0.2","depthMax":"1.0","accidents":"1","safetyAction":null,"note":null,"equipment":{"total":11,"sign":2,"rescueBox":2,"vest":2,"buoy":2,"rope":2,"pole":0},"staff":null,"coordinateCorrected":false,"sourceYear":2025}},{"type":"Feature","geometry":{"type":"Point","coordinates":[127.3973321,36.2782739]},"properties":{"id":10,"name":"침산교 아래","detail":"침산교 아래","province":"대전광역시","district":"중구","town":"침산동","address":"대전광역시 중구 침산동 398번지 일원","placeType":"하천","management":"일반지역","manageCode":"2","sectionM":"100.0","riskSectionM":null,"depthAvg":"1.0","depthMax":"3.0","accidents":"0","safetyAction":null,"note":null,"equipment":{"total":22,"sign":3,"rescueBox":2,"vest":4,"buoy":6,"rope":5,"pole":0},"staff":null,"coordinateCorrected":false,"sourceYear":2025}},{"type":"Feature","geometry":{"type":"Point","coordinates":[127.1986214,37.7450043]},"properties":{"id":20,"name":"5163부대앞","detail":"오두교(세월교)","province":"경기도","district":"남양주","town":"진접읍","address":"경기도 남양주 진접읍 부평리 514-4","placeType":"하천","management":"일반지역","manageCode":"2","sectionM":"200.0","riskSectionM":null,"depthAvg":"0.3","depthMax":"0.8","accidents":"0","safetyAction":null,"note":null,"equipment":{"total":7,"sign":3,"rescueBox":1,"vest":1,"buoy":1,"rope":1,"pole":0},"staff":null,"coordinateCorrected":false,"sourceYear":2025}},{"type":"Feature","geometry":{"type":"Point","coordinates":[127.3740658,37.6809476]},"properties":{"id":21,"name":"황새바위","detail":"황새바위 앞","province":"경기도","district":"남양주","town":"화도읍","address":"경기도 남양주 화도읍 화도읍 구암리 217-4","placeType":"하천","management":"일반지역","manageCode":"2","sectionM":"100.0","riskSectionM":null,"depthAvg":"0.6","depthMax":"1.8","accidents":"4","safetyAction":null,"note":null,"equipment":{"total":13,"sign":7,"rescueBox":3,"vest":0,"buoy":2,"rope":1,"pole":0},"staff":null,"coordinateCorrected":false,"sourceYear":2025}},{"type":"Feature","geometry":{"type":"Point","coordinates":[127.3688205,37.690795]},"properties":{"id":22,"name":"모꼬지캠프","detail":"모꼬지캠프 앞","province":"경기도","district":"남양주","town":"수동면","address":"경기도 남양주 수동면 수동면 송천리 3-12","placeType":"하천","management":"일반지역","manageCode":"2","sectionM":"200.0","riskSectionM":null,"depthAvg":"0.4","depthMax":"0.8","accidents":"0","safetyAction":null,"note":null,"equipment":{"total":1,"sign":1,"rescueBox":0,"vest":0,"buoy":0,"rope":0,"pole":0},"staff":null,"coordinateCorrected":false,"sourceYear":2025}},{"type":"Feature","geometry":{"type":"Point","coordinates":[127.3713015,37.6914406]},"properties":{"id":23,"name":"블루스카이캠프","detail":"블루스카이캠프 앞","province":"경기도","district":"남양주","town":"수동면","address":"경기도 남양주 수동면 수동면 송천리 2-13","placeType":"하천","management":"일반지역","manageCode":"2","sectionM":"100.0","riskSectionM":null,"depthAvg":"0.4","depthMax":"0.8","accidents":"0","safetyAction":null,"note":null,"equipment":{"total":1,"sign":1,"rescueBox":0,"vest":0,"buoy":0,"rope":0,"pole":0},"staff":null,"coordinateCorrected":false,"sourceYear":2025}},{"type":"Feature","geometry":{"type":"Point","coordinates":[127.3694658,37.6927446]},"properties":{"id":24,"name":"나이스캠프","detail":"나이스캠프 앞","province":"경기도","district":"남양주","town":"수동면","address":"경기도 남양주 수동면 수동면 송천리 2-21","placeType":"하천","management":"일반지역","manageCode":"2","sectionM":"200.0","riskSectionM":null,"depthAvg":"0.4","depthMax":"0.8","accidents":"0","safetyAction":null,"note":null,"equipment":{"total":1,"sign":1,"rescueBox":0,"vest":0,"buoy":0,"rope":0,"pole":0},"staff":null,"coordinateCorrected":false,"sourceYear":2025}},{"type":"Feature","geometry":{"type":"Point","coordinates":[127.341754,37.6945266]},"properties":{"id":25,"name":"삼천리연수원","detail":"삼천리연수원 앞","province":"경기도","district":"남양주","town":"수동면","address":"경기도 남양주 수동면 수동면 운수리1-5","placeType":"하천","management":"일반지역","manageCode":"2","sectionM":"400.0","riskSectionM":null,"depthAvg":"0.4","depthMax":"0.8","accidents":"0","safetyAction":null,"note":null,"equipment":{"total":14,"sign":4,"rescueBox":2,"vest":4,"buoy":2,"rope":2,"pole":0},"staff":null,"coordinateCorrected":false,"sourceYear":2025}},{"type":"Feature","geometry":{"type":"Point","coordinates":[127.3269848,37.7054126]},"properties":{"id":26,"name":"감리교연수원","detail":"감리교연수원 앞","province":"경기도","district":"남양주","town":"수동면","address":"경기도 남양주 수동면 수동면 운수리 93-1","placeType":"하천","management":"일반지역","manageCode":"2","sectionM":"200.0","riskSectionM":null,"depthAvg":"0.4","depthMax":"0.8","accidents":"0","safetyAction":null,"note":null,"equipment":{"total":14,"sign":2,"rescueBox":2,"vest":4,"buoy":2,"rope":4,"pole":0},"staff":null,"coordinateCorrected":false,"sourceYear":2025}},{"type":"Feature","geometry":{"type":"Point","coordinates":[127.3217979,37.7124502]},"properties":{"id":27,"name":"운수교","detail":"운수교 앞","province":"경기도","district":"남양주","town":"수동면","address":"경기도 남양주 수동면 수동면 운수리 381-53","placeType":"하천","management":"일반지역","manageCode":"2","sectionM":"200.0","riskSectionM":null,"depthAvg":"0.5","depthMax":"5.0","accidents":"2","safetyAction":null,"note":null,"equipment":{"total":11,"sign":5,"rescueBox":1,"vest":2,"buoy":1,"rope":2,"pole":0},"staff":null,"coordinateCorrected":false,"sourceYear":2025}},{"type":"Feature","geometry":{"type":"Point","coordinates":[127.3155633,37.7171762]},"properties":{"id":28,"name":"물골안유원지","detail":"물골안유원지 앞","province":"경기도","district":"남양주","town":"수동면","address":"경기도 남양주 수동면 수동면 입석리 503","placeType":"하천","management":"일반지역","manageCode":"2","sectionM":"200.0","riskSectionM":null,"depthAvg":"0.6","depthMax":"1.8","accidents":"1","safetyAction":null,"note":null,"equipment":{"total":15,"sign":3,"rescueBox":2,"vest":4,"buoy":2,"rope":4,"pole":0},"staff":null,"coordinateCorrected":false,"sourceYear":2025}},{"type":"Feature","geometry":{"type":"Point","coordinates":[126.9487051,37.4623228]},"properties":{"id":1,"name":"관악산계곡어린이물놀이장","detail":"신림계곡지구","province":"서울특별시","district":"관악구","town":"신림동","address":"서울특별시 관악구 신림동 808-125","placeType":"계곡","management":"일반지역","manageCode":"2","sectionM":"130.0","riskSectionM":null,"depthAvg":"0.4","depthMax":"0.6","accidents":"0","safetyAction":null,"note":null,"equipment":{"total":10,"sign":2,"rescueBox":2,"vest":2,"buoy":2,"rope":2,"pole":0},"staff":null,"coordinateCorrected":false,"sourceYear":2025}},{"type":"Feature","geometry":{"type":"Point","coordinates":[127.2963628,37.7342641]},"properties":{"id":29,"name":"도림개유원지","detail":"도림개유원지 앞","province":"경기도","district":"남양주","town":"수동면","address":"경기도 남양주 수동면 수동면 수산리 1-5","placeType":"하천","management":"일반지역","manageCode":"2","sectionM":"100.0","riskSectionM":null,"depthAvg":"0.4","depthMax":"1.2","accidents":"0","safetyAction":null,"note":null,"equipment":{"total":6,"sign":1,"rescueBox":1,"vest":2,"buoy":1,"rope":1,"pole":0},"staff":null,"coordinateCorrected":false,"sourceYear":2025}},{"type":"Feature","geometry":{"type":"Point","coordinates":[127.2741492,37.7488716]},"properties":{"id":30,"name":"비월교","detail":"비월교 앞","province":"경기도","district":"남양주","town":"수동면","address":"경기도 남양주 수동면 수동면 수산리 579","placeType":"하천","management":"일반지역","manageCode":"2","sectionM":"200.0","riskSectionM":null,"depthAvg":"0.3","depthMax":"0.8","accidents":"0","safetyAction":null,"note":null,"equipment":{"total":6,"sign":1,"rescueBox":1,"vest":2,"buoy":1,"rope":1,"pole":0},"staff":null,"coordinateCorrected":false,"sourceYear":2025}},{"type":"Feature","geometry":{"type":"Point","coordinates":[127.2726301,37.7548656]},"properties":{"id":31,"name":"몽골문화촌","detail":"몽골문화촌 앞","province":"경기도","district":"남양주","town":"수동면","address":"경기도 남양주 수동면 수동면 내방리 237-6","placeType":"하천","management":"일반지역","manageCode":"2","sectionM":"200.0","riskSectionM":null,"depthAvg":"0.3","depthMax":"0.6","accidents":"0","safetyAction":null,"note":null,"equipment":{"total":7,"sign":2,"rescueBox":1,"vest":2,"buoy":1,"rope":1,"pole":0},"staff":null,"coordinateCorrected":false,"sourceYear":2025}},{"type":"Feature","geometry":{"type":"Point","coordinates":[127.2643692,38.1170435]},"properties":{"id":32,"name":"한탄강","detail":"화적연","province":"경기도","district":"포천시","town":"관인면","address":"경기도 포천시 관인면 사정리 26-1","placeType":"하천","management":"일반지역","manageCode":"2","sectionM":"600.0","riskSectionM":null,"depthAvg":"3.0","depthMax":"15.0","accidents":"1","safetyAction":null,"note":null,"equipment":{"total":28,"sign":14,"rescueBox":2,"vest":4,"buoy":4,"rope":2,"pole":0},"staff":null,"coordinateCorrected":false,"sourceYear":2025}},{"type":"Feature","geometry":{"type":"Point","coordinates":[127.2049415,38.0666434]},"properties":{"id":33,"name":"한탄강","detail":"영로교","province":"경기도","district":"포천시","town":"창수면","address":"경기도 포천시 창수면 운산리 96-1","placeType":"하천","management":"일반지역","manageCode":"2","sectionM":"300.0","riskSectionM":null,"depthAvg":"5.0","depthMax":"10.0","accidents":"1","safetyAction":null,"note":null,"equipment":{"total":15,"sign":9,"rescueBox":0,"vest":2,"buoy":2,"rope":0,"pole":0},"staff":null,"coordinateCorrected":false,"sourceYear":2025}},{"type":"Feature","geometry":{"type":"Point","coordinates":[127.2521286,38.020621]},"properties":{"id":34,"name":"영평천","detail":"백교~성동보","province":"경기도","district":"포천시","town":"영중면","address":"경기도 포천시 영중면 성동리 640-2","placeType":"하천","management":"일반지역","manageCode":"2","sectionM":"300.0","riskSectionM":null,"depthAvg":"2.0","depthMax":"2.0","accidents":"1","safetyAction":null,"note":null,"equipment":{"total":12,"sign":5,"rescueBox":1,"vest":2,"buoy":2,"rope":1,"pole":0},"staff":null,"coordinateCorrected":false,"sourceYear":2025}},{"type":"Feature","geometry":{"type":"Point","coordinates":[127.2368069,38.0086782]},"properties":{"id":35,"name":"영평천","detail":"사은교","province":"경기도","district":"포천시","town":"영중면","address":"경기도 포천시 영중면 영송리 121-1","placeType":"하천","management":"일반지역","manageCode":"2","sectionM":"250.0","riskSectionM":null,"depthAvg":"2.0","depthMax":"2.0","accidents":"1","safetyAction":null,"note":null,"equipment":{"total":13,"sign":3,"rescueBox":1,"vest":3,"buoy":3,"rope":1,"pole":0},"staff":null,"coordinateCorrected":false,"sourceYear":2025}},{"type":"Feature","geometry":{"type":"Point","coordinates":[127.4097727,38.0720125]},"properties":{"id":37,"name":"영평천","detail":"백운계곡","province":"경기도","district":"포천시","town":"이동면","address":"경기도 포천시 이동면 도평리 36 일대","placeType":"계곡","management":"일반지역","manageCode":"2","sectionM":"3000.0","riskSectionM":null,"depthAvg":"2.0","depthMax":"3.0","accidents":"2","safetyAction":null,"note":null,"equipment":{"total":40,"sign":8,"rescueBox":2,"vest":10,"buoy":10,"rope":2,"pole":0},"staff":null,"coordinateCorrected":false,"sourceYear":2025}},{"type":"Feature","geometry":{"type":"Point","coordinates":[127.1056707,37.9705926]},"properties":{"id":38,"name":"수동천","detail":"열두개울","province":"경기도","district":"포천시","town":"신북면","address":"경기도 포천시 신북면 덕둔리 산220-5","placeType":"하천","management":"일반지역","manageCode":"2","sectionM":"1600.0","riskSectionM":null,"depthAvg":"1.0","depthMax":"2.0","accidents":"1","safetyAction":null,"note":null,"equipment":{"total":17,"sign":0,"rescueBox":2,"vest":5,"buoy":5,"rope":2,"pole":0},"staff":null,"coordinateCorrected":false,"sourceYear":2025}},{"type":"Feature","geometry":{"type":"Point","coordinates":[127.3643577,38.0225921]},"properties":{"id":39,"name":"영평천","detail":"장암1교~파인트리캠핑장 앞","province":"경기도","district":"포천시","town":"이동면","address":"경기도 포천시 이동면 장암리 382-10","placeType":"하천","management":"일반지역","manageCode":"2","sectionM":"500.0","riskSectionM":null,"depthAvg":"1.5","depthMax":"3.0","accidents":"1","safetyAction":null,"note":null,"equipment":{"total":13,"sign":3,"rescueBox":1,"vest":3,"buoy":3,"rope":1,"pole":0},"staff":null,"coordinateCorrected":false,"sourceYear":2025}},{"type":"Feature","geometry":{"type":"Point","coordinates":[127.3873502,38.0600578]},"properties":{"id":40,"name":"영평천","detail":"HJ글램핑장 앞","province":"경기도","district":"포천시","town":"이동면","address":"경기도 포천시 이동면 도평리 105-3","placeType":"하천","management":"일반지역","manageCode":"2","sectionM":"125.0","riskSectionM":null,"depthAvg":"1.0","depthMax":"2.0","accidents":"0","safetyAction":null,"note":null,"equipment":{"total":16,"sign":2,"rescueBox":2,"vest":4,"buoy":4,"rope":2,"pole":0},"staff":null,"coordinateCorrected":false,"sourceYear":2025}},{"type":"Feature","geometry":{"type":"Point","coordinates":[127.4927825,37.475234]},"properties":{"id":41,"name":"상촌계곡","detail":null,"province":"경기도","district":"양평군","town":"강상면","address":"경기도 양평군 강상면","placeType":"계곡","management":"일반지역","manageCode":"2","sectionM":"300.0","riskSectionM":null,"depthAvg":"0.5","depthMax":"1.0","accidents":"0","safetyAction":null,"note":null,"equipment":{"total":50,"sign":2,"rescueBox":2,"vest":25,"buoy":8,"rope":8,"pole":0},"staff":null,"coordinateCorrected":false,"sourceYear":2025}},{"type":"Feature","geometry":{"type":"Point","coordinates":[127.5844249,37.4323212]},"properties":{"id":42,"name":"흑천","detail":null,"province":"경기도","district":"양평군","town":"개군면","address":"경기도 양평군 개군면","placeType":"하천","management":"일반지역","manageCode":"2","sectionM":"130.0","riskSectionM":null,"depthAvg":"1.5","depthMax":"2.5","accidents":"0","safetyAction":null,"note":null,"equipment":{"total":37,"sign":3,"rescueBox":3,"vest":10,"buoy":13,"rope":5,"pole":0},"staff":null,"coordinateCorrected":false,"sourceYear":2025}},{"type":"Feature","geometry":{"type":"Point","coordinates":[127.675721,37.5204258]},"properties":{"id":43,"name":"선바위","detail":null,"province":"경기도","district":"양평군","town":"단월면","address":"경기도 양평군 단월면 삼가리 74-9","placeType":"하천","management":"일반지역","manageCode":"2","sectionM":"150.0","riskSectionM":null,"depthAvg":"1.0","depthMax":"2.0","accidents":"0","safetyAction":null,"note":null,"equipment":{"total":7,"sign":3,"rescueBox":1,"vest":1,"buoy":1,"rope":1,"pole":0},"staff":null,"coordinateCorrected":false,"sourceYear":2025}},{"type":"Feature","geometry":{"type":"Point","coordinates":[127.6228461,37.6405129]},"properties":{"id":44,"name":"돌고개 마을","detail":null,"province":"경기도","district":"양평군","town":"단월면","address":"경기도 양평군 단월면 석산리 77","placeType":"계곡","management":"일반지역","manageCode":"2","sectionM":"100.0","riskSectionM":null,"depthAvg":"1.0","depthMax":"2.0","accidents":"0","safetyAction":null,"note":null,"equipment":{"total":9,"sign":2,"rescueBox":2,"vest":2,"buoy":2,"rope":1,"pole":0},"staff":null,"coordinateCorrected":false,"sourceYear":2025}},{"type":"Feature","geometry":{"type":"Point","coordinates":[127.6036962,37.6412588]},"properties":{"id":45,"name":"물레울 마을","detail":null,"province":"경기도","district":"양평군","town":"단월면","address":"경기도 양평군 단월면 석산리 214-7","placeType":"계곡","management":"일반지역","manageCode":"2","sectionM":"100.0","riskSectionM":null,"depthAvg":"1.5","depthMax":"2.0","accidents":"0","safetyAction":null,"note":null,"equipment":{"total":8,"sign":1,"rescueBox":2,"vest":2,"buoy":2,"rope":1,"pole":0},"staff":null,"coordinateCorrected":false,"sourceYear":2025}},{"type":"Feature","geometry":{"type":"Point","coordinates":[127.6427596,37.5122668]},"properties":{"id":46,"name":"봉상마을","detail":null,"province":"경기도","district":"양평군","town":"단월면","address":"경기도 양평군 단월면 봉상리 666-6","placeType":"하천","management":"일반지역","manageCode":"2","sectionM":"150.0","riskSectionM":null,"depthAvg":"1.0","depthMax":"2.0","accidents":"0","safetyAction":null,"note":null,"equipment":{"total":9,"sign":1,"rescueBox":2,"vest":1,"buoy":4,"rope":1,"pole":0},"staff":null,"coordinateCorrected":false,"sourceYear":2025}},{"type":"Feature","geometry":{"type":"Point","coordinates":[127.6900728,37.5652638]},"properties":{"id":47,"name":"스마일펜션","detail":null,"province":"경기도","district":"양평군","town":"단월면","address":"경기도 양평군 단월면","placeType":"하천","management":"일반지역","manageCode":"2","sectionM":"100.0","riskSectionM":null,"depthAvg":"1.0","depthMax":"2.0","accidents":"1","safetyAction":null,"note":null,"equipment":{"total":9,"sign":1,"rescueBox":1,"vest":5,"buoy":1,"rope":1,"pole":0},"staff":null,"coordinateCorrected":false,"sourceYear":2025}},{"type":"Feature","geometry":{"type":"Point","coordinates":[127.6118296,37.6285974]},"properties":{"id":48,"name":"소리산소금강야영장(산음천)","detail":null,"province":"경기도","district":"양평군","town":"단월면","address":"경기도 양평군 단월면 석산리 689-1","placeType":"하천","management":"일반지역","manageCode":"2","sectionM":"200.0","riskSectionM":null,"depthAvg":"0.5","depthMax":"1.5","accidents":"0","safetyAction":null,"note":null,"equipment":{"total":4,"sign":1,"rescueBox":1,"vest":1,"buoy":1,"rope":0,"pole":0},"staff":null,"coordinateCorrected":false,"sourceYear":2025}},{"type":"Feature","geometry":{"type":"Point","coordinates":[127.4406844,37.6424747]},"properties":{"id":49,"name":"벽계천","detail":null,"province":"경기도","district":"양평군","town":"서종면","address":"경기도 양평군 서종면","placeType":"하천","management":"일반지역","manageCode":"2","sectionM":"800.0","riskSectionM":null,"depthAvg":"1.0","depthMax":"3.0","accidents":"0","safetyAction":null,"note":null,"equipment":{"total":20,"sign":5,"rescueBox":3,"vest":2,"buoy":5,"rope":4,"pole":0},"staff":null,"coordinateCorrected":false,"sourceYear":2025}},{"type":"Feature","geometry":{"type":"Point","coordinates":[127.4406844,37.6424747]},"properties":{"id":50,"name":"벽계천","detail":null,"province":"경기도","district":"양평군","town":"서종면","address":"경기도 양평군 서종면","placeType":"계곡","management":"일반지역","manageCode":"2","sectionM":"300.0","riskSectionM":null,"depthAvg":"1.0","depthMax":"2.0","accidents":"0","safetyAction":null,"note":null,"equipment":{"total":21,"sign":5,"rescueBox":4,"vest":6,"buoy":3,"rope":3,"pole":0},"staff":null,"coordinateCorrected":false,"sourceYear":2025}},{"type":"Feature","geometry":{"type":"Point","coordinates":[127.4406844,37.6424747]},"properties":{"id":51,"name":"수능계곡","detail":null,"province":"경기도","district":"양평군","town":"서종면","address":"경기도 양평군 서종면","placeType":"계곡","management":"일반지역","manageCode":"2","sectionM":"300.0","riskSectionM":null,"depthAvg":"1.0","depthMax":"2.0","accidents":"0","safetyAction":null,"note":null,"equipment":{"total":5,"sign":1,"rescueBox":1,"vest":1,"buoy":1,"rope":1,"pole":0},"staff":null,"coordinateCorrected":false,"sourceYear":2025}},{"type":"Feature","geometry":{"type":"Point","coordinates":[127.6702078,37.5240434]},"properties":{"id":52,"name":"봉상리 부안천","detail":null,"province":"경기도","district":"양평군","town":"단월면","address":"경기도 양평군 단월면 봉상리 28-6","placeType":"하천","management":"일반지역","manageCode":"2","sectionM":"50.0","riskSectionM":null,"depthAvg":"1.0","depthMax":"2.0","accidents":"0","safetyAction":null,"note":null,"equipment":{"total":2,"sign":1,"rescueBox":0,"vest":0,"buoy":1,"rope":0,"pole":0},"staff":null,"coordinateCorrected":false,"sourceYear":2025}},{"type":"Feature","geometry":{"type":"Point","coordinates":[127.4764229,37.5284944]},"properties":{"id":53,"name":"사나사 계곡","detail":null,"province":"경기도","district":"양평군","town":"옥천면","address":"경기도 양평군 옥천면 용천리 952번지","placeType":"계곡","management":"일반지역","manageCode":"2","sectionM":"300.0","riskSectionM":null,"depthAvg":"0.5","depthMax":"1.0","accidents":"0","safetyAction":null,"note":null,"equipment":{"total":51,"sign":3,"rescueBox":3,"vest":21,"buoy":21,"rope":1,"pole":0},"staff":null,"coordinateCorrected":false,"sourceYear":2025}},{"type":"Feature","geometry":{"type":"Point","coordinates":[127.6371906,37.5123327]},"properties":{"id":54,"name":"흑천","detail":"광탄유원지","province":"경기도","district":"양평군","town":"용문면","address":"경기도 양평군 용문면 광탄리 235-8","placeType":"하천","management":"일반지역","manageCode":"2","sectionM":"700.0","riskSectionM":null,"depthAvg":"2.5","depthMax":"5.0","accidents":"1","safetyAction":null,"note":null,"equipment":{"total":21,"sign":13,"rescueBox":2,"vest":3,"buoy":2,"rope":1,"pole":0},"staff":null,"coordinateCorrected":false,"sourceYear":2025}},{"type":"Feature","geometry":{"type":"Point","coordinates":[127.5975434,37.5059874]},"properties":{"id":56,"name":"용문천","detail":"천주교수련원","province":"경기도","district":"양평군","town":"용문면","address":"경기도 양평군 용문면 덕촌리 286","placeType":"하천","management":"일반지역","manageCode":"2","sectionM":"200.0","riskSectionM":null,"depthAvg":"2.5","depthMax":"5.0","accidents":"0","safetyAction":null,"note":null,"equipment":{"total":13,"sign":6,"rescueBox":2,"vest":2,"buoy":2,"rope":1,"pole":0},"staff":null,"coordinateCorrected":false,"sourceYear":2025}},{"type":"Feature","geometry":{"type":"Point","coordinates":[127.6065345,37.4882771]},"properties":{"id":57,"name":"흑천","detail":"화전교 상류","province":"경기도","district":"양평군","town":"용문면","address":"경기도 양평군 용문면 마룡리 152-5","placeType":"하천","management":"일반지역","manageCode":"2","sectionM":"250.0","riskSectionM":null,"depthAvg":"1.5","depthMax":"3.0","accidents":"0","safetyAction":null,"note":null,"equipment":{"total":11,"sign":4,"rescueBox":2,"vest":2,"buoy":2,"rope":1,"pole":0},"staff":null,"coordinateCorrected":false,"sourceYear":2025}},{"type":"Feature","geometry":{"type":"Point","coordinates":[127.6205518,37.5008564]},"properties":{"id":58,"name":"흑천","detail":"갈지보","province":"경기도","district":"양평군","town":"용문면","address":"경기도 양평군 용문면 금곡리 222-1","placeType":"하천","management":"일반지역","manageCode":"2","sectionM":"170.0","riskSectionM":null,"depthAvg":"2.0","depthMax":"4.0","accidents":"0","safetyAction":null,"note":null,"equipment":{"total":21,"sign":6,"rescueBox":4,"vest":5,"buoy":4,"rope":2,"pole":0},"staff":null,"coordinateCorrected":false,"sourceYear":2025}},{"type":"Feature","geometry":{"type":"Point","coordinates":[127.6007973,37.4982382]},"properties":{"id":59,"name":"용문천","detail":"준펜션","province":"경기도","district":"양평군","town":"용문면","address":"경기도 양평군 용문면 마룡리 467-3","placeType":"하천","management":"일반지역","manageCode":"2","sectionM":"200.0","riskSectionM":null,"depthAvg":"2.0","depthMax":"4.0","accidents":"0","safetyAction":null,"note":null,"equipment":{"total":9,"sign":5,"rescueBox":1,"vest":1,"buoy":1,"rope":1,"pole":0},"staff":null,"coordinateCorrected":false,"sourceYear":2025}},{"type":"Feature","geometry":{"type":"Point","coordinates":[127.612291,37.516871]},"properties":{"id":60,"name":"모꼬지마을","detail":"휴암빌리지","province":"경기도","district":"양평군","town":"용문면","address":"경기도 양평군 용문면 조현리 259","placeType":"하천","management":"일반지역","manageCode":"2","sectionM":"200.0","riskSectionM":null,"depthAvg":"1.0","depthMax":"2.0","accidents":"0","safetyAction":null,"note":null,"equipment":{"total":0,"sign":0,"rescueBox":0,"vest":0,"buoy":0,"rope":0,"pole":0},"staff":null,"coordinateCorrected":false,"sourceYear":2025}},{"type":"Feature","geometry":{"type":"Point","coordinates":[128.891934,36.767592]},"properties":{"id":736,"name":"고산정","detail":"고산정앞","province":"경상북도","district":"안동시","town":"도산면","address":"경상북도 안동시 도산면 가송리 177-42","placeType":"하천","management":"일반지역","manageCode":"2","sectionM":"200.0","riskSectionM":null,"depthAvg":"1.0","depthMax":"1.5","accidents":"0","safetyAction":null,"note":null,"equipment":{"total":6,"sign":2,"rescueBox":1,"vest":1,"buoy":1,"rope":1,"pole":0},"staff":null,"coordinateCorrected":false,"sourceYear":2025}},{"type":"Feature","geometry":{"type":"Point","coordinates":[128.897325,36.458049]},"properties":{"id":739,"name":"천지보","detail":"천지생태공원","province":"경상북도","district":"안동시","town":"길안면","address":"경상북도 안동시 길안면 천지리 590-1","placeType":"하천","management":"일반지역","manageCode":"2","sectionM":"80.0","riskSectionM":null,"depthAvg":"1.0","depthMax":"2.0","accidents":"0","safetyAction":null,"note":null,"equipment":{"total":10,"sign":2,"rescueBox":2,"vest":2,"buoy":2,"rope":2,"pole":0},"staff":null,"coordinateCorrected":false,"sourceYear":2025}},{"type":"Feature","geometry":{"type":"Point","coordinates":[128.924546,36.40595]},"properties":{"id":747,"name":"묵계보","detail":"고란입구","province":"경상북도","district":"안동시","town":"길안면","address":"경상북도 안동시 길안면 묵계리 산79-1","placeType":"하천","management":"일반지역","manageCode":"2","sectionM":"100.0","riskSectionM":null,"depthAvg":"1.0","depthMax":"2.0","accidents":"0","safetyAction":null,"note":null,"equipment":{"total":5,"sign":1,"rescueBox":1,"vest":1,"buoy":1,"rope":1,"pole":0},"staff":null,"coordinateCorrected":false,"sourceYear":2025}},{"type":"Feature","geometry":{"type":"Point","coordinates":[128.95912,36.366059]},"properties":{"id":755,"name":"대사3교","detail":"대사3교","province":"경상북도","district":"안동시","town":"길안면","address":"경상북도 안동시 길안면 대사리 290-1","placeType":"하천","management":"일반지역","manageCode":"2","sectionM":"80.0","riskSectionM":null,"depthAvg":"1.0","depthMax":"2.0","accidents":"0","safetyAction":null,"note":null,"equipment":{"total":5,"sign":1,"rescueBox":1,"vest":1,"buoy":1,"rope":1,"pole":0},"staff":null,"coordinateCorrected":false,"sourceYear":2025}},{"type":"Feature","geometry":{"type":"Point","coordinates":[127.6853447,37.5283843]},"properties":{"id":61,"name":"밤골자연발생 유원지","detail":"비룡2리 율리교 하류","province":"경기도","district":"양평군","town":"청운면","address":"경기도 양평군 청운면 비룡리 820-2","placeType":"하천","management":"일반지역","manageCode":"2","sectionM":"100.0","riskSectionM":null,"depthAvg":"1.5","depthMax":"2.0","accidents":"1","safetyAction":null,"note":"(인명구조함 1기 파손) 차량차단기 1기 화장실 1동","equipment":{"total":42,"sign":5,"rescueBox":1,"vest":30,"buoy":2,"rope":2,"pole":0},"staff":null,"coordinateCorrected":false,"sourceYear":2025}},{"type":"Feature","geometry":{"type":"Point","coordinates":[127.5260986,37.8675364]},"properties":{"id":62,"name":"가평천","detail":"까치유원지앞","province":"경기도","district":"가평군","town":"가평읍","address":"경기도 가평군 가평읍 개곡리 836-3","placeType":"하천","management":"일반지역","manageCode":"2","sectionM":"150.0","riskSectionM":null,"depthAvg":"1.0","depthMax":"1.0","accidents":"0","safetyAction":null,"note":null,"equipment":{"total":10,"sign":2,"rescueBox":1,"vest":2,"buoy":2,"rope":2,"pole":0},"staff":null,"coordinateCorrected":false,"sourceYear":2025}},{"type":"Feature","geometry":{"type":"Point","coordinates":[127.4746886,37.8588798]},"properties":{"id":63,"name":"승안천","detail":"용추쉼터","province":"경기도","district":"가평군","town":"가평읍","address":"경기도 가평군 가평읍 승안리 산 60-1","placeType":"계곡","management":"일반지역","manageCode":"2","sectionM":"30.0","riskSectionM":null,"depthAvg":"1.0","depthMax":"2.0","accidents":"1","safetyAction":null,"note":null,"equipment":{"total":10,"sign":2,"rescueBox":2,"vest":2,"buoy":2,"rope":2,"pole":0},"staff":null,"coordinateCorrected":false,"sourceYear":2025}},{"type":"Feature","geometry":{"type":"Point","coordinates":[127.471402,37.8599967]},"properties":{"id":64,"name":"승안천","detail":"펜션마을 입구","province":"경기도","district":"가평군","town":"가평읍","address":"경기도 가평군 가평읍 승안리 628","placeType":"계곡","management":"일반지역","manageCode":"2","sectionM":"30.0","riskSectionM":null,"depthAvg":"1.0","depthMax":"2.0","accidents":"1","safetyAction":null,"note":null,"equipment":{"total":5,"sign":1,"rescueBox":1,"vest":1,"buoy":1,"rope":1,"pole":0},"staff":null,"coordinateCorrected":false,"sourceYear":2025}},{"type":"Feature","geometry":{"type":"Point","coordinates":[127.4824855,37.8279884]},"properties":{"id":65,"name":"경반천","detail":"경반리 범소","province":"경기도","district":"가평군","town":"가평읍","address":"경기도 가평군 가평읍 경반리 516","placeType":"하천","management":"일반지역","manageCode":"2","sectionM":"50.0","riskSectionM":null,"depthAvg":"1.0","depthMax":"3.0","accidents":"0","safetyAction":null,"note":null,"equipment":{"total":11,"sign":3,"rescueBox":1,"vest":2,"buoy":2,"rope":2,"pole":0},"staff":null,"coordinateCorrected":false,"sourceYear":2025}},{"type":"Feature","geometry":{"type":"Point","coordinates":[127.4868963,37.84684]},"properties":{"id":66,"name":"승안천","detail":"연인산안내소 주차장앞","province":"경기도","district":"가평군","town":"가평읍","address":"경기도 가평군 가평읍 승안리 297-73","placeType":"하천","management":"일반지역","manageCode":"2","sectionM":"200.0","riskSectionM":null,"depthAvg":"1.0","depthMax":"1.0","accidents":"0","safetyAction":null,"note":null,"equipment":{"total":4,"sign":0,"rescueBox":0,"vest":1,"buoy":1,"rope":1,"pole":0},"staff":null,"coordinateCorrected":false,"sourceYear":2025}},{"type":"Feature","geometry":{"type":"Point","coordinates":[127.5079885,37.8467754]},"properties":{"id":67,"name":"가평천","detail":"여울펜션 다리 밑","province":"경기도","district":"가평군","town":"가평읍","address":"경기도 가평군 가평읍 읍내리 940-4","placeType":"하천","management":"일반지역","manageCode":"2","sectionM":"100.0","riskSectionM":null,"depthAvg":"1.0","depthMax":"2.0","accidents":"0","safetyAction":null,"note":null,"equipment":{"total":9,"sign":1,"rescueBox":1,"vest":2,"buoy":2,"rope":2,"pole":0},"staff":null,"coordinateCorrected":false,"sourceYear":2025}},{"type":"Feature","geometry":{"type":"Point","coordinates":[127.4953749,37.6012985]},"properties":{"id":68,"name":"벽계천","detail":"어비계곡(밤벌유원지)","province":"경기도","district":"가평군","town":"설악면","address":"경기도 가평군 설악면 가일리 350","placeType":"하천","management":"일반지역","manageCode":"2","sectionM":"10.0","riskSectionM":null,"depthAvg":"1.0","depthMax":"1.0","accidents":"1","safetyAction":null,"note":null,"equipment":{"total":9,"sign":1,"rescueBox":1,"vest":2,"buoy":2,"rope":2,"pole":0},"staff":null,"coordinateCorrected":false,"sourceYear":2025}},{"type":"Feature","geometry":{"type":"Point","coordinates":[127.4892389,37.6115304]},"properties":{"id":69,"name":"벽계천","detail":"용소유원지","province":"경기도","district":"가평군","town":"설악면","address":"경기도 가평군 설악면 방일리 산106","placeType":"하천","management":"일반지역","manageCode":"2","sectionM":"10.0","riskSectionM":null,"depthAvg":"1.0","depthMax":"2.0","accidents":"0","safetyAction":null,"note":null,"equipment":{"total":9,"sign":1,"rescueBox":1,"vest":2,"buoy":2,"rope":2,"pole":0},"staff":null,"coordinateCorrected":false,"sourceYear":2025}},{"type":"Feature","geometry":{"type":"Point","coordinates":[127.4225674,37.7328125]},"properties":{"id":70,"name":"조종천","detail":"안전유원지","province":"경기도","district":"가평군","town":"청평면","address":"경기도 가평군 청평면 청평리 95-15","placeType":"하천","management":"일반지역","manageCode":"2","sectionM":"300.0","riskSectionM":null,"depthAvg":"1.0","depthMax":"3.0","accidents":"2","safetyAction":null,"note":null,"equipment":{"total":20,"sign":4,"rescueBox":4,"vest":4,"buoy":4,"rope":4,"pole":0},"staff":null,"coordinateCorrected":false,"sourceYear":2025}},{"type":"Feature","geometry":{"type":"Point","coordinates":[127.408551,37.7285444]},"properties":{"id":71,"name":"조종천","detail":"청평대교 아래","province":"경기도","district":"가평군","town":"청평면","address":"경기도 가평군 청평면 청평리 642-7","placeType":"하천","management":"일반지역","manageCode":"2","sectionM":"100.0","riskSectionM":null,"depthAvg":"1.0","depthMax":"2.0","accidents":"1","safetyAction":null,"note":null,"equipment":{"total":10,"sign":2,"rescueBox":1,"vest":2,"buoy":2,"rope":2,"pole":0},"staff":null,"coordinateCorrected":false,"sourceYear":2025}},{"type":"Feature","geometry":{"type":"Point","coordinates":[127.3750112,37.6806097]},"properties":{"id":72,"name":"구운천","detail":"황새바위앞","province":"경기도","district":"가평군","town":"청평면","address":"경기도 가평군 청평면 대성리 586-12","placeType":"하천","management":"일반지역","manageCode":"2","sectionM":"60.0","riskSectionM":null,"depthAvg":"1.0","depthMax":"2.0","accidents":"5","safetyAction":null,"note":null,"equipment":{"total":10,"sign":2,"rescueBox":1,"vest":2,"buoy":2,"rope":2,"pole":0},"staff":null,"coordinateCorrected":false,"sourceYear":2025}},{"type":"Feature","geometry":{"type":"Point","coordinates":[127.4230279,37.7315319]},"properties":{"id":73,"name":"조종천","detail":"청평교 아래","province":"경기도","district":"가평군","town":"청평면","address":"경기도 가평군 청평면 청평리 738","placeType":"하천","management":"일반지역","manageCode":"2","sectionM":"500.0","riskSectionM":null,"depthAvg":"1.0","depthMax":"1.0","accidents":"0","safetyAction":null,"note":null,"equipment":{"total":14,"sign":2,"rescueBox":2,"vest":3,"buoy":3,"rope":3,"pole":0},"staff":null,"coordinateCorrected":false,"sourceYear":2025}},{"type":"Feature","geometry":{"type":"Point","coordinates":[127.3942667,37.7742705]},"properties":{"id":74,"name":"조종천","detail":"녹수계곡","province":"경기도","district":"가평군","town":"상면","address":"경기도 가평군 상면 덕현리 639-3","placeType":"하천","management":"일반지역","manageCode":"2","sectionM":"300.0","riskSectionM":null,"depthAvg":"1.0","depthMax":"1.0","accidents":"1","safetyAction":null,"note":null,"equipment":{"total":19,"sign":3,"rescueBox":2,"vest":4,"buoy":4,"rope":4,"pole":0},"staff":null,"coordinateCorrected":false,"sourceYear":2025}},{"type":"Feature","geometry":{"type":"Point","coordinates":[127.40767,37.7543949]},"properties":{"id":75,"name":"조종천","detail":"별빛누리 글램핑장","province":"경기도","district":"가평군","town":"상면","address":"경기도 가평군 상면 덕현리 131-3","placeType":"하천","management":"일반지역","manageCode":"2","sectionM":"200.0","riskSectionM":null,"depthAvg":"1.0","depthMax":"2.0","accidents":"0","safetyAction":null,"note":null,"equipment":{"total":4,"sign":0,"rescueBox":0,"vest":1,"buoy":1,"rope":1,"pole":0},"staff":null,"coordinateCorrected":false,"sourceYear":2025}},{"type":"Feature","geometry":{"type":"Point","coordinates":[127.412106,37.7545901]},"properties":{"id":76,"name":"조종천","detail":"산장국민관광지","province":"경기도","district":"가평군","town":"상면","address":"경기도 가평군 상면 덕현리 산 74-1","placeType":"하천","management":"일반지역","manageCode":"2","sectionM":"200.0","riskSectionM":null,"depthAvg":"1.0","depthMax":"2.0","accidents":"1","safetyAction":null,"note":null,"equipment":{"total":36,"sign":4,"rescueBox":4,"vest":8,"buoy":8,"rope":8,"pole":0},"staff":null,"coordinateCorrected":false,"sourceYear":2025}},{"type":"Feature","geometry":{"type":"Point","coordinates":[127.3948638,37.7590776]},"properties":{"id":77,"name":"조종천","detail":"덕현교 아래","province":"경기도","district":"가평군","town":"상면","address":"경기도 가평군 상면 덕현리 691","placeType":"하천","management":"일반지역","manageCode":"2","sectionM":"200.0","riskSectionM":null,"depthAvg":"1.0","depthMax":"2.0","accidents":"1","safetyAction":null,"note":null,"equipment":{"total":11,"sign":3,"rescueBox":1,"vest":2,"buoy":2,"rope":2,"pole":0},"staff":null,"coordinateCorrected":false,"sourceYear":2025}},{"type":"Feature","geometry":{"type":"Point","coordinates":[127.347843,37.8540219]},"properties":{"id":78,"name":"조종천","detail":"용수유원지","province":"경기도","district":"가평군","town":"조종면","address":"경기도 가평군 조종면 신상리 257","placeType":"하천","management":"일반지역","manageCode":"2","sectionM":"40.0","riskSectionM":null,"depthAvg":"1.0","depthMax":"1.5","accidents":"0","safetyAction":null,"note":null,"equipment":{"total":10,"sign":2,"rescueBox":1,"vest":2,"buoy":2,"rope":2,"pole":0},"staff":null,"coordinateCorrected":false,"sourceYear":2025}},{"type":"Feature","geometry":{"type":"Point","coordinates":[127.3533978,37.8231552]},"properties":{"id":79,"name":"조종천","detail":"배터유원지","province":"경기도","district":"가평군","town":"조종면","address":"경기도 가평군 조종면 현리 567-1","placeType":"하천","management":"일반지역","manageCode":"2","sectionM":"40.0","riskSectionM":null,"depthAvg":"1.0","depthMax":"2.0","accidents":"0","safetyAction":null,"note":null,"equipment":{"total":9,"sign":1,"rescueBox":1,"vest":2,"buoy":2,"rope":2,"pole":0},"staff":null,"coordinateCorrected":false,"sourceYear":2025}},{"type":"Feature","geometry":{"type":"Point","coordinates":[127.3568941,37.8447071]},"properties":{"id":80,"name":"조종천","detail":"신상교 아래","province":"경기도","district":"가평군","town":"조종면","address":"경기도 가평군 조종면 신상리 809","placeType":"하천","management":"일반지역","manageCode":"2","sectionM":"30.0","riskSectionM":null,"depthAvg":"1.0","depthMax":"1.5","accidents":"0","safetyAction":null,"note":null,"equipment":{"total":9,"sign":1,"rescueBox":1,"vest":2,"buoy":2,"rope":2,"pole":0},"staff":null,"coordinateCorrected":false,"sourceYear":2025}},{"type":"Feature","geometry":{"type":"Point","coordinates":[127.3542024,37.8862245]},"properties":{"id":81,"name":"조종천","detail":"애기소","province":"경기도","district":"가평군","town":"조종면","address":"경기도 가평군 조종면 운악리 221-7","placeType":"하천","management":"일반지역","manageCode":"2","sectionM":"100.0","riskSectionM":null,"depthAvg":"1.0","depthMax":"3.0","accidents":"2","safetyAction":null,"note":null,"equipment":{"total":9,"sign":1,"rescueBox":1,"vest":2,"buoy":2,"rope":2,"pole":0},"staff":null,"coordinateCorrected":false,"sourceYear":2025}},{"type":"Feature","geometry":{"type":"Point","coordinates":[127.4921249,37.926761]},"properties":{"id":82,"name":"가평천","detail":"호수유원지민박","province":"경기도","district":"가평군","town":"북면","address":"경기도 가평군 북면 도대리 198","placeType":"계곡","management":"일반지역","manageCode":"2","sectionM":"70.0","riskSectionM":null,"depthAvg":"1.0","depthMax":"2.0","accidents":"0","safetyAction":null,"note":null,"equipment":{"total":10,"sign":2,"rescueBox":1,"vest":2,"buoy":2,"rope":2,"pole":0},"staff":null,"coordinateCorrected":false,"sourceYear":2025}},{"type":"Feature","geometry":{"type":"Point","coordinates":[127.472734,37.9570196]},"properties":{"id":83,"name":"가평천","detail":"도대리 용소폭포","province":"경기도","district":"가평군","town":"북면","address":"경기도 가평군 북면 도대리 389","placeType":"계곡","management":"일반지역","manageCode":"2","sectionM":"110.0","riskSectionM":null,"depthAvg":"1.5","depthMax":"5.0","accidents":"3","safetyAction":null,"note":null,"equipment":{"total":19,"sign":3,"rescueBox":2,"vest":4,"buoy":4,"rope":4,"pole":0},"staff":null,"coordinateCorrected":false,"sourceYear":2025}},{"type":"Feature","geometry":{"type":"Point","coordinates":[127.5033535,37.8994026]},"properties":{"id":84,"name":"가평천","detail":"백둔교 아래","province":"경기도","district":"가평군","town":"북면","address":"경기도 가평군 북면 백둔리 1115","placeType":"계곡","management":"일반지역","manageCode":"2","sectionM":"100.0","riskSectionM":null,"depthAvg":"1.0","depthMax":"2.0","accidents":"0","safetyAction":null,"note":null,"equipment":{"total":10,"sign":2,"rescueBox":1,"vest":2,"buoy":2,"rope":2,"pole":0},"staff":null,"coordinateCorrected":false,"sourceYear":2025}},{"type":"Feature","geometry":{"type":"Point","coordinates":[127.5243483,37.8978373]},"properties":{"id":85,"name":"가평천","detail":"월화수목펜션앞","province":"경기도","district":"가평군","town":"북면","address":"경기도 가평군 북면 제령리 514-3","placeType":"하천","management":"일반지역","manageCode":"2","sectionM":"100.0","riskSectionM":null,"depthAvg":"1.0","depthMax":"2.0","accidents":"0","safetyAction":null,"note":null,"equipment":{"total":15,"sign":3,"rescueBox":2,"vest":3,"buoy":3,"rope":3,"pole":0},"staff":null,"coordinateCorrected":false,"sourceYear":2025}},{"type":"Feature","geometry":{"type":"Point","coordinates":[127.545343,37.8885271]},"properties":{"id":86,"name":"가평천","detail":"배터","province":"경기도","district":"가평군","town":"북면","address":"경기도 가평군 북면 목동리 1077","placeType":"하천","management":"일반지역","manageCode":"2","sectionM":"200.0","riskSectionM":null,"depthAvg":"1.0","depthMax":"3.0","accidents":"1","safetyAction":null,"note":null,"equipment":{"total":11,"sign":3,"rescueBox":2,"vest":2,"buoy":2,"rope":2,"pole":0},"staff":null,"coordinateCorrected":false,"sourceYear":2025}},{"type":"Feature","geometry":{"type":"Point","coordinates":[127.4932537,37.928378]},"properties":{"id":87,"name":"가평천","detail":"다리유원지앞","province":"경기도","district":"가평군","town":"북면","address":"경기도 가평군 북면 도대리 산 303","placeType":"계곡","management":"일반지역","manageCode":"2","sectionM":"70.0","riskSectionM":null,"depthAvg":"1.0","depthMax":"2.0","accidents":"0","safetyAction":null,"note":null,"equipment":{"total":9,"sign":1,"rescueBox":1,"vest":2,"buoy":2,"rope":2,"pole":0},"staff":null,"coordinateCorrected":false,"sourceYear":2025}},{"type":"Feature","geometry":{"type":"Point","coordinates":[127.5023724,37.9030654]},"properties":{"id":88,"name":"가평천","detail":"연인산온천리조트","province":"경기도","district":"가평군","town":"북면","address":"경기도 가평군 북면 도대리 70-111","placeType":"하천","management":"일반지역","manageCode":"2","sectionM":"200.0","riskSectionM":null,"depthAvg":"1.0","depthMax":"2.0","accidents":"0","safetyAction":null,"note":null,"equipment":{"total":6,"sign":2,"rescueBox":0,"vest":1,"buoy":1,"rope":1,"pole":0},"staff":null,"coordinateCorrected":false,"sourceYear":2025}},{"type":"Feature","geometry":{"type":"Point","coordinates":[127.5261327,37.8971906]},"properties":{"id":89,"name":"가평천","detail":"중바위유원지","province":"경기도","district":"가평군","town":"북면","address":"경기도 가평군 북면 제령리 670","placeType":"하천","management":"일반지역","manageCode":"2","sectionM":"150.0","riskSectionM":null,"depthAvg":"1.0","depthMax":"2.0","accidents":"0","safetyAction":null,"note":null,"equipment":{"total":9,"sign":1,"rescueBox":1,"vest":2,"buoy":2,"rope":2,"pole":0},"staff":null,"coordinateCorrected":false,"sourceYear":2025}},{"type":"Feature","geometry":{"type":"Point","coordinates":[127.437455,37.9874016]},"properties":{"id":90,"name":"도마천","detail":"토마토펜션 앞","province":"경기도","district":"가평군","town":"북면","address":"경기도 가평군 북면 적목리 643","placeType":"하천","management":"일반지역","manageCode":"2","sectionM":"70.0","riskSectionM":null,"depthAvg":"1.0","depthMax":"3.0","accidents":"0","safetyAction":null,"note":null,"equipment":{"total":13,"sign":1,"rescueBox":2,"vest":3,"buoy":3,"rope":3,"pole":0},"staff":null,"coordinateCorrected":false,"sourceYear":2025}},{"type":"Feature","geometry":{"type":"Point","coordinates":[127.5245634,37.9689758]},"properties":{"id":91,"name":"화악천","detail":"넓은다락방","province":"경기도","district":"가평군","town":"북면","address":"경기도 가평군 북면 화악리 1054-1","placeType":"계곡","management":"일반지역","manageCode":"2","sectionM":"60.0","riskSectionM":null,"depthAvg":"1.0","depthMax":"1.5","accidents":"1","safetyAction":null,"note":null,"equipment":{"total":9,"sign":1,"rescueBox":1,"vest":2,"buoy":2,"rope":2,"pole":0},"staff":null,"coordinateCorrected":false,"sourceYear":2025}},{"type":"Feature","geometry":{"type":"Point","coordinates":[127.0568668,38.0146702]},"properties":{"id":92,"name":"한탄강관광지","detail":"한탄강관광지","province":"경기도","district":"연천군","town":"전곡읍","address":"경기도 연천군 전곡읍 전곡리 689-2","placeType":"하천","management":"일반지역","manageCode":"2","sectionM":"2000.0","riskSectionM":null,"depthAvg":"2.0","depthMax":"4.0","accidents":"1","safetyAction":null,"note":null,"equipment":{"total":110,"sign":10,"rescueBox":20,"vest":44,"buoy":17,"rope":17,"pole":0},"staff":null,"coordinateCorrected":false,"sourceYear":2025}},{"type":"Feature","geometry":{"type":"Point","coordinates":[126.9176698,37.9889867]},"properties":{"id":93,"name":"비룡대교","detail":"비룡대교주변","province":"경기도","district":"연천군","town":"백학면","address":"경기도 연천군 백학면 노곡리 629-12","placeType":"하천","management":"일반지역","manageCode":"2","sectionM":"300.0","riskSectionM":null,"depthAvg":"1.0","depthMax":"3.0","accidents":"0","safetyAction":null,"note":null,"equipment":{"total":24,"sign":12,"rescueBox":4,"vest":4,"buoy":2,"rope":2,"pole":0},"staff":null,"coordinateCorrected":false,"sourceYear":2025}},{"type":"Feature","geometry":{"type":"Point","coordinates":[127.1113867,38.1016938]},"properties":{"id":94,"name":"동막리유원지","detail":"동막리자라바위","province":"경기도","district":"연천군","town":"연천읍","address":"경기도 연천군 연천읍 동막리 181-2","placeType":"계곡","management":"일반지역","manageCode":"2","sectionM":"300.0","riskSectionM":null,"depthAvg":"1.0","depthMax":"2.0","accidents":"0","safetyAction":null,"note":null,"equipment":{"total":30,"sign":17,"rescueBox":1,"vest":6,"buoy":3,"rope":3,"pole":0},"staff":null,"coordinateCorrected":false,"sourceYear":2025}},{"type":"Feature","geometry":{"type":"Point","coordinates":[127.0093858,38.0894792]},"properties":{"id":95,"name":"북삼교","detail":"북삼교밑","province":"경기도","district":"연천군","town":"군남면","address":"경기도 연천군 군남면 삼거리 716-2","placeType":"하천","management":"일반지역","manageCode":"2","sectionM":"500.0","riskSectionM":null,"depthAvg":"2.0","depthMax":"3.0","accidents":"0","safetyAction":null,"note":null,"equipment":{"total":25,"sign":10,"rescueBox":0,"vest":12,"buoy":1,"rope":1,"pole":0},"staff":null,"coordinateCorrected":false,"sourceYear":2025}},{"type":"Feature","geometry":{"type":"Point","coordinates":[127.0184038,38.0573397]},"properties":{"id":96,"name":"임진교","detail":"임진교밑","province":"경기도","district":"연천군","town":"군남면","address":"경기도 연천군 군남면 진상리 623-11","placeType":"하천","management":"일반지역","manageCode":"2","sectionM":"2000.0","riskSectionM":null,"depthAvg":"2.0","depthMax":"3.0","accidents":"0","safetyAction":null,"note":null,"equipment":{"total":20,"sign":6,"rescueBox":2,"vest":6,"buoy":3,"rope":3,"pole":0},"staff":null,"coordinateCorrected":false,"sourceYear":2025}},{"type":"Feature","geometry":{"type":"Point","coordinates":[127.1049979,38.0374838]},"properties":{"id":97,"name":"한탄강","detail":"궁신교주변","province":"경기도","district":"연천군","town":"전곡읍","address":"경기도 연천군 전곡읍 신답리 17-38","placeType":"하천","management":"일반지역","manageCode":"2","sectionM":"1000.0","riskSectionM":null,"depthAvg":"3.0","depthMax":"4.0","accidents":"0","safetyAction":null,"note":null,"equipment":{"total":29,"sign":4,"rescueBox":1,"vest":12,"buoy":6,"rope":6,"pole":0},"staff":null,"coordinateCorrected":false,"sourceYear":2025}},{"type":"Feature","geometry":{"type":"Point","coordinates":[127.0789127,38.0511988]},"properties":{"id":98,"name":"어수물","detail":"어수물","province":"경기도","district":"연천군","town":"전곡읍","address":"경기도 연천군 전곡읍 은대리 52-11","placeType":"하천","management":"일반지역","manageCode":"2","sectionM":"350.0","riskSectionM":null,"depthAvg":"2.0","depthMax":"4.0","accidents":"1","safetyAction":null,"note":null,"equipment":{"total":7,"sign":2,"rescueBox":1,"vest":2,"buoy":1,"rope":1,"pole":0},"staff":null,"coordinateCorrected":false,"sourceYear":2025}},{"type":"Feature","geometry":{"type":"Point","coordinates":[127.0637749,38.0063891]},"properties":{"id":99,"name":"한탄강","detail":"한탄대교주변","province":"경기도","district":"연천군","town":"전곡읍","address":"경기도 연천군 전곡읍 전곡리 702-4","placeType":"하천","management":"일반지역","manageCode":"2","sectionM":"2000.0","riskSectionM":null,"depthAvg":"3.0","depthMax":"3.0","accidents":"0","safetyAction":null,"note":null,"equipment":{"total":20,"sign":5,"rescueBox":0,"vest":12,"buoy":1,"rope":1,"pole":0},"staff":null,"coordinateCorrected":false,"sourceYear":2025}},{"type":"Feature","geometry":{"type":"Point","coordinates":[126.9821473,38.0230907]},"properties":{"id":100,"name":"임진강","detail":"삼화교","province":"경기도","district":"연천군","town":"미산면","address":"경기도 연천군 미산면 삼화리 279","placeType":"하천","management":"일반지역","manageCode":"2","sectionM":"4000.0","riskSectionM":null,"depthAvg":"3.0","depthMax":"4.0","accidents":"0","safetyAction":null,"note":null,"equipment":{"total":30,"sign":15,"rescueBox":3,"vest":6,"buoy":3,"rope":3,"pole":0},"staff":null,"coordinateCorrected":false,"sourceYear":2025}},{"type":"Feature","geometry":{"type":"Point","coordinates":[127.1339026,38.1306751]},"properties":{"id":101,"name":"내산리","detail":"내산리(시원농장)","province":"경기도","district":"연천군","town":"신서면","address":"경기도 연천군 신서면 내산리 313","placeType":"계곡","management":"일반지역","manageCode":"2","sectionM":"2500.0","riskSectionM":null,"depthAvg":"2.0","depthMax":"4.0","accidents":"0","safetyAction":null,"note":null,"equipment":{"total":22,"sign":15,"rescueBox":1,"vest":4,"buoy":1,"rope":1,"pole":0},"staff":null,"coordinateCorrected":false,"sourceYear":2025}},{"type":"Feature","geometry":{"type":"Point","coordinates":[127.0122843,38.0046566]},"properties":{"id":102,"name":"합수머리","detail":"합수머리(도감포, 마포리)","province":"경기도","district":"연천군","town":"군남면","address":"경기도 연천군 군남면 남계리 479-1","placeType":"하천","management":"일반지역","manageCode":"2","sectionM":"2000.0","riskSectionM":null,"depthAvg":"2.0","depthMax":"4.0","accidents":"0","safetyAction":null,"note":null,"equipment":{"total":10,"sign":4,"rescueBox":0,"vest":4,"buoy":1,"rope":1,"pole":0},"staff":null,"coordinateCorrected":false,"sourceYear":2025}},{"type":"Feature","geometry":{"type":"Point","coordinates":[127.0148804,38.0201543]},"properties":{"id":103,"name":"동이리주상절리","detail":"동이리주상절리","province":"경기도","district":"연천군","town":"미산면","address":"경기도 연천군 미산면 동이리 63-4","placeType":"하천","management":"일반지역","manageCode":"2","sectionM":"1000.0","riskSectionM":null,"depthAvg":"2.0","depthMax":"4.0","accidents":"0","safetyAction":null,"note":null,"equipment":{"total":14,"sign":4,"rescueBox":2,"vest":4,"buoy":2,"rope":2,"pole":0},"staff":null,"coordinateCorrected":false,"sourceYear":2025}},{"type":"Feature","geometry":{"type":"Point","coordinates":[126.8758517,38.0035202]},"properties":{"id":104,"name":"사미천","detail":"사미천교","province":"경기도","district":"연천군","town":"백학면","address":"경기도 연천군 백학면 전동리 527-50","placeType":"하천","management":"일반지역","manageCode":"2","sectionM":"50.0","riskSectionM":null,"depthAvg":"1.0","depthMax":"3.0","accidents":"0","safetyAction":null,"note":null,"equipment":{"total":5,"sign":1,"rescueBox":0,"vest":2,"buoy":0,"rope":1,"pole":0},"staff":null,"coordinateCorrected":false,"sourceYear":2025}},{"type":"Feature","geometry":{"type":"Point","coordinates":[127.5811729,38.0528283]},"properties":{"id":105,"name":"오월2리 종점","detail":"농산물판매장","province":"강원특별자치도","district":"춘천시","town":"사북면","address":"강원특별자치도 춘천시 사북면 오탄리 959-4","placeType":"하천","management":"일반지역","manageCode":"2","sectionM":"100.0","riskSectionM":null,"depthAvg":"1.0","depthMax":"3.0","accidents":"0","safetyAction":null,"note":null,"equipment":{"total":12,"sign":2,"rescueBox":1,"vest":2,"buoy":2,"rope":3,"pole":0},"staff":null,"coordinateCorrected":false,"sourceYear":2025}},{"type":"Feature","geometry":{"type":"Point","coordinates":[129.206073,36.694618]},"properties":{"id":827,"name":"송하계곡","detail":"송하계곡","province":"경상북도","district":"영양군","town":"수비면","address":"경상북도 영양군 수비면 송하리 122-3","placeType":"계곡","management":"일반지역","manageCode":"2","sectionM":"50.0","riskSectionM":null,"depthAvg":"1.0","depthMax":"2.0","accidents":"0","safetyAction":null,"note":null,"equipment":{"total":14,"sign":2,"rescueBox":2,"vest":2,"buoy":2,"rope":2,"pole":0},"staff":null,"coordinateCorrected":false,"sourceYear":2025}},{"type":"Feature","geometry":{"type":"Point","coordinates":[129.201881,36.50852]},"properties":{"id":828,"name":"삼의계곡","detail":"삼의계곡","province":"경상북도","district":"영양군","town":"석보면","address":"경상북도 영양군 석보면  삼의리 181-4","placeType":"계곡","management":"일반지역","manageCode":"2","sectionM":"50.0","riskSectionM":null,"depthAvg":"1.0","depthMax":"2.0","accidents":"0","safetyAction":null,"note":null,"equipment":{"total":14,"sign":2,"rescueBox":2,"vest":2,"buoy":2,"rope":2,"pole":0},"staff":null,"coordinateCorrected":false,"sourceYear":2025}},{"type":"Feature","geometry":{"type":"Point","coordinates":[127.6497525,37.6825513]},"properties":{"id":107,"name":"두미교","detail":"홍천강집","province":"강원특별자치도","district":"춘천시","town":"남산면","address":"강원특별자치도 춘천시 남산면 산수리 455","placeType":"하천","management":"일반지역","manageCode":"2","sectionM":"200.0","riskSectionM":null,"depthAvg":"2.0","depthMax":"3.0","accidents":"0","safetyAction":null,"note":null,"equipment":{"total":16,"sign":1,"rescueBox":1,"vest":3,"buoy":3,"rope":4,"pole":0},"staff":null,"coordinateCorrected":false,"sourceYear":2025}},{"type":"Feature","geometry":{"type":"Point","coordinates":[127.6115125,37.6770255]},"properties":{"id":108,"name":"한덕교","detail":"한덕유원지","province":"강원특별자치도","district":"춘천시","town":"남면","address":"강원특별자치도 춘천시 남면 한덕리 603-4","placeType":"하천","management":"일반지역","manageCode":"2","sectionM":"800.0","riskSectionM":null,"depthAvg":"2.0","depthMax":"3.0","accidents":"1","safetyAction":null,"note":null,"equipment":{"total":76,"sign":12,"rescueBox":4,"vest":14,"buoy":14,"rope":17,"pole":0},"staff":null,"coordinateCorrected":false,"sourceYear":2025}},{"type":"Feature","geometry":{"type":"Point","coordinates":[127.8882007,37.4353522]},"properties":{"id":109,"name":"산현교","detail":"산현교 B","province":"강원특별자치도","district":"원주시","town":"호저면","address":"강원특별자치도 원주시 호저면 산현리 478","placeType":"하천","management":"일반지역","manageCode":"2","sectionM":"120.0","riskSectionM":null,"depthAvg":"0.7","depthMax":"1.5","accidents":"0","safetyAction":null,"note":null,"equipment":{"total":6,"sign":2,"rescueBox":1,"vest":1,"buoy":1,"rope":1,"pole":0},"staff":null,"coordinateCorrected":false,"sourceYear":2025}},{"type":"Feature","geometry":{"type":"Point","coordinates":[127.8885073,37.4404254]},"properties":{"id":110,"name":"칠봉교","detail":"칠봉교","province":"강원특별자치도","district":"원주시","town":"호저면","address":"강원특별자치도 원주시 호저면 산현리 519-4","placeType":"하천","management":"일반지역","manageCode":"2","sectionM":"130.0","riskSectionM":null,"depthAvg":"0.6","depthMax":"1.5","accidents":"0","safetyAction":null,"note":null,"equipment":{"total":18,"sign":3,"rescueBox":2,"vest":7,"buoy":3,"rope":2,"pole":0},"staff":null,"coordinateCorrected":false,"sourceYear":2025}},{"type":"Feature","geometry":{"type":"Point","coordinates":[127.8911504,37.4524235]},"properties":{"id":111,"name":"봉바위돌집","detail":"봉바위돌집","province":"강원특별자치도","district":"원주시","town":"호저면","address":"강원특별자치도 원주시 호저면 용곡리 546-1","placeType":"하천","management":"일반지역","manageCode":"2","sectionM":"200.0","riskSectionM":null,"depthAvg":"0.5","depthMax":"1.0","accidents":"0","safetyAction":null,"note":null,"equipment":{"total":16,"sign":1,"rescueBox":1,"vest":3,"buoy":3,"rope":6,"pole":0},"staff":null,"coordinateCorrected":false,"sourceYear":2025}},{"type":"Feature","geometry":{"type":"Point","coordinates":[127.8940749,37.4580506]},"properties":{"id":112,"name":"상용곡교","detail":"상용곡교","province":"강원특별자치도","district":"원주시","town":"호저면","address":"강원특별자치도 원주시 호저면 용곡리 438-2","placeType":"하천","management":"일반지역","manageCode":"2","sectionM":"150.0","riskSectionM":null,"depthAvg":"0.5","depthMax":"1.8","accidents":"0","safetyAction":null,"note":null,"equipment":{"total":18,"sign":2,"rescueBox":2,"vest":10,"buoy":2,"rope":2,"pole":0},"staff":null,"coordinateCorrected":false,"sourceYear":2025}},{"type":"Feature","geometry":{"type":"Point","coordinates":[127.8999583,37.4618432]},"properties":{"id":113,"name":"물가애농원","detail":"물가애캠핑장","province":"강원특별자치도","district":"원주시","town":"호저면","address":"강원특별자치도 원주시 호저면 용곡리 311","placeType":"하천","management":"일반지역","manageCode":"2","sectionM":"100.0","riskSectionM":null,"depthAvg":"0.5","depthMax":"0.8","accidents":"0","safetyAction":null,"note":null,"equipment":{"total":15,"sign":1,"rescueBox":1,"vest":8,"buoy":2,"rope":2,"pole":0},"staff":null,"coordinateCorrected":false,"sourceYear":2025}},{"type":"Feature","geometry":{"type":"Point","coordinates":[127.8060923,37.3685451]},"properties":{"id":114,"name":"원대교","detail":"원대교","province":"강원특별자치도","district":"원주시","town":"지정면","address":"강원특별자치도 원주시 지정면 판대리 675","placeType":"하천","management":"일반지역","manageCode":"2","sectionM":"60.0","riskSectionM":null,"depthAvg":"1.0","depthMax":"3.0","accidents":"0","safetyAction":null,"note":null,"equipment":{"total":22,"sign":2,"rescueBox":2,"vest":9,"buoy":5,"rope":3,"pole":0},"staff":null,"coordinateCorrected":false,"sourceYear":2025}},{"type":"Feature","geometry":{"type":"Point","coordinates":[127.8060923,37.3685451]},"properties":{"id":115,"name":"삼봉쉼터","detail":"삼봉쉼터","province":"강원특별자치도","district":"원주시","town":"지정면","address":"강원특별자치도 원주시 지정면 판대리 675","placeType":"하천","management":"일반지역","manageCode":"2","sectionM":"200.0","riskSectionM":null,"depthAvg":"1.0","depthMax":"3.0","accidents":"0","safetyAction":null,"note":null,"equipment":{"total":23,"sign":2,"rescueBox":1,"vest":9,"buoy":4,"rope":6,"pole":0},"staff":null,"coordinateCorrected":false,"sourceYear":2025}},{"type":"Feature","geometry":{"type":"Point","coordinates":[127.7935078,37.3781375]},"properties":{"id":116,"name":"판대1교","detail":"판대1교 상","province":"강원특별자치도","district":"원주시","town":"지정면","address":"강원특별자치도 원주시 지정면 판대리 271-9","placeType":"하천","management":"일반지역","manageCode":"2","sectionM":"80.0","riskSectionM":null,"depthAvg":"1.2","depthMax":"3.0","accidents":"0","safetyAction":null,"note":null,"equipment":{"total":14,"sign":1,"rescueBox":0,"vest":5,"buoy":4,"rope":3,"pole":0},"staff":null,"coordinateCorrected":false,"sourceYear":2025}},{"type":"Feature","geometry":{"type":"Point","coordinates":[127.7935078,37.3781375]},"properties":{"id":117,"name":"판대1교","detail":"판대1교 하","province":"강원특별자치도","district":"원주시","town":"지정면","address":"강원특별자치도 원주시 지정면 판대리 271-9","placeType":"하천","management":"일반지역","manageCode":"2","sectionM":"200.0","riskSectionM":null,"depthAvg":"1.0","depthMax":"3.0","accidents":"0","safetyAction":null,"note":null,"equipment":{"total":19,"sign":1,"rescueBox":0,"vest":6,"buoy":6,"rope":4,"pole":0},"staff":null,"coordinateCorrected":false,"sourceYear":2025}},{"type":"Feature","geometry":{"type":"Point","coordinates":[127.8157363,37.3656627]},"properties":{"id":118,"name":"되냉기들","detail":"되냉기들 하","province":"강원특별자치도","district":"원주시","town":"지정면","address":"강원특별자치도 원주시 지정면 판대리 643-13","placeType":"하천","management":"일반지역","manageCode":"2","sectionM":"300.0","riskSectionM":null,"depthAvg":"1.0","depthMax":"2.0","accidents":"0","safetyAction":null,"note":null,"equipment":{"total":30,"sign":1,"rescueBox":1,"vest":13,"buoy":8,"rope":5,"pole":0},"staff":null,"coordinateCorrected":false,"sourceYear":2025}},{"type":"Feature","geometry":{"type":"Point","coordinates":[128.1991445,37.2941875]},"properties":{"id":119,"name":"서마니유원지","detail":"서마니유원지B","province":"강원특별자치도","district":"원주시","town":"신림면","address":"강원특별자치도 원주시 신림면 송계리 335-2","placeType":"하천","management":"일반지역","manageCode":"2","sectionM":"150.0","riskSectionM":null,"depthAvg":"1.0","depthMax":"5.0","accidents":"0","safetyAction":null,"note":null,"equipment":{"total":22,"sign":3,"rescueBox":1,"vest":12,"buoy":2,"rope":3,"pole":0},"staff":null,"coordinateCorrected":false,"sourceYear":2025}},{"type":"Feature","geometry":{"type":"Point","coordinates":[128.1976791,37.2962637]},"properties":{"id":120,"name":"서마니유원지","detail":"서마니유원지C","province":"강원특별자치도","district":"원주시","town":"신림면","address":"강원특별자치도 원주시 신림면 송계리 339-1","placeType":"하천","management":"일반지역","manageCode":"2","sectionM":"200.0","riskSectionM":null,"depthAvg":"1.0","depthMax":"5.0","accidents":"0","safetyAction":null,"note":null,"equipment":{"total":26,"sign":3,"rescueBox":2,"vest":12,"buoy":3,"rope":5,"pole":0},"staff":null,"coordinateCorrected":false,"sourceYear":2025}},{"type":"Feature","geometry":{"type":"Point","coordinates":[128.0822194,37.2560007]},"properties":{"id":121,"name":"당숲유원지","detail":"당숲유원지","province":"강원특별자치도","district":"원주시","town":"신림면","address":"강원특별자치도 원주시 신림면 성남리 262-1","placeType":"하천","management":"일반지역","manageCode":"2","sectionM":"70.0","riskSectionM":null,"depthAvg":"1.0","depthMax":"2.0","accidents":"0","safetyAction":null,"note":null,"equipment":{"total":15,"sign":2,"rescueBox":1,"vest":3,"buoy":4,"rope":4,"pole":0},"staff":null,"coordinateCorrected":false,"sourceYear":2025}},{"type":"Feature","geometry":{"type":"Point","coordinates":[127.8336145,37.3775501]},"properties":{"id":122,"name":"간현관광지","detail":"제2가동보 인근 50m","province":"강원특별자치도","district":"원주시","town":"지정면","address":"강원특별자치도 원주시 지정면 간현리 산 120","placeType":"하천","management":"일반지역","manageCode":"2","sectionM":"50.0","riskSectionM":null,"depthAvg":"1.2","depthMax":"4.0","accidents":"0","safetyAction":null,"note":null,"equipment":{"total":12,"sign":1,"rescueBox":1,"vest":2,"buoy":2,"rope":2,"pole":2},"staff":null,"coordinateCorrected":false,"sourceYear":2025}},{"type":"Feature","geometry":{"type":"Point","coordinates":[128.8619764,37.6425262]},"properties":{"id":123,"name":"얼음골","detail":"방터골 입구","province":"강원특별자치도","district":"강릉시","town":"왕산면","address":"강원특별자치도 강릉시 왕산면 목계리 447-31","placeType":"계곡","management":"일반지역","manageCode":"2","sectionM":"100.0","riskSectionM":null,"depthAvg":"2.0","depthMax":"3.0","accidents":"0","safetyAction":null,"note":null,"equipment":{"total":10,"sign":1,"rescueBox":0,"vest":2,"buoy":2,"rope":1,"pole":0},"staff":null,"coordinateCorrected":false,"sourceYear":2025}},{"type":"Feature","geometry":{"type":"Point","coordinates":[128.8141161,37.7278226]},"properties":{"id":124,"name":"보광천","detail":"해뜨는민박옆","province":"강원특별자치도","district":"강릉시","town":"성산면","address":"강원특별자치도 강릉시 성산면 어흘리 142-5","placeType":"하천","management":"일반지역","manageCode":"2","sectionM":"100.0","riskSectionM":null,"depthAvg":"1.0","depthMax":"2.0","accidents":"2","safetyAction":null,"note":null,"equipment":{"total":10,"sign":2,"rescueBox":0,"vest":0,"buoy":4,"rope":0,"pole":0},"staff":null,"coordinateCorrected":false,"sourceYear":2025}},{"type":"Feature","geometry":{"type":"Point","coordinates":[128.8004116,37.7153936]},"properties":{"id":125,"name":"어흘천","detail":"대관령옛길입구","province":"강원특별자치도","district":"강릉시","town":"성산면","address":"강원특별자치도 강릉시 성산면 어흘리 산352","placeType":"하천","management":"일반지역","manageCode":"2","sectionM":"100.0","riskSectionM":null,"depthAvg":"1.5","depthMax":"5.0","accidents":"0","safetyAction":null,"note":null,"equipment":{"total":13,"sign":4,"rescueBox":1,"vest":2,"buoy":1,"rope":4,"pole":0},"staff":null,"coordinateCorrected":false,"sourceYear":2025}},{"type":"Feature","geometry":{"type":"Point","coordinates":[128.8341391,37.7193152]},"properties":{"id":126,"name":"구산리 남대천","detail":"성산복지회관뒤","province":"강원특별자치도","district":"강릉시","town":"성산면","address":"강원특별자치도 강릉시 성산면 구산리 159","placeType":"하천","management":"일반지역","manageCode":"2","sectionM":"100.0","riskSectionM":null,"depthAvg":"2.0","depthMax":"3.0","accidents":"0","safetyAction":null,"note":null,"equipment":{"total":6,"sign":1,"rescueBox":0,"vest":0,"buoy":2,"rope":2,"pole":0},"staff":null,"coordinateCorrected":false,"sourceYear":2025}},{"type":"Feature","geometry":{"type":"Point","coordinates":[128.8413448,37.7266445]},"properties":{"id":127,"name":"남대천","detail":"여전교하단","province":"강원특별자치도","district":"강릉시","town":"구정면","address":"강원특별자치도 강릉시 구정면 제비리 974","placeType":"하천","management":"일반지역","manageCode":"2","sectionM":"50.0","riskSectionM":null,"depthAvg":"1.5","depthMax":"3.0","accidents":"0","safetyAction":null,"note":null,"equipment":{"total":9,"sign":1,"rescueBox":0,"vest":3,"buoy":2,"rope":1,"pole":0},"staff":null,"coordinateCorrected":false,"sourceYear":2025}},{"type":"Feature","geometry":{"type":"Point","coordinates":[129.247694,36.797799]},"properties":{"id":830,"name":"번동입구","detail":"번동입구","province":"경상북도","district":"영양군","town":"수비면","address":"경상북도 영양군 수비면  수하리 671-6","placeType":"계곡","management":"일반지역","manageCode":"2","sectionM":"20.0","riskSectionM":null,"depthAvg":"1.0","depthMax":"2.0","accidents":"0","safetyAction":null,"note":null,"equipment":{"total":9,"sign":2,"rescueBox":2,"vest":1,"buoy":1,"rope":1,"pole":0},"staff":null,"coordinateCorrected":false,"sourceYear":2025}},{"type":"Feature","geometry":{"type":"Point","coordinates":[128.9164514,37.6724615]},"properties":{"id":128,"name":"단경골휴양지 상","detail":"야생화정원일대","province":"강원특별자치도","district":"강릉시","town":"강동면","address":"강원특별자치도 강릉시 강동면 언별리 1425","placeType":"계곡","management":"일반지역","manageCode":"2","sectionM":"200.0","riskSectionM":null,"depthAvg":"1.0","depthMax":"5.0","accidents":"0","safetyAction":null,"note":null,"equipment":{"total":23,"sign":7,"rescueBox":1,"vest":9,"buoy":2,"rope":1,"pole":0},"staff":null,"coordinateCorrected":false,"sourceYear":2025}},{"type":"Feature","geometry":{"type":"Point","coordinates":[128.9190476,37.6785532]},"properties":{"id":129,"name":"단경골휴양지 하","detail":"단경골펜션옆","province":"강원특별자치도","district":"강릉시","town":"강동면","address":"강원특별자치도 강릉시 강동면 언별리 산 274-2","placeType":"하천","management":"일반지역","manageCode":"2","sectionM":"200.0","riskSectionM":null,"depthAvg":"1.0","depthMax":"4.0","accidents":"1","safetyAction":null,"note":null,"equipment":{"total":14,"sign":1,"rescueBox":1,"vest":1,"buoy":4,"rope":2,"pole":0},"staff":null,"coordinateCorrected":false,"sourceYear":2025}},{"type":"Feature","geometry":{"type":"Point","coordinates":[128.9678466,37.5785336]},"properties":{"id":130,"name":"주수천","detail":"종선각일대","province":"강원특별자치도","district":"강릉시","town":"옥계면","address":"강원특별자치도 강릉시 옥계면 산계리 743","placeType":"하천","management":"일반지역","manageCode":"2","sectionM":"100.0","riskSectionM":null,"depthAvg":"1.5","depthMax":"5.0","accidents":"0","safetyAction":null,"note":null,"equipment":{"total":46,"sign":7,"rescueBox":0,"vest":12,"buoy":10,"rope":7,"pole":0},"staff":null,"coordinateCorrected":false,"sourceYear":2025}},{"type":"Feature","geometry":{"type":"Point","coordinates":[128.6322198,37.8668243]},"properties":{"id":131,"name":"부연동산촌마을휴양지","detail":"산촌체험마을앞","province":"강원특별자치도","district":"강릉시","town":"연곡면","address":"강원특별자치도 강릉시 연곡면 삼산리 1297-17","placeType":"하천","management":"일반지역","manageCode":"2","sectionM":"400.0","riskSectionM":null,"depthAvg":"1.5","depthMax":"5.0","accidents":"0","safetyAction":null,"note":null,"equipment":{"total":18,"sign":0,"rescueBox":0,"vest":8,"buoy":5,"rope":0,"pole":0},"staff":null,"coordinateCorrected":false,"sourceYear":2025}},{"type":"Feature","geometry":{"type":"Point","coordinates":[128.634286,37.8746566]},"properties":{"id":132,"name":"부연동 가마소","detail":"가마소","province":"강원특별자치도","district":"강릉시","town":"연곡면","address":"강원특별자치도 강릉시 연곡면 삼산리1453","placeType":"하천","management":"일반지역","manageCode":"2","sectionM":"100.0","riskSectionM":null,"depthAvg":"2.0","depthMax":"4.0","accidents":"0","safetyAction":null,"note":null,"equipment":{"total":6,"sign":3,"rescueBox":0,"vest":0,"buoy":2,"rope":0,"pole":0},"staff":null,"coordinateCorrected":false,"sourceYear":2025}},{"type":"Feature","geometry":{"type":"Point","coordinates":[128.6559169,37.8376226]},"properties":{"id":133,"name":"연곡천","detail":"우진황토펜션 앞","province":"강원특별자치도","district":"강릉시","town":"연곡면","address":"강원특별자치도 강릉시 연곡면 삼산리 산219","placeType":"하천","management":"일반지역","manageCode":"2","sectionM":"200.0","riskSectionM":null,"depthAvg":"1.0","depthMax":"1.0","accidents":"1","safetyAction":null,"note":null,"equipment":{"total":11,"sign":2,"rescueBox":0,"vest":4,"buoy":2,"rope":1,"pole":0},"staff":null,"coordinateCorrected":false,"sourceYear":2025}},{"type":"Feature","geometry":{"type":"Point","coordinates":[128.6566944,37.8400337]},"properties":{"id":134,"name":"부연동입구삼거리","detail":"산에언덕에까페뒤","province":"강원특별자치도","district":"강릉시","town":"연곡면","address":"강원특별자치도 강릉시 연곡면 삼산리 1029-1","placeType":"하천","management":"일반지역","manageCode":"2","sectionM":"100.0","riskSectionM":null,"depthAvg":"1.0","depthMax":"3.0","accidents":"0","safetyAction":null,"note":null,"equipment":{"total":16,"sign":1,"rescueBox":1,"vest":5,"buoy":2,"rope":4,"pole":0},"staff":null,"coordinateCorrected":false,"sourceYear":2025}},{"type":"Feature","geometry":{"type":"Point","coordinates":[128.6716186,37.8431173]},"properties":{"id":135,"name":"두능동마을휴양지","detail":"솔봉계곡쉼터앞","province":"강원특별자치도","district":"강릉시","town":"연곡면","address":"강원특별자치도 강릉시 연곡면 삼산리 929-1","placeType":"하천","management":"일반지역","manageCode":"2","sectionM":"150.0","riskSectionM":null,"depthAvg":"1.0","depthMax":"2.0","accidents":"0","safetyAction":null,"note":null,"equipment":{"total":27,"sign":1,"rescueBox":1,"vest":10,"buoy":8,"rope":4,"pole":0},"staff":null,"coordinateCorrected":false,"sourceYear":2025}},{"type":"Feature","geometry":{"type":"Point","coordinates":[128.70568,37.8464448]},"properties":{"id":136,"name":"장천마을휴양지","detail":"소금강잣고개입구","province":"강원특별자치도","district":"강릉시","town":"연곡면","address":"강원특별자치도 강릉시 연곡면 삼산리 520","placeType":"하천","management":"일반지역","manageCode":"2","sectionM":"100.0","riskSectionM":null,"depthAvg":"1.0","depthMax":"2.0","accidents":"0","safetyAction":null,"note":null,"equipment":{"total":21,"sign":3,"rescueBox":1,"vest":6,"buoy":5,"rope":3,"pole":0},"staff":null,"coordinateCorrected":false,"sourceYear":2025}},{"type":"Feature","geometry":{"type":"Point","coordinates":[128.7309116,37.8483843]},"properties":{"id":137,"name":"퇴곡2리마을","detail":"강변식당인근","province":"강원특별자치도","district":"강릉시","town":"연곡면","address":"강원특별자치도 강릉시 연곡면 퇴곡리 485-4","placeType":"하천","management":"일반지역","manageCode":"2","sectionM":"100.0","riskSectionM":null,"depthAvg":"1.0","depthMax":"3.0","accidents":"0","safetyAction":null,"note":null,"equipment":{"total":15,"sign":1,"rescueBox":0,"vest":2,"buoy":5,"rope":3,"pole":0},"staff":null,"coordinateCorrected":false,"sourceYear":2025}},{"type":"Feature","geometry":{"type":"Point","coordinates":[128.746499,37.8491069]},"properties":{"id":138,"name":"황어대","detail":"폭포골야영장앞","province":"강원특별자치도","district":"강릉시","town":"연곡면","address":"강원특별자치도 강릉시 연곡면 퇴곡리 70-1","placeType":"하천","management":"일반지역","manageCode":"2","sectionM":"200.0","riskSectionM":null,"depthAvg":"1.0","depthMax":"3.0","accidents":"1","safetyAction":null,"note":null,"equipment":{"total":14,"sign":1,"rescueBox":1,"vest":5,"buoy":2,"rope":2,"pole":0},"staff":null,"coordinateCorrected":false,"sourceYear":2025}},{"type":"Feature","geometry":{"type":"Point","coordinates":[128.7683999,37.8240199]},"properties":{"id":139,"name":"마암터마을휴양지","detail":"수청동계곡입구","province":"강원특별자치도","district":"강릉시","town":"연곡면","address":"강원특별자치도 강릉시 연곡면 신왕리 538","placeType":"하천","management":"일반지역","manageCode":"2","sectionM":"130.0","riskSectionM":null,"depthAvg":"1.0","depthMax":"2.0","accidents":"0","safetyAction":null,"note":null,"equipment":{"total":25,"sign":4,"rescueBox":2,"vest":6,"buoy":4,"rope":3,"pole":0},"staff":null,"coordinateCorrected":false,"sourceYear":2025}},{"type":"Feature","geometry":{"type":"Point","coordinates":[129.1252345,37.4837481]},"properties":{"id":140,"name":"전천","detail":"북평동행정복지센터 일원","province":"강원특별자치도","district":"동해시","town":"북평동","address":"강원특별자치도 동해시 북평동 북평동 127-1","placeType":"하천","management":"일반지역","manageCode":"2","sectionM":"50.0","riskSectionM":null,"depthAvg":"1.0","depthMax":"2.0","accidents":"0","safetyAction":null,"note":null,"equipment":{"total":133,"sign":23,"rescueBox":22,"vest":22,"buoy":22,"rope":22,"pole":0},"staff":null,"coordinateCorrected":false,"sourceYear":2025}},{"type":"Feature","geometry":{"type":"Point","coordinates":[129.0484593,37.5226137]},"properties":{"id":141,"name":"비천","detail":"유유촌 ~ 비천분교 일원","province":"강원특별자치도","district":"동해시","town":"비천동","address":"강원특별자치도 동해시 비천동 비천동 산 303-1","placeType":"하천","management":"일반지역","manageCode":"2","sectionM":"20.0","riskSectionM":null,"depthAvg":"1.0","depthMax":"3.0","accidents":"0","safetyAction":null,"note":null,"equipment":{"total":31,"sign":6,"rescueBox":5,"vest":5,"buoy":5,"rope":5,"pole":0},"staff":null,"coordinateCorrected":false,"sourceYear":2025}},{"type":"Feature","geometry":{"type":"Point","coordinates":[129.0032808,37.4546452]},"properties":{"id":142,"name":"무릉계곡","detail":"무릉반석","province":"강원특별자치도","district":"동해시","town":"삼화동","address":"강원특별자치도 동해시 삼화동 삼화동 산 267","placeType":"산간계곡","management":"일반지역","manageCode":"2","sectionM":"40.0","riskSectionM":null,"depthAvg":"3.0","depthMax":"5.0","accidents":"1","safetyAction":null,"note":null,"equipment":{"total":50,"sign":3,"rescueBox":9,"vest":10,"buoy":9,"rope":9,"pole":0},"staff":null,"coordinateCorrected":false,"sourceYear":2025}},{"type":"Feature","geometry":{"type":"Point","coordinates":[129.3390003,37.1639333]},"properties":{"id":143,"name":"월천유원지","detail":"월천교 부근","province":"강원특별자치도","district":"삼척시","town":"원덕읍","address":"강원특별자치도 삼척시 원덕읍 월천리 574","placeType":"유원지","management":"일반지역","manageCode":"2","sectionM":"300.0","riskSectionM":null,"depthAvg":"2.0","depthMax":"3.0","accidents":"0","safetyAction":null,"note":null,"equipment":{"total":42,"sign":3,"rescueBox":4,"vest":9,"buoy":12,"rope":9,"pole":0},"staff":null,"coordinateCorrected":false,"sourceYear":2025}},{"type":"Feature","geometry":{"type":"Point","coordinates":[129.2367686,37.3267768]},"properties":{"id":144,"name":"내평계곡","detail":"내평계곡","province":"강원특별자치도","district":"삼척시","town":"근덕면","address":"강원특별자치도 삼척시 근덕면 동막리 693","placeType":"하천","management":"일반지역","manageCode":"2","sectionM":"1400.0","riskSectionM":null,"depthAvg":"1.0","depthMax":"3.0","accidents":"0","safetyAction":null,"note":null,"equipment":{"total":36,"sign":4,"rescueBox":4,"vest":8,"buoy":8,"rope":8,"pole":0},"staff":null,"coordinateCorrected":false,"sourceYear":2025}},{"type":"Feature","geometry":{"type":"Point","coordinates":[128.9301246,37.386912]},"properties":{"id":145,"name":"중봉계곡","detail":"중봉리마을","province":"강원특별자치도","district":"삼척시","town":"하장면","address":"강원특별자치도 삼척시 하장면 중봉리 443","placeType":"계곡","management":"일반지역","manageCode":"2","sectionM":"4000.0","riskSectionM":null,"depthAvg":"1.0","depthMax":"2.0","accidents":"0","safetyAction":null,"note":null,"equipment":{"total":39,"sign":1,"rescueBox":2,"vest":9,"buoy":9,"rope":9,"pole":0},"staff":null,"coordinateCorrected":false,"sourceYear":2025}},{"type":"Feature","geometry":{"type":"Point","coordinates":[129.1827957,37.2848197]},"properties":{"id":146,"name":"마을관리휴양지","detail":"하마읍리마을관리휴양지","province":"강원특별자치도","district":"삼척시","town":"노곡면","address":"강원특별자치도 삼척시 노곡면 하마읍리 144-9","placeType":"하천","management":"일반지역","manageCode":"2","sectionM":"150.0","riskSectionM":null,"depthAvg":"0.8","depthMax":"1.0","accidents":"0","safetyAction":null,"note":null,"equipment":{"total":19,"sign":1,"rescueBox":3,"vest":6,"buoy":4,"rope":4,"pole":0},"staff":null,"coordinateCorrected":false,"sourceYear":2025}},{"type":"Feature","geometry":{"type":"Point","coordinates":[129.0979814,37.3794393]},"properties":{"id":147,"name":"삼봉레미콘 앞","detail":"천기삼거리","province":"강원특별자치도","district":"삼척시","town":"미로면","address":"강원특별자치도 삼척시 미로면 상정리 221","placeType":"하천","management":"일반지역","manageCode":"2","sectionM":"120.0","riskSectionM":null,"depthAvg":"3.0","depthMax":"7.0","accidents":"0","safetyAction":null,"note":null,"equipment":{"total":6,"sign":1,"rescueBox":1,"vest":1,"buoy":1,"rope":1,"pole":0},"staff":null,"coordinateCorrected":false,"sourceYear":2025}},{"type":"Feature","geometry":{"type":"Point","coordinates":[129.1126235,37.402152]},"properties":{"id":148,"name":"상거노 1교","detail":"상거노1교","province":"강원특별자치도","district":"삼척시","town":"미로면","address":"강원특별자치도 삼척시 미로면 상거노리 440","placeType":"하천","management":"일반지역","manageCode":"2","sectionM":"150.0","riskSectionM":null,"depthAvg":"3.0","depthMax":"6.0","accidents":"0","safetyAction":null,"note":null,"equipment":{"total":13,"sign":3,"rescueBox":2,"vest":2,"buoy":2,"rope":2,"pole":0},"staff":null,"coordinateCorrected":false,"sourceYear":2025}},{"type":"Feature","geometry":{"type":"Point","coordinates":[129.119075,37.4137343]},"properties":{"id":149,"name":"미로 1교","detail":"삼척농협하나로마트 미로점","province":"강원특별자치도","district":"삼척시","town":"미로면","address":"강원특별자치도 삼척시 미로면 하거노리 714-1","placeType":"하천","management":"일반지역","manageCode":"2","sectionM":"200.0","riskSectionM":null,"depthAvg":"2.0","depthMax":"5.0","accidents":"0","safetyAction":null,"note":null,"equipment":{"total":13,"sign":3,"rescueBox":2,"vest":2,"buoy":2,"rope":2,"pole":0},"staff":null,"coordinateCorrected":false,"sourceYear":2025}},{"type":"Feature","geometry":{"type":"Point","coordinates":[128.3834489,37.9494554]},"properties":{"id":400,"name":"방동2교","detail":"오가네민박 앞","province":"강원특별자치도","district":"인제군","town":"기린면","address":"강원특별자치도 인제군 기린면 방동리 135-1(진동1리)","placeType":"하천","management":"일반지역","manageCode":"2","sectionM":"100.0","riskSectionM":null,"depthAvg":"1.0","depthMax":"2.0","accidents":"0","safetyAction":null,"note":null,"equipment":{"total":14,"sign":1,"rescueBox":1,"vest":10,"buoy":0,"rope":1,"pole":0},"staff":null,"coordinateCorrected":false,"sourceYear":2025}},{"type":"Feature","geometry":{"type":"Point","coordinates":[128.120025,35.924287]},"properties":{"id":869,"name":"배바위","detail":"무학정","province":"경상북도","district":"성주군","town":"금수면","address":"경상북도 성주군 금수면 무학리 19-1","placeType":"하천","management":"일반지역","manageCode":"2","sectionM":"50.0","riskSectionM":null,"depthAvg":"1.0","depthMax":"2.0","accidents":"0","safetyAction":null,"note":null,"equipment":{"total":6,"sign":2,"rescueBox":1,"vest":1,"buoy":1,"rope":1,"pole":0},"staff":null,"coordinateCorrected":false,"sourceYear":2025}},{"type":"Feature","geometry":{"type":"Point","coordinates":[128.107525,35.92716]},"properties":{"id":870,"name":"무학","detail":"무학폭포","province":"경상북도","district":"성주군","town":"금수면","address":"경상북도 성주군 금수면 무학리 1805","placeType":"하천","management":"일반지역","manageCode":"2","sectionM":"100.0","riskSectionM":null,"depthAvg":"1.0","depthMax":"2.0","accidents":"1","safetyAction":null,"note":null,"equipment":{"total":8,"sign":3,"rescueBox":2,"vest":1,"buoy":1,"rope":1,"pole":0},"staff":null,"coordinateCorrected":false,"sourceYear":2025}},{"type":"Feature","geometry":{"type":"Point","coordinates":[128.069036,35.909372]},"properties":{"id":871,"name":"가인","detail":"가인식당","province":"경상북도","district":"성주군","town":"금수면","address":"경상북도 성주군 금수면 영천리 1193","placeType":"하천","management":"일반지역","manageCode":"2","sectionM":"100.0","riskSectionM":null,"depthAvg":"1.0","depthMax":"2.0","accidents":"0","safetyAction":null,"note":null,"equipment":{"total":9,"sign":5,"rescueBox":1,"vest":0,"buoy":1,"rope":2,"pole":0},"staff":null,"coordinateCorrected":false,"sourceYear":2025}},{"type":"Feature","geometry":{"type":"Point","coordinates":[128.059423,35.905674]},"properties":{"id":872,"name":"사인암","detail":"은적","province":"경상북도","district":"성주군","town":"금수면","address":"경상북도 성주군 금수면 영천리 1724-1","placeType":"하천","management":"일반지역","manageCode":"2","sectionM":"50.0","riskSectionM":null,"depthAvg":"1.0","depthMax":"2.0","accidents":"0","safetyAction":null,"note":null,"equipment":{"total":33,"sign":10,"rescueBox":6,"vest":3,"buoy":6,"rope":8,"pole":0},"staff":null,"coordinateCorrected":false,"sourceYear":2025}},{"type":"Feature","geometry":{"type":"Point","coordinates":[128.0894,35.919107]},"properties":{"id":873,"name":"성주댐상류","detail":"중리마을 앞","province":"경상북도","district":"성주군","town":"금수면","address":"경상북도 성주군 금수면 영천리 1712","placeType":"하천","management":"일반지역","manageCode":"2","sectionM":"100.0","riskSectionM":null,"depthAvg":"1.0","depthMax":"2.0","accidents":"1","safetyAction":null,"note":null,"equipment":{"total":12,"sign":2,"rescueBox":2,"vest":2,"buoy":2,"rope":4,"pole":0},"staff":null,"coordinateCorrected":false,"sourceYear":2025}},{"type":"Feature","geometry":{"type":"Point","coordinates":[129.1580074,37.1223985]},"properties":{"id":150,"name":"덕풍계곡 매표소","detail":"덕풍계곡 마을관리휴양지","province":"강원특별자치도","district":"삼척시","town":"가곡면","address":"강원특별자치도 삼척시 가곡면 풍곡리 462","placeType":"하천","management":"일반지역","manageCode":"2","sectionM":"110.0","riskSectionM":null,"depthAvg":"1.0","depthMax":"2.0","accidents":"0","safetyAction":null,"note":null,"equipment":{"total":11,"sign":1,"rescueBox":1,"vest":3,"buoy":2,"rope":2,"pole":0},"staff":null,"coordinateCorrected":false,"sourceYear":2025}},{"type":"Feature","geometry":{"type":"Point","coordinates":[129.1783663,37.1047803]},"properties":{"id":151,"name":"덕풍계곡 제2야영장","detail":"덕풍계곡 마을관리휴양지","province":"강원특별자치도","district":"삼척시","town":"가곡면","address":"강원특별자치도 삼척시 가곡면 풍곡리 801-1","placeType":"하천","management":"일반지역","manageCode":"2","sectionM":"30.0","riskSectionM":null,"depthAvg":"1.5","depthMax":"2.5","accidents":"0","safetyAction":null,"note":null,"equipment":{"total":11,"sign":1,"rescueBox":1,"vest":3,"buoy":2,"rope":2,"pole":0},"staff":null,"coordinateCorrected":false,"sourceYear":2025}},{"type":"Feature","geometry":{"type":"Point","coordinates":[129.0569467,37.3444095]},"properties":{"id":153,"name":"무릉천","detail":"고무릉리 65-4번지 일원","province":"강원특별자치도","district":"삼척시","town":"신기면","address":"강원특별자치도 삼척시 신기면 고무릉리 65-4번지 일원","placeType":"하천","management":"일반지역","manageCode":"2","sectionM":"500.0","riskSectionM":null,"depthAvg":"1.0","depthMax":"2.0","accidents":"0","safetyAction":null,"note":null,"equipment":{"total":4,"sign":0,"rescueBox":1,"vest":1,"buoy":1,"rope":1,"pole":0},"staff":null,"coordinateCorrected":false,"sourceYear":2025}},{"type":"Feature","geometry":{"type":"Point","coordinates":[129.2296412,37.3667156]},"properties":{"id":154,"name":"재동유원지","detail":"재동유원지","province":"강원특별자치도","district":"삼척시","town":"근덕면","address":"강원특별자치도 삼척시 근덕면 교가리 1146-16","placeType":"하천","management":"일반지역","manageCode":"2","sectionM":"407.0","riskSectionM":null,"depthAvg":"1.0","depthMax":"2.0","accidents":"0","safetyAction":null,"note":"25년 신규","equipment":{"total":1,"sign":10,"rescueBox":29,"vest":2,"buoy":3,"rope":6,"pole":8},"staff":null,"coordinateCorrected":false,"sourceYear":2025}},{"type":"Feature","geometry":{"type":"Point","coordinates":[127.8967284,37.6962072]},"properties":{"id":155,"name":"사미정","detail":"사미정","province":"강원특별자치도","district":"홍천군","town":"홍천읍","address":"강원특별자치도 홍천군 홍천읍 갈마곡리 265","placeType":"하천","management":"일반지역","manageCode":"2","sectionM":"300.0","riskSectionM":null,"depthAvg":"1.0","depthMax":"2.0","accidents":"0","safetyAction":null,"note":null,"equipment":{"total":12,"sign":6,"rescueBox":0,"vest":5,"buoy":0,"rope":0,"pole":0},"staff":null,"coordinateCorrected":false,"sourceYear":2025}},{"type":"Feature","geometry":{"type":"Point","coordinates":[127.8792478,37.6883249]},"properties":{"id":156,"name":"터미널 앞 수중보","detail":"홍천교 아래","province":"강원특별자치도","district":"홍천군","town":"홍천읍","address":"강원특별자치도 홍천군 홍천읍 희망리 388-12","placeType":"하천","management":"일반지역","manageCode":"2","sectionM":"800.0","riskSectionM":null,"depthAvg":"1.5","depthMax":"2.0","accidents":"1","safetyAction":null,"note":null,"equipment":{"total":34,"sign":16,"rescueBox":3,"vest":5,"buoy":3,"rope":3,"pole":0},"staff":null,"coordinateCorrected":false,"sourceYear":2025}},{"type":"Feature","geometry":{"type":"Point","coordinates":[127.8733815,37.6867328]},"properties":{"id":157,"name":"화랑APT뒤","detail":"화랑APT뒤","province":"강원특별자치도","district":"홍천군","town":"홍천읍","address":"강원특별자치도 홍천군 홍천읍 연봉리 279-4","placeType":"하천","management":"일반지역","manageCode":"2","sectionM":"300.0","riskSectionM":null,"depthAvg":"1.0","depthMax":"2.0","accidents":"0","safetyAction":null,"note":null,"equipment":{"total":12,"sign":2,"rescueBox":0,"vest":5,"buoy":2,"rope":2,"pole":0},"staff":null,"coordinateCorrected":false,"sourceYear":2025}},{"type":"Feature","geometry":{"type":"Point","coordinates":[127.9863302,37.7847643]},"properties":{"id":158,"name":"주음치교","detail":"주음치교","province":"강원특별자치도","district":"홍천군","town":"화촌면","address":"강원특별자치도 홍천군 화촌면 주음치리 511-2","placeType":"하천","management":"일반지역","manageCode":"2","sectionM":"300.0","riskSectionM":null,"depthAvg":"1.0","depthMax":"2.0","accidents":"3","safetyAction":null,"note":null,"equipment":{"total":26,"sign":3,"rescueBox":1,"vest":9,"buoy":3,"rope":6,"pole":0},"staff":null,"coordinateCorrected":false,"sourceYear":2025}},{"type":"Feature","geometry":{"type":"Point","coordinates":[127.9995581,37.7491044]},"properties":{"id":159,"name":"안말","detail":"숲속의 정원펜션 입구","province":"강원특별자치도","district":"홍천군","town":"화촌면","address":"강원특별자치도 홍천군 화촌면 군업리 788","placeType":"하천","management":"일반지역","manageCode":"2","sectionM":"200.0","riskSectionM":null,"depthAvg":"1.0","depthMax":"2.0","accidents":"0","safetyAction":null,"note":null,"equipment":{"total":5,"sign":1,"rescueBox":1,"vest":1,"buoy":1,"rope":1,"pole":0},"staff":null,"coordinateCorrected":false,"sourceYear":2025}},{"type":"Feature","geometry":{"type":"Point","coordinates":[128.0070613,37.7386159]},"properties":{"id":160,"name":"아양정","detail":"아양정","province":"강원특별자치도","district":"홍천군","town":"화촌면","address":"강원특별자치도 홍천군 화촌면 군업리 905-3","placeType":"하천","management":"일반지역","manageCode":"2","sectionM":"200.0","riskSectionM":null,"depthAvg":"0.7","depthMax":"1.5","accidents":"0","safetyAction":null,"note":null,"equipment":{"total":5,"sign":1,"rescueBox":1,"vest":1,"buoy":1,"rope":1,"pole":0},"staff":null,"coordinateCorrected":false,"sourceYear":2025}},{"type":"Feature","geometry":{"type":"Point","coordinates":[127.9578496,37.7503284]},"properties":{"id":161,"name":"외삼포리  대진강변","detail":"대진강변","province":"강원특별자치도","district":"홍천군","town":"화촌면","address":"강원특별자치도 홍천군 화촌면 외삼포리 1415","placeType":"하천","management":"일반지역","manageCode":"2","sectionM":"300.0","riskSectionM":null,"depthAvg":"1.0","depthMax":"2.0","accidents":"0","safetyAction":null,"note":null,"equipment":{"total":99,"sign":3,"rescueBox":1,"vest":77,"buoy":4,"rope":9,"pole":0},"staff":null,"coordinateCorrected":false,"sourceYear":2025}},{"type":"Feature","geometry":{"type":"Point","coordinates":[127.9476355,37.7438641]},"properties":{"id":163,"name":"신내사거리","detail":"산림조합 종합건재","province":"강원특별자치도","district":"홍천군","town":"화촌면","address":"강원특별자치도 홍천군 화촌면 굴운리 509-4","placeType":"하천","management":"일반지역","manageCode":"2","sectionM":"300.0","riskSectionM":null,"depthAvg":"1.0","depthMax":"2.0","accidents":"0","safetyAction":null,"note":null,"equipment":{"total":15,"sign":1,"rescueBox":0,"vest":10,"buoy":1,"rope":2,"pole":0},"staff":null,"coordinateCorrected":false,"sourceYear":2025}},{"type":"Feature","geometry":{"type":"Point","coordinates":[127.9553449,37.744775]},"properties":{"id":164,"name":"돈도루","detail":"돈도루","province":"강원특별자치도","district":"홍천군","town":"화촌면","address":"강원특별자치도 홍천군 화촌면 구성포리 8","placeType":"하천","management":"일반지역","manageCode":"2","sectionM":"300.0","riskSectionM":null,"depthAvg":"1.5","depthMax":"3.0","accidents":"0","safetyAction":null,"note":null,"equipment":{"total":22,"sign":3,"rescueBox":1,"vest":10,"buoy":1,"rope":4,"pole":0},"staff":null,"coordinateCorrected":false,"sourceYear":2025}},{"type":"Feature","geometry":{"type":"Point","coordinates":[128.040864,37.8558094]},"properties":{"id":165,"name":"용소계곡","detail":"용소계곡","province":"강원특별자치도","district":"홍천군","town":"두촌면","address":"강원특별자치도 홍천군 두촌면 괘석리 696-1","placeType":"계곡","management":"일반지역","manageCode":"2","sectionM":"100.0","riskSectionM":null,"depthAvg":"1.0","depthMax":"2.0","accidents":"0","safetyAction":null,"note":null,"equipment":{"total":12,"sign":4,"rescueBox":2,"vest":2,"buoy":2,"rope":2,"pole":0},"staff":null,"coordinateCorrected":false,"sourceYear":2025}},{"type":"Feature","geometry":{"type":"Point","coordinates":[127.9987929,37.8010096]},"properties":{"id":166,"name":"아호동민박 앞","detail":"아호동민박앞","province":"강원특별자치도","district":"홍천군","town":"두촌면","address":"강원특별자치도 홍천군 두촌면 철정리 781-2","placeType":"하천","management":"일반지역","manageCode":"2","sectionM":"200.0","riskSectionM":null,"depthAvg":"1.0","depthMax":"2.0","accidents":"0","safetyAction":null,"note":null,"equipment":{"total":1,"sign":1,"rescueBox":0,"vest":0,"buoy":0,"rope":0,"pole":0},"staff":null,"coordinateCorrected":false,"sourceYear":2025}},{"type":"Feature","geometry":{"type":"Point","coordinates":[127.9903694,37.7980519]},"properties":{"id":167,"name":"화양강휴게소밑","detail":"화양강휴게소밑","province":"강원특별자치도","district":"홍천군","town":"두촌면","address":"강원특별자치도 홍천군 두촌면 철정리 1246-95","placeType":"하천","management":"일반지역","manageCode":"2","sectionM":"500.0","riskSectionM":null,"depthAvg":"2.0","depthMax":"3.0","accidents":"0","safetyAction":null,"note":null,"equipment":{"total":4,"sign":3,"rescueBox":1,"vest":0,"buoy":0,"rope":0,"pole":0},"staff":null,"coordinateCorrected":false,"sourceYear":2025}},{"type":"Feature","geometry":{"type":"Point","coordinates":[128.1576671,37.7809105]},"properties":{"id":168,"name":"기차바위","detail":"곰돌이펜션 앞","province":"강원특별자치도","district":"홍천군","town":"내촌면","address":"강원특별자치도 홍천군 내촌면 물걸리 산144-1","placeType":"하천","management":"일반지역","manageCode":"2","sectionM":"300.0","riskSectionM":null,"depthAvg":"1.0","depthMax":"2.0","accidents":"0","safetyAction":null,"note":null,"equipment":{"total":3,"sign":3,"rescueBox":0,"vest":0,"buoy":0,"rope":0,"pole":0},"staff":null,"coordinateCorrected":false,"sourceYear":2025}},{"type":"Feature","geometry":{"type":"Point","coordinates":[128.1205399,37.7953725]},"properties":{"id":169,"name":"와야펜션","detail":"와야펜션","province":"강원특별자치도","district":"홍천군","town":"내촌면","address":"강원특별자치도 홍천군 내촌면 와야리 960-4","placeType":"하천","management":"일반지역","manageCode":"2","sectionM":"150.0","riskSectionM":null,"depthAvg":"1.2","depthMax":"2.5","accidents":"0","safetyAction":null,"note":null,"equipment":{"total":2,"sign":2,"rescueBox":0,"vest":0,"buoy":0,"rope":0,"pole":0},"staff":null,"coordinateCorrected":false,"sourceYear":2025}},{"type":"Feature","geometry":{"type":"Point","coordinates":[128.1096274,37.8073892]},"properties":{"id":170,"name":"서곡암","detail":"덕탄바위","province":"강원특별자치도","district":"홍천군","town":"내촌면","address":"강원특별자치도 홍천군 내촌면 서곡리 777","placeType":"하천","management":"일반지역","manageCode":"2","sectionM":"300.0","riskSectionM":null,"depthAvg":"1.2","depthMax":"2.5","accidents":"0","safetyAction":null,"note":null,"equipment":{"total":1,"sign":1,"rescueBox":0,"vest":0,"buoy":0,"rope":0,"pole":0},"staff":null,"coordinateCorrected":false,"sourceYear":2025}},{"type":"Feature","geometry":{"type":"Point","coordinates":[128.0413742,37.8046576]},"properties":{"id":171,"name":"화상대1리 마을회관앞","detail":"화상대교 상하","province":"강원특별자치도","district":"홍천군","town":"내촌면","address":"강원특별자치도 홍천군 내촌면 화상대리 914-4","placeType":"하천","management":"일반지역","manageCode":"2","sectionM":"300.0","riskSectionM":null,"depthAvg":"1.0","depthMax":"2.0","accidents":"0","safetyAction":null,"note":null,"equipment":{"total":1,"sign":1,"rescueBox":0,"vest":0,"buoy":0,"rope":0,"pole":0},"staff":null,"coordinateCorrected":false,"sourceYear":2025}},{"type":"Feature","geometry":{"type":"Point","coordinates":[128.0054003,37.8023926]},"properties":{"id":172,"name":"메기골유원지","detail":"메기골유원지","province":"강원특별자치도","district":"홍천군","town":"내촌면","address":"강원특별자치도 홍천군 내촌면 화상대리 1197","placeType":"하천","management":"일반지역","manageCode":"2","sectionM":"300.0","riskSectionM":null,"depthAvg":"1.0","depthMax":"2.0","accidents":"0","safetyAction":null,"note":null,"equipment":{"total":191,"sign":3,"rescueBox":3,"vest":163,"buoy":5,"rope":10,"pole":0},"staff":null,"coordinateCorrected":false,"sourceYear":2025}},{"type":"Feature","geometry":{"type":"Point","coordinates":[128.1732834,37.7560724]},"properties":{"id":174,"name":"응달말교 상류","detail":"응달말교","province":"강원특별자치도","district":"홍천군","town":"서석면","address":"강원특별자치도 홍천군 서석면 수하리 1102-14","placeType":"하천","management":"일반지역","manageCode":"2","sectionM":"200.0","riskSectionM":null,"depthAvg":"1.0","depthMax":"2.0","accidents":"0","safetyAction":null,"note":null,"equipment":{"total":1,"sign":1,"rescueBox":0,"vest":0,"buoy":0,"rope":0,"pole":0},"staff":null,"coordinateCorrected":false,"sourceYear":2025}},{"type":"Feature","geometry":{"type":"Point","coordinates":[128.1652022,37.7421154]},"properties":{"id":175,"name":"눌언동","detail":"수하교 상류","province":"강원특별자치도","district":"홍천군","town":"서석면","address":"강원특별자치도 홍천군 서석면 수하리 1298","placeType":"하천","management":"일반지역","manageCode":"2","sectionM":"500.0","riskSectionM":null,"depthAvg":"1.0","depthMax":"2.0","accidents":"0","safetyAction":null,"note":null,"equipment":{"total":59,"sign":1,"rescueBox":1,"vest":40,"buoy":4,"rope":8,"pole":0},"staff":null,"coordinateCorrected":false,"sourceYear":2025}},{"type":"Feature","geometry":{"type":"Point","coordinates":[127.9703876,37.690842]},"properties":{"id":176,"name":"칙소","detail":"칙소","province":"강원특별자치도","district":"홍천군","town":"영귀미면","address":"강원특별자치도 홍천군 영귀미면 신봉리 256-11","placeType":"계곡","management":"일반지역","manageCode":"2","sectionM":"100.0","riskSectionM":null,"depthAvg":"1.0","depthMax":"2.0","accidents":"0","safetyAction":null,"note":null,"equipment":{"total":0,"sign":0,"rescueBox":0,"vest":0,"buoy":0,"rope":0,"pole":0},"staff":null,"coordinateCorrected":false,"sourceYear":2025}},{"type":"Feature","geometry":{"type":"Point","coordinates":[127.9278507,37.6961874]},"properties":{"id":177,"name":"큰귕소","detail":"큰귕소","province":"강원특별자치도","district":"홍천군","town":"영귀미면","address":"강원특별자치도 홍천군 영귀미면 덕치리466","placeType":"계곡","management":"일반지역","manageCode":"2","sectionM":"100.0","riskSectionM":null,"depthAvg":"1.5","depthMax":"3.0","accidents":"0","safetyAction":null,"note":null,"equipment":{"total":5,"sign":1,"rescueBox":1,"vest":1,"buoy":1,"rope":1,"pole":0},"staff":null,"coordinateCorrected":false,"sourceYear":2025}},{"type":"Feature","geometry":{"type":"Point","coordinates":[127.9278507,37.6961874]},"properties":{"id":178,"name":"귕소(용담위)","detail":"귕소(용담위)","province":"강원특별자치도","district":"홍천군","town":"영귀미면","address":"강원특별자치도 홍천군 영귀미면 덕치리466","placeType":"계곡","management":"일반지역","manageCode":"2","sectionM":"100.0","riskSectionM":null,"depthAvg":"1.5","depthMax":"3.0","accidents":"0","safetyAction":null,"note":null,"equipment":{"total":5,"sign":1,"rescueBox":1,"vest":1,"buoy":1,"rope":1,"pole":0},"staff":null,"coordinateCorrected":false,"sourceYear":2025}},{"type":"Feature","geometry":{"type":"Point","coordinates":[127.9278507,37.6961874]},"properties":{"id":179,"name":"용담계곡","detail":"수타사 용담계곡","province":"강원특별자치도","district":"홍천군","town":"영귀미면","address":"강원특별자치도 홍천군 영귀미면 덕치리466","placeType":"계곡","management":"일반지역","manageCode":"2","sectionM":"100.0","riskSectionM":null,"depthAvg":"2.0","depthMax":"3.0","accidents":"1","safetyAction":null,"note":null,"equipment":{"total":18,"sign":3,"rescueBox":1,"vest":3,"buoy":4,"rope":4,"pole":0},"staff":null,"coordinateCorrected":false,"sourceYear":2025}},{"type":"Feature","geometry":{"type":"Point","coordinates":[127.9546663,37.6948405]},"properties":{"id":180,"name":"수타사민박촌","detail":"수타사민박촌","province":"강원특별자치도","district":"홍천군","town":"영귀미면","address":"강원특별자치도 홍천군 영귀미면 덕치리 35-3","placeType":"하천","management":"일반지역","manageCode":"2","sectionM":"100.0","riskSectionM":null,"depthAvg":"1.0","depthMax":"2.0","accidents":"0","safetyAction":null,"note":null,"equipment":{"total":0,"sign":0,"rescueBox":0,"vest":0,"buoy":0,"rope":0,"pole":0},"staff":null,"coordinateCorrected":false,"sourceYear":2025}},{"type":"Feature","geometry":{"type":"Point","coordinates":[127.9348473,37.690131]},"properties":{"id":181,"name":"귀미보","detail":"골프연습장 아래","province":"강원특별자치도","district":"홍천군","town":"영귀미면","address":"강원특별자치도 홍천군 영귀미면 덕치리 244-23","placeType":"하천","management":"일반지역","manageCode":"2","sectionM":"200.0","riskSectionM":null,"depthAvg":"0.7","depthMax":"1.8","accidents":"0","safetyAction":null,"note":null,"equipment":{"total":1,"sign":1,"rescueBox":0,"vest":0,"buoy":0,"rope":0,"pole":0},"staff":null,"coordinateCorrected":false,"sourceYear":2025}},{"type":"Feature","geometry":{"type":"Point","coordinates":[127.9283237,37.6965575]},"properties":{"id":182,"name":"소군이","detail":"소군이쉼터 앞","province":"강원특별자치도","district":"홍천군","town":"영귀미면","address":"강원특별자치도 홍천군 영귀미면 덕치리 411-4","placeType":"하천","management":"일반지역","manageCode":"2","sectionM":"400.0","riskSectionM":null,"depthAvg":"1.0","depthMax":"2.0","accidents":"0","safetyAction":null,"note":null,"equipment":{"total":8,"sign":3,"rescueBox":1,"vest":1,"buoy":1,"rope":1,"pole":0},"staff":null,"coordinateCorrected":false,"sourceYear":2025}},{"type":"Feature","geometry":{"type":"Point","coordinates":[127.763755,37.6692535]},"properties":{"id":183,"name":"합수머리","detail":"합수머리","province":"강원특별자치도","district":"홍천군","town":"남면","address":"강원특별자치도 홍천군 남면 남노일리 369-2","placeType":"하천","management":"일반지역","manageCode":"2","sectionM":"200.0","riskSectionM":null,"depthAvg":"1.2","depthMax":"3.0","accidents":"0","safetyAction":null,"note":null,"equipment":{"total":41,"sign":2,"rescueBox":1,"vest":20,"buoy":5,"rope":9,"pole":0},"staff":null,"coordinateCorrected":false,"sourceYear":2025}},{"type":"Feature","geometry":{"type":"Point","coordinates":[127.7635887,37.6766541]},"properties":{"id":184,"name":"고드래미관광농원","detail":"고드래미글램핑","province":"강원특별자치도","district":"홍천군","town":"남면","address":"강원특별자치도 홍천군 남면 남노일리 200","placeType":"하천","management":"일반지역","manageCode":"2","sectionM":"300.0","riskSectionM":null,"depthAvg":"2.0","depthMax":"3.0","accidents":"0","safetyAction":null,"note":null,"equipment":{"total":39,"sign":3,"rescueBox":1,"vest":17,"buoy":4,"rope":7,"pole":0},"staff":null,"coordinateCorrected":false,"sourceYear":2025}},{"type":"Feature","geometry":{"type":"Point","coordinates":[127.7719291,37.6725661]},"properties":{"id":185,"name":"여호내","detail":"남노일대교","province":"강원특별자치도","district":"홍천군","town":"남면","address":"강원특별자치도 홍천군 남면 남노일리 100","placeType":"하천","management":"일반지역","manageCode":"2","sectionM":"300.0","riskSectionM":null,"depthAvg":"1.2","depthMax":"2.5","accidents":"0","safetyAction":null,"note":null,"equipment":{"total":34,"sign":2,"rescueBox":1,"vest":21,"buoy":3,"rope":5,"pole":0},"staff":null,"coordinateCorrected":false,"sourceYear":2025}},{"type":"Feature","geometry":{"type":"Point","coordinates":[127.7568223,37.6810016]},"properties":{"id":187,"name":"토마토펜션  뒤 (위안터하류)","detail":"토마토펜션","province":"강원특별자치도","district":"홍천군","town":"남면","address":"강원특별자치도 홍천군 남면 남노일리 234","placeType":"하천","management":"일반지역","manageCode":"2","sectionM":"300.0","riskSectionM":null,"depthAvg":"1.0","depthMax":"2.0","accidents":"0","safetyAction":null,"note":null,"equipment":{"total":18,"sign":1,"rescueBox":0,"vest":5,"buoy":3,"rope":5,"pole":0},"staff":null,"coordinateCorrected":false,"sourceYear":2025}},{"type":"Feature","geometry":{"type":"Point","coordinates":[127.7214805,37.6935941]},"properties":{"id":188,"name":"별이빛나는밤에 앞","detail":"별이빛나는밤팬션앞","province":"강원특별자치도","district":"홍천군","town":"서면","address":"강원특별자치도 홍천군 서면 팔봉리 10-2","placeType":"하천","management":"일반지역","manageCode":"2","sectionM":"200.0","riskSectionM":null,"depthAvg":"2.0","depthMax":"3.0","accidents":"0","safetyAction":null,"note":null,"equipment":{"total":82,"sign":1,"rescueBox":1,"vest":68,"buoy":3,"rope":6,"pole":0},"staff":null,"coordinateCorrected":false,"sourceYear":2025}},{"type":"Feature","geometry":{"type":"Point","coordinates":[127.7118116,37.6900583]},"properties":{"id":189,"name":"도룡골","detail":"도룡골","province":"강원특별자치도","district":"홍천군","town":"서면","address":"강원특별자치도 홍천군 서면 팔봉리 149","placeType":"하천","management":"일반지역","manageCode":"2","sectionM":"300.0","riskSectionM":null,"depthAvg":"1.0","depthMax":"3.0","accidents":"1","safetyAction":null,"note":null,"equipment":{"total":110,"sign":5,"rescueBox":2,"vest":80,"buoy":5,"rope":10,"pole":0},"staff":null,"coordinateCorrected":false,"sourceYear":2025}},{"type":"Feature","geometry":{"type":"Point","coordinates":[127.7104791,37.6959924]},"properties":{"id":190,"name":"달과별들의 이야기","detail":"달과 별들의 이야기 앞","province":"강원특별자치도","district":"홍천군","town":"서면","address":"강원특별자치도 홍천군 서면 팔봉리 89-1","placeType":"하천","management":"일반지역","manageCode":"2","sectionM":"300.0","riskSectionM":null,"depthAvg":"2.0","depthMax":"3.0","accidents":"1","safetyAction":null,"note":null,"equipment":{"total":75,"sign":1,"rescueBox":0,"vest":60,"buoy":3,"rope":6,"pole":0},"staff":null,"coordinateCorrected":false,"sourceYear":2025}},{"type":"Feature","geometry":{"type":"Point","coordinates":[127.7105152,37.6967933]},"properties":{"id":191,"name":"테라스의 아침","detail":"테라스의 아침 앞","province":"강원특별자치도","district":"홍천군","town":"서면","address":"강원특별자치도 홍천군 서면 팔봉리 83-3","placeType":"하천","management":"일반지역","manageCode":"2","sectionM":"200.0","riskSectionM":null,"depthAvg":"1.0","depthMax":"3.0","accidents":"0","safetyAction":null,"note":"25년 신규","equipment":{"total":25,"sign":1,"rescueBox":1,"vest":20,"buoy":1,"rope":1,"pole":0},"staff":null,"coordinateCorrected":false,"sourceYear":2025}},{"type":"Feature","geometry":{"type":"Point","coordinates":[127.7088371,37.6982535]},"properties":{"id":192,"name":"검실강변(어부의집)","detail":"검실강변(어부의집)","province":"강원특별자치도","district":"홍천군","town":"서면","address":"강원특별자치도 홍천군 서면 팔봉리 975","placeType":"하천","management":"일반지역","manageCode":"2","sectionM":"200.0","riskSectionM":null,"depthAvg":"1.0","depthMax":"3.0","accidents":"0","safetyAction":null,"note":null,"equipment":{"total":105,"sign":3,"rescueBox":1,"vest":74,"buoy":7,"rope":12,"pole":0},"staff":null,"coordinateCorrected":false,"sourceYear":2025}},{"type":"Feature","geometry":{"type":"Point","coordinates":[127.705618,37.6988359]},"properties":{"id":193,"name":"인마이라이프펜션","detail":"인마이라이프펜션","province":"강원특별자치도","district":"홍천군","town":"서면","address":"강원특별자치도 홍천군 서면 팔봉리 978-2","placeType":"하천","management":"일반지역","manageCode":"2","sectionM":"200.0","riskSectionM":null,"depthAvg":"1.0","depthMax":"3.0","accidents":"0","safetyAction":null,"note":null,"equipment":{"total":70,"sign":3,"rescueBox":0,"vest":55,"buoy":3,"rope":5,"pole":0},"staff":null,"coordinateCorrected":false,"sourceYear":2025}},{"type":"Feature","geometry":{"type":"Point","coordinates":[127.6942166,37.701617]},"properties":{"id":194,"name":"팔봉산관광지","detail":"팔봉산관광지","province":"강원특별자치도","district":"홍천군","town":"서면","address":"강원특별자치도 홍천군 서면 어유포리 272-20","placeType":"하천","management":"일반지역","manageCode":"2","sectionM":"300.0","riskSectionM":null,"depthAvg":"1.0","depthMax":"2.0","accidents":"0","safetyAction":null,"note":null,"equipment":{"total":437,"sign":7,"rescueBox":1,"vest":400,"buoy":8,"rope":10,"pole":0},"staff":null,"coordinateCorrected":false,"sourceYear":2025}},{"type":"Feature","geometry":{"type":"Point","coordinates":[127.6946455,37.7038757]},"properties":{"id":195,"name":"팔봉산관광지 옆","detail":"팔봉산관광지 옆","province":"강원특별자치도","district":"홍천군","town":"서면","address":"강원특별자치도 홍천군 서면 어유포리 316","placeType":"하천","management":"일반지역","manageCode":"2","sectionM":"50.0","riskSectionM":null,"depthAvg":"1.0","depthMax":"1.0","accidents":"0","safetyAction":null,"note":"25년 신규","equipment":{"total":34,"sign":1,"rescueBox":0,"vest":30,"buoy":1,"rope":1,"pole":0},"staff":null,"coordinateCorrected":false,"sourceYear":2025}},{"type":"Feature","geometry":{"type":"Point","coordinates":[127.6895423,37.7021874]},"properties":{"id":196,"name":"곰팬션","detail":"곰팬션","province":"강원특별자치도","district":"홍천군","town":"서면","address":"강원특별자치도 홍천군 서면 어유포리 294-1","placeType":"하천","management":"일반지역","manageCode":"2","sectionM":"200.0","riskSectionM":null,"depthAvg":"1.0","depthMax":"3.0","accidents":"0","safetyAction":null,"note":null,"equipment":{"total":8,"sign":4,"rescueBox":1,"vest":1,"buoy":1,"rope":1,"pole":0},"staff":null,"coordinateCorrected":false,"sourceYear":2025}},{"type":"Feature","geometry":{"type":"Point","coordinates":[127.6912993,37.692413]},"properties":{"id":197,"name":"반곡밤벌강변","detail":"반곡밤벌강변","province":"강원특별자치도","district":"홍천군","town":"서면","address":"강원특별자치도 홍천군 서면 반곡리 3-63","placeType":"하천","management":"일반지역","manageCode":"2","sectionM":"500.0","riskSectionM":null,"depthAvg":"1.0","depthMax":"3.0","accidents":"0","safetyAction":null,"note":null,"equipment":{"total":257,"sign":4,"rescueBox":1,"vest":234,"buoy":5,"rope":5,"pole":0},"staff":null,"coordinateCorrected":false,"sourceYear":2025}},{"type":"Feature","geometry":{"type":"Point","coordinates":[127.6882817,37.6887198]},"properties":{"id":198,"name":"늪둔 자라바위","detail":"늪둔 자라바위","province":"강원특별자치도","district":"홍천군","town":"서면","address":"강원특별자치도 홍천군 서면 반곡리 10-5","placeType":"하천","management":"일반지역","manageCode":"2","sectionM":"300.0","riskSectionM":null,"depthAvg":"2.0","depthMax":"3.0","accidents":"1","safetyAction":null,"note":null,"equipment":{"total":223,"sign":3,"rescueBox":2,"vest":194,"buoy":8,"rope":6,"pole":0},"staff":null,"coordinateCorrected":false,"sourceYear":2025}},{"type":"Feature","geometry":{"type":"Point","coordinates":[127.6680232,37.6947968]},"properties":{"id":199,"name":"강변민박","detail":"반곡유원지","province":"강원특별자치도","district":"홍천군","town":"서면","address":"강원특별자치도 홍천군 서면 반곡리 262-2","placeType":"하천","management":"일반지역","manageCode":"2","sectionM":"300.0","riskSectionM":null,"depthAvg":"1.5","depthMax":"2.0","accidents":"0","safetyAction":null,"note":null,"equipment":{"total":54,"sign":2,"rescueBox":0,"vest":40,"buoy":4,"rope":4,"pole":0},"staff":null,"coordinateCorrected":false,"sourceYear":2025}},{"type":"Feature","geometry":{"type":"Point","coordinates":[127.652068,37.6968288]},"properties":{"id":200,"name":"뒤뜰( 상류)","detail":"뒤뜰(상류)","province":"강원특별자치도","district":"홍천군","town":"서면","address":"강원특별자치도 홍천군 서면 반곡리 539-1","placeType":"하천","management":"일반지역","manageCode":"2","sectionM":"300.0","riskSectionM":null,"depthAvg":"1.5","depthMax":"3.0","accidents":"0","safetyAction":null,"note":null,"equipment":{"total":43,"sign":2,"rescueBox":1,"vest":30,"buoy":2,"rope":4,"pole":0},"staff":null,"coordinateCorrected":false,"sourceYear":2025}},{"type":"Feature","geometry":{"type":"Point","coordinates":[127.6525608,37.6921966]},"properties":{"id":201,"name":"뒤뜰(하류)","detail":"뒤뜰(하류)","province":"강원특별자치도","district":"홍천군","town":"서면","address":"강원특별자치도 홍천군 서면 반곡리 555","placeType":"하천","management":"일반지역","manageCode":"2","sectionM":"300.0","riskSectionM":null,"depthAvg":"1.5","depthMax":"3.0","accidents":"0","safetyAction":null,"note":null,"equipment":{"total":43,"sign":3,"rescueBox":0,"vest":30,"buoy":2,"rope":4,"pole":0},"staff":null,"coordinateCorrected":false,"sourceYear":2025}},{"type":"Feature","geometry":{"type":"Point","coordinates":[127.6395192,37.6959664]},"properties":{"id":202,"name":"놀러와키즈펜션 앞","detail":"놀러와키즈펜션 앞","province":"강원특별자치도","district":"홍천군","town":"서면","address":"강원특별자치도 홍천군 서면 개야리 1-4","placeType":"하천","management":"일반지역","manageCode":"2","sectionM":"200.0","riskSectionM":null,"depthAvg":"1.5","depthMax":"2.0","accidents":"0","safetyAction":null,"note":"25년 신규","equipment":{"total":34,"sign":1,"rescueBox":0,"vest":30,"buoy":1,"rope":1,"pole":0},"staff":null,"coordinateCorrected":false,"sourceYear":2025}},{"type":"Feature","geometry":{"type":"Point","coordinates":[127.6387712,37.6971337]},"properties":{"id":203,"name":"멜로즈펜션","detail":"멜로즈펜션 앞","province":"강원특별자치도","district":"홍천군","town":"서면","address":"강원특별자치도 홍천군 서면 개야리 3-1","placeType":"하천","management":"일반지역","manageCode":"2","sectionM":"200.0","riskSectionM":null,"depthAvg":"1.0","depthMax":"3.0","accidents":"0","safetyAction":null,"note":null,"equipment":{"total":50,"sign":3,"rescueBox":1,"vest":34,"buoy":5,"rope":5,"pole":0},"staff":null,"coordinateCorrected":false,"sourceYear":2025}},{"type":"Feature","geometry":{"type":"Point","coordinates":[127.6387712,37.6971337]},"properties":{"id":204,"name":"개야강변","detail":"멜로즈펜션 하류 100","province":"강원특별자치도","district":"홍천군","town":"서면","address":"강원특별자치도 홍천군 서면 개야리 3-1","placeType":"하천","management":"일반지역","manageCode":"2","sectionM":"300.0","riskSectionM":null,"depthAvg":"1.0","depthMax":"3.0","accidents":"0","safetyAction":null,"note":null,"equipment":{"total":153,"sign":1,"rescueBox":0,"vest":134,"buoy":8,"rope":6,"pole":0},"staff":null,"coordinateCorrected":false,"sourceYear":2025}},{"type":"Feature","geometry":{"type":"Point","coordinates":[127.859377,35.265944]},"properties":{"id":989,"name":"자양보","detail":"자양보","province":"경상남도","district":"산청군","town":"시천면","address":"경상남도 산청군 시천면 사리 244-2","placeType":"하천","management":"일반지역","manageCode":"2","sectionM":"200.0","riskSectionM":null,"depthAvg":"1.0","depthMax":"1.8","accidents":"1","safetyAction":null,"note":null,"equipment":{"total":12,"sign":4,"rescueBox":2,"vest":2,"buoy":2,"rope":2,"pole":0},"staff":null,"coordinateCorrected":false,"sourceYear":2025}},{"type":"Feature","geometry":{"type":"Point","coordinates":[127.8292666,35.2653386]},"properties":{"id":990,"name":"상지다리 앞","detail":"상지다리 앞","province":"경상남도","district":"산청군","town":"시천면","address":"경상남도 산청군 시천면 원리 756-1","placeType":"하천","management":"일반지역","manageCode":"2","sectionM":"100.0","riskSectionM":null,"depthAvg":"1.4","depthMax":"1.8","accidents":"0","safetyAction":null,"note":null,"equipment":{"total":11,"sign":3,"rescueBox":2,"vest":2,"buoy":2,"rope":2,"pole":0},"staff":null,"coordinateCorrected":false,"sourceYear":2025}},{"type":"Feature","geometry":{"type":"Point","coordinates":[127.7651401,35.2847583]},"properties":{"id":991,"name":"중산교","detail":"중산교","province":"경상남도","district":"산청군","town":"시천면","address":"경상남도 산청군 시천면 중산리 827","placeType":"하천","management":"일반지역","manageCode":"2","sectionM":"100.0","riskSectionM":null,"depthAvg":"1.0","depthMax":"3.0","accidents":"0","safetyAction":null,"note":null,"equipment":{"total":10,"sign":2,"rescueBox":2,"vest":2,"buoy":2,"rope":2,"pole":0},"staff":null,"coordinateCorrected":false,"sourceYear":2025}},{"type":"Feature","geometry":{"type":"Point","coordinates":[127.7604405,35.2873223]},"properties":{"id":992,"name":"윗 북소리당","detail":"윗 북소리당","province":"경상남도","district":"산청군","town":"시천면","address":"경상남도 산청군 시천면 중산리 411-13","placeType":"계곡","management":"일반지역","manageCode":"2","sectionM":"100.0","riskSectionM":null,"depthAvg":"0.5","depthMax":"3.0","accidents":"0","safetyAction":null,"note":"사유지 경유","equipment":{"total":9,"sign":1,"rescueBox":2,"vest":2,"buoy":2,"rope":2,"pole":0},"staff":null,"coordinateCorrected":false,"sourceYear":2025}},{"type":"Feature","geometry":{"type":"Point","coordinates":[127.755596,35.292288]},"properties":{"id":993,"name":"중산2교근처","detail":"중산2교근처","province":"경상남도","district":"산청군","town":"시천면","address":"경상남도 산청군 시천면 중산리 501-4","placeType":"계곡","management":"일반지역","manageCode":"2","sectionM":"200.0","riskSectionM":null,"depthAvg":"0.5","depthMax":"1.5","accidents":"0","safetyAction":null,"note":null,"equipment":{"total":9,"sign":1,"rescueBox":2,"vest":2,"buoy":2,"rope":2,"pole":0},"staff":null,"coordinateCorrected":false,"sourceYear":2025}},{"type":"Feature","geometry":{"type":"Point","coordinates":[127.6243659,37.6898519]},"properties":{"id":205,"name":"새로나미민박","detail":"새로나민박","province":"강원특별자치도","district":"홍천군","town":"서면","address":"강원특별자치도 홍천군 서면 개야리 154-8","placeType":"하천","management":"일반지역","manageCode":"2","sectionM":"200.0","riskSectionM":null,"depthAvg":"1.0","depthMax":"3.0","accidents":"0","safetyAction":null,"note":null,"equipment":{"total":157,"sign":5,"rescueBox":1,"vest":134,"buoy":4,"rope":6,"pole":0},"staff":null,"coordinateCorrected":false,"sourceYear":2025}},{"type":"Feature","geometry":{"type":"Point","coordinates":[127.6146019,37.6472253]},"properties":{"id":206,"name":"쌍계곡민박","detail":"쌍계곡민박","province":"강원특별자치도","district":"홍천군","town":"서면","address":"강원특별자치도 홍천군 서면 중방대리 278-1","placeType":"하천","management":"일반지역","manageCode":"2","sectionM":"200.0","riskSectionM":null,"depthAvg":"1.0","depthMax":"2.0","accidents":"0","safetyAction":null,"note":null,"equipment":{"total":24,"sign":1,"rescueBox":0,"vest":20,"buoy":1,"rope":1,"pole":0},"staff":null,"coordinateCorrected":false,"sourceYear":2025}},{"type":"Feature","geometry":{"type":"Point","coordinates":[127.6093158,37.6619677]},"properties":{"id":207,"name":"유진민박","detail":"유진민박","province":"강원특별자치도","district":"홍천군","town":"서면","address":"강원특별자치도 홍천군 서면 중방대리 358-4","placeType":"하천","management":"일반지역","manageCode":"2","sectionM":"200.0","riskSectionM":null,"depthAvg":"1.0","depthMax":"2.0","accidents":"0","safetyAction":null,"note":null,"equipment":{"total":6,"sign":2,"rescueBox":1,"vest":1,"buoy":1,"rope":1,"pole":0},"staff":null,"coordinateCorrected":false,"sourceYear":2025}},{"type":"Feature","geometry":{"type":"Point","coordinates":[127.6046604,37.6695416]},"properties":{"id":208,"name":"고루개식당 뒤","detail":"고루개식당 뒤","province":"강원특별자치도","district":"홍천군","town":"서면","address":"강원특별자치도 홍천군 서면 모곡리 152-8","placeType":"하천","management":"일반지역","manageCode":"2","sectionM":"200.0","riskSectionM":null,"depthAvg":"1.5","depthMax":"2.0","accidents":"2","safetyAction":null,"note":null,"equipment":{"total":0,"sign":0,"rescueBox":0,"vest":0,"buoy":0,"rope":0,"pole":0},"staff":null,"coordinateCorrected":false,"sourceYear":2025}},{"type":"Feature","geometry":{"type":"Point","coordinates":[127.6068029,37.6850808]},"properties":{"id":209,"name":"수산강변","detail":"수산강변","province":"강원특별자치도","district":"홍천군","town":"서면","address":"강원특별자치도 홍천군 서면 모곡리 산234-1","placeType":"하천","management":"일반지역","manageCode":"2","sectionM":"200.0","riskSectionM":null,"depthAvg":"1.2","depthMax":"3.0","accidents":"1","safetyAction":null,"note":null,"equipment":{"total":236,"sign":4,"rescueBox":1,"vest":214,"buoy":5,"rope":5,"pole":0},"staff":null,"coordinateCorrected":false,"sourceYear":2025}},{"type":"Feature","geometry":{"type":"Point","coordinates":[127.6012287,37.7032983]},"properties":{"id":210,"name":"모곡밤벌유원지","detail":"모곡밤벌유원지","province":"강원특별자치도","district":"홍천군","town":"서면","address":"강원특별자치도 홍천군 서면 모곡리 529-3","placeType":"하천","management":"일반지역","manageCode":"2","sectionM":"500.0","riskSectionM":null,"depthAvg":"1.0","depthMax":"3.0","accidents":"0","safetyAction":null,"note":null,"equipment":{"total":1646,"sign":14,"rescueBox":4,"vest":1584,"buoy":12,"rope":10,"pole":0},"staff":null,"coordinateCorrected":false,"sourceYear":2025}},{"type":"Feature","geometry":{"type":"Point","coordinates":[127.7499294,35.2749258]},"properties":{"id":997,"name":"애기쏘","detail":"애기쏘","province":"경상남도","district":"산청군","town":"시천면","address":"경상남도 산청군 시천면 내대리 284","placeType":"계곡","management":"일반지역","manageCode":"2","sectionM":"50.0","riskSectionM":null,"depthAvg":"2.5","depthMax":"4.0","accidents":"0","safetyAction":null,"note":null,"equipment":{"total":6,"sign":2,"rescueBox":1,"vest":1,"buoy":1,"rope":1,"pole":0},"staff":null,"coordinateCorrected":false,"sourceYear":2025}},{"type":"Feature","geometry":{"type":"Point","coordinates":[127.7218541,35.2832305]},"properties":{"id":998,"name":"거림마을앞","detail":"거림마을앞","province":"경상남도","district":"산청군","town":"시천면","address":"경상남도 산청군 시천면 내대리 977-5","placeType":"계곡","management":"일반지역","manageCode":"2","sectionM":"200.0","riskSectionM":null,"depthAvg":"0.5","depthMax":"1.5","accidents":"0","safetyAction":null,"note":"사유지 경유","equipment":{"total":9,"sign":1,"rescueBox":2,"vest":2,"buoy":2,"rope":2,"pole":0},"staff":null,"coordinateCorrected":false,"sourceYear":2025}},{"type":"Feature","geometry":{"type":"Point","coordinates":[127.8002474,35.2353581]},"properties":{"id":999,"name":"반천3교근처","detail":"반천3교근처","province":"경상남도","district":"산청군","town":"시천면","address":"경상남도 산청군 시천면 반천리 32-2","placeType":"하천","management":"일반지역","manageCode":"2","sectionM":"100.0","riskSectionM":null,"depthAvg":"0.5","depthMax":"3.0","accidents":"1","safetyAction":null,"note":null,"equipment":{"total":9,"sign":1,"rescueBox":2,"vest":2,"buoy":2,"rope":2,"pole":0},"staff":null,"coordinateCorrected":false,"sourceYear":2025}},{"type":"Feature","geometry":{"type":"Point","coordinates":[127.788834,35.245175]},"properties":{"id":1000,"name":"하신교 근처","detail":"하신교","province":"경상남도","district":"산청군","town":"시천면","address":"경상남도 산청군 시천면 신천리 280-6","placeType":"하천","management":"일반지역","manageCode":"2","sectionM":"300.0","riskSectionM":null,"depthAvg":"1.0","depthMax":"2.0","accidents":"0","safetyAction":null,"note":null,"equipment":{"total":9,"sign":1,"rescueBox":2,"vest":2,"buoy":2,"rope":2,"pole":0},"staff":null,"coordinateCorrected":false,"sourceYear":2025}},{"type":"Feature","geometry":{"type":"Point","coordinates":[127.7510682,35.2726585]},"properties":{"id":1001,"name":"털보다산촌","detail":"털보다산촌 앞","province":"경상남도","district":"산청군","town":"시천면","address":"경상남도 산청군 시천면 내대리 1058","placeType":"하천","management":"일반지역","manageCode":"2","sectionM":"150.0","riskSectionM":null,"depthAvg":"0.5","depthMax":"1.8","accidents":"0","safetyAction":null,"note":null,"equipment":{"total":9,"sign":1,"rescueBox":2,"vest":2,"buoy":2,"rope":2,"pole":0},"staff":null,"coordinateCorrected":false,"sourceYear":2025}},{"type":"Feature","geometry":{"type":"Point","coordinates":[127.7761836,35.2655771]},"properties":{"id":1002,"name":"삼당마을","detail":"삼당마을","province":"경상남도","district":"산청군","town":"시천면","address":"경상남도 산청군 시천면 동당리 689-2","placeType":"하천","management":"일반지역","manageCode":"2","sectionM":"200.0","riskSectionM":null,"depthAvg":"1.0","depthMax":"2.5","accidents":"0","safetyAction":null,"note":"2024 신규","equipment":{"total":5,"sign":1,"rescueBox":1,"vest":1,"buoy":1,"rope":1,"pole":0},"staff":null,"coordinateCorrected":false,"sourceYear":2025}},{"type":"Feature","geometry":{"type":"Point","coordinates":[127.755184,35.294591]},"properties":{"id":994,"name":"중산1교근처(너른바위)","detail":"중산1교근처(너른바위)","province":"경상남도","district":"산청군","town":"시천면","address":"경상남도 산청군 시천면 중산리 537-20","placeType":"계곡","management":"일반지역","manageCode":"2","sectionM":"400.0","riskSectionM":null,"depthAvg":"0.5","depthMax":"1.5","accidents":"1","safetyAction":null,"note":null,"equipment":{"total":35,"sign":2,"rescueBox":2,"vest":3,"buoy":3,"rope":23,"pole":0},"staff":null,"coordinateCorrected":false,"sourceYear":2025}},{"type":"Feature","geometry":{"type":"Point","coordinates":[127.760783,35.2658343]},"properties":{"id":995,"name":"예치마을","detail":"예치마을","province":"경상남도","district":"산청군","town":"시천면","address":"경상남도 산청군 시천면 내대리 215","placeType":"계곡","management":"일반지역","manageCode":"2","sectionM":"150.0","riskSectionM":null,"depthAvg":"0.8","depthMax":"1.5","accidents":"1","safetyAction":null,"note":null,"equipment":{"total":16,"sign":4,"rescueBox":3,"vest":3,"buoy":3,"rope":3,"pole":0},"staff":null,"coordinateCorrected":false,"sourceYear":2025}},{"type":"Feature","geometry":{"type":"Point","coordinates":[127.7541278,35.2715389]},"properties":{"id":996,"name":"남대1교근처","detail":"남대1교근처","province":"경상남도","district":"산청군","town":"시천면","address":"경상남도 산청군 시천면 내대리 251-11","placeType":"계곡","management":"일반지역","manageCode":"2","sectionM":"200.0","riskSectionM":null,"depthAvg":"0.5","depthMax":"1.5","accidents":"1","safetyAction":null,"note":null,"equipment":{"total":8,"sign":3,"rescueBox":1,"vest":1,"buoy":1,"rope":2,"pole":0},"staff":null,"coordinateCorrected":false,"sourceYear":2025}},{"type":"Feature","geometry":{"type":"Point","coordinates":[127.5901654,37.7223759]},"properties":{"id":211,"name":"마곡유원지","detail":"마곡유원지","province":"강원특별자치도","district":"홍천군","town":"서면","address":"강원특별자치도 홍천군 서면 마곡리 31-8","placeType":"하천","management":"일반지역","manageCode":"2","sectionM":"500.0","riskSectionM":null,"depthAvg":"1.5","depthMax":"3.0","accidents":"0","safetyAction":null,"note":null,"equipment":{"total":90,"sign":4,"rescueBox":1,"vest":65,"buoy":7,"rope":6,"pole":0},"staff":null,"coordinateCorrected":false,"sourceYear":2025}},{"type":"Feature","geometry":{"type":"Point","coordinates":[127.8508194,37.6884657]},"properties":{"id":212,"name":"군휴양소 앞","detail":"군휴양소앞","province":"강원특별자치도","district":"홍천군","town":"북방면","address":"강원특별자치도 홍천군 북방면 하화계리 568-17","placeType":"하천","management":"일반지역","manageCode":"2","sectionM":"500.0","riskSectionM":null,"depthAvg":"1.5","depthMax":"2.0","accidents":"0","safetyAction":null,"note":null,"equipment":{"total":6,"sign":2,"rescueBox":1,"vest":1,"buoy":1,"rope":1,"pole":0},"staff":null,"coordinateCorrected":false,"sourceYear":2025}},{"type":"Feature","geometry":{"type":"Point","coordinates":[127.8430817,37.6957044]},"properties":{"id":213,"name":"하이트 우측","detail":"군부대훈련장","province":"강원특별자치도","district":"홍천군","town":"북방면","address":"강원특별자치도 홍천군 북방면 하화계리 725-22","placeType":"하천","management":"일반지역","manageCode":"2","sectionM":"500.0","riskSectionM":null,"depthAvg":"1.2","depthMax":"2.5","accidents":"0","safetyAction":null,"note":null,"equipment":{"total":32,"sign":2,"rescueBox":1,"vest":20,"buoy":2,"rope":3,"pole":0},"staff":null,"coordinateCorrected":false,"sourceYear":2025}},{"type":"Feature","geometry":{"type":"Point","coordinates":[127.8359233,37.6986318]},"properties":{"id":214,"name":"홍천온천 앞","detail":"홍천온천 앞","province":"강원특별자치도","district":"홍천군","town":"북방면","address":"강원특별자치도 홍천군 북방면 소매곡리 20-3","placeType":"하천","management":"일반지역","manageCode":"2","sectionM":"500.0","riskSectionM":null,"depthAvg":"1.2","depthMax":"2.5","accidents":"0","safetyAction":null,"note":null,"equipment":{"total":40,"sign":1,"rescueBox":0,"vest":30,"buoy":3,"rope":3,"pole":0},"staff":null,"coordinateCorrected":false,"sourceYear":2025}},{"type":"Feature","geometry":{"type":"Point","coordinates":[126.437049,33.493353]},"properties":{"id":1055,"name":"월대천","detail":"외도월대천","province":"제주특별자치도","district":"제주시","town":"외도2동","address":"제주특별자치도 제주시 외도2동 2551번지 일원","placeType":"하천","management":"일반지역","manageCode":"2","sectionM":"165.0","riskSectionM":null,"depthAvg":"1.0","depthMax":"2.0","accidents":"0","safetyAction":null,"note":null,"equipment":{"total":67,"sign":4,"rescueBox":4,"vest":25,"buoy":15,"rope":15,"pole":0},"staff":null,"coordinateCorrected":false,"sourceYear":2025}},{"type":"Feature","geometry":{"type":"Point","coordinates":[127.8380567,37.707372]},"properties":{"id":215,"name":"소매곡교","detail":"하수종말처리장앞","province":"강원특별자치도","district":"홍천군","town":"북방면","address":"강원특별자치도 홍천군 북방면 소매곡리 145-1","placeType":"하천","management":"일반지역","manageCode":"2","sectionM":"300.0","riskSectionM":null,"depthAvg":"2.0","depthMax":"3.0","accidents":"0","safetyAction":null,"note":null,"equipment":{"total":77,"sign":2,"rescueBox":1,"vest":42,"buoy":12,"rope":14,"pole":0},"staff":null,"coordinateCorrected":false,"sourceYear":2025}},{"type":"Feature","geometry":{"type":"Point","coordinates":[127.831934,37.7111352]},"properties":{"id":216,"name":"짱구펜션","detail":"짱구펜션","province":"강원특별자치도","district":"홍천군","town":"북방면","address":"강원특별자치도 홍천군 북방면 소매곡리 198-7","placeType":"하천","management":"일반지역","manageCode":"2","sectionM":"300.0","riskSectionM":null,"depthAvg":"1.5","depthMax":"3.0","accidents":"0","safetyAction":null,"note":null,"equipment":{"total":62,"sign":3,"rescueBox":1,"vest":50,"buoy":2,"rope":2,"pole":0},"staff":null,"coordinateCorrected":false,"sourceYear":2025}},{"type":"Feature","geometry":{"type":"Point","coordinates":[127.818869,37.7132941]},"properties":{"id":217,"name":"홍천강3교 아래","detail":"고속도로교량아래","province":"강원특별자치도","district":"홍천군","town":"북방면","address":"강원특별자치도 홍천군 북방면 소매곡리 산88-21","placeType":"하천","management":"일반지역","manageCode":"2","sectionM":"500.0","riskSectionM":null,"depthAvg":"2.0","depthMax":"2.0","accidents":"0","safetyAction":null,"note":null,"equipment":{"total":87,"sign":1,"rescueBox":1,"vest":74,"buoy":3,"rope":2,"pole":0},"staff":null,"coordinateCorrected":false,"sourceYear":2025}},{"type":"Feature","geometry":{"type":"Point","coordinates":[127.8105466,37.7114899]},"properties":{"id":218,"name":"천냥바위 앞","detail":"천냥바위캡슐펜션","province":"강원특별자치도","district":"홍천군","town":"북방면","address":"강원특별자치도 홍천군 북방면 도사곡리 28-5","placeType":"하천","management":"일반지역","manageCode":"2","sectionM":"500.0","riskSectionM":null,"depthAvg":"1.0","depthMax":"3.0","accidents":"1","safetyAction":null,"note":null,"equipment":{"total":72,"sign":2,"rescueBox":1,"vest":60,"buoy":2,"rope":4,"pole":0},"staff":null,"coordinateCorrected":false,"sourceYear":2025}},{"type":"Feature","geometry":{"type":"Point","coordinates":[127.8010254,37.7171843]},"properties":{"id":221,"name":"굴지1교 상류","detail":"굴지1교 상류","province":"강원특별자치도","district":"홍천군","town":"북방면","address":"강원특별자치도 홍천군 북방면 굴지리 95-3","placeType":"하천","management":"일반지역","manageCode":"2","sectionM":"100.0","riskSectionM":null,"depthAvg":"1.0","depthMax":"2.0","accidents":"0","safetyAction":null,"note":null,"equipment":{"total":6,"sign":2,"rescueBox":1,"vest":1,"buoy":1,"rope":1,"pole":0},"staff":null,"coordinateCorrected":false,"sourceYear":2025}},{"type":"Feature","geometry":{"type":"Point","coordinates":[127.8007262,37.7072271]},"properties":{"id":222,"name":"리오펜션","detail":"굴지리188번지","province":"강원특별자치도","district":"홍천군","town":"북방면","address":"강원특별자치도 홍천군 북방면 굴지리  154","placeType":"하천","management":"일반지역","manageCode":"2","sectionM":"200.0","riskSectionM":null,"depthAvg":"1.0","depthMax":"3.0","accidents":"0","safetyAction":null,"note":null,"equipment":{"total":43,"sign":2,"rescueBox":1,"vest":30,"buoy":3,"rope":4,"pole":0},"staff":null,"coordinateCorrected":false,"sourceYear":2025}},{"type":"Feature","geometry":{"type":"Point","coordinates":[127.7954133,37.7080394]},"properties":{"id":223,"name":"머무름캠핑장","detail":"머무름캠핑장","province":"강원특별자치도","district":"홍천군","town":"북방면","address":"강원특별자치도 홍천군 북방면 굴지리 200","placeType":"하천","management":"일반지역","manageCode":"2","sectionM":"200.0","riskSectionM":null,"depthAvg":"1.2","depthMax":"2.5","accidents":"0","safetyAction":null,"note":null,"equipment":{"total":44,"sign":2,"rescueBox":1,"vest":30,"buoy":3,"rope":4,"pole":0},"staff":null,"coordinateCorrected":false,"sourceYear":2025}},{"type":"Feature","geometry":{"type":"Point","coordinates":[127.7880339,37.703576]},"properties":{"id":224,"name":"유격장 앞","detail":"유격장 입구","province":"강원특별자치도","district":"홍천군","town":"북방면","address":"강원특별자치도 홍천군 북방면 굴지리 350-4","placeType":"하천","management":"일반지역","manageCode":"2","sectionM":"500.0","riskSectionM":null,"depthAvg":"1.0","depthMax":"2.0","accidents":"0","safetyAction":null,"note":null,"equipment":{"total":77,"sign":4,"rescueBox":0,"vest":60,"buoy":5,"rope":5,"pole":0},"staff":null,"coordinateCorrected":false,"sourceYear":2025}},{"type":"Feature","geometry":{"type":"Point","coordinates":[127.7882954,37.6933429]},"properties":{"id":225,"name":"노루목교","detail":"노루목교 아래","province":"강원특별자치도","district":"홍천군","town":"북방면","address":"강원특별자치도 홍천군 북방면 장항리 150-2","placeType":"하천","management":"일반지역","manageCode":"2","sectionM":"500.0","riskSectionM":null,"depthAvg":"1.0","depthMax":"2.0","accidents":"0","safetyAction":null,"note":null,"equipment":{"total":46,"sign":2,"rescueBox":0,"vest":32,"buoy":4,"rope":5,"pole":0},"staff":null,"coordinateCorrected":false,"sourceYear":2025}},{"type":"Feature","geometry":{"type":"Point","coordinates":[127.7883232,37.6899949]},"properties":{"id":226,"name":"오토캠핑장","detail":"오토캠핑장","province":"강원특별자치도","district":"홍천군","town":"북방면","address":"강원특별자치도 홍천군 북방면 장항리 200-7","placeType":"하천","management":"일반지역","manageCode":"2","sectionM":"50.0","riskSectionM":null,"depthAvg":"1.2","depthMax":"2.0","accidents":"0","safetyAction":null,"note":null,"equipment":{"total":43,"sign":1,"rescueBox":0,"vest":30,"buoy":3,"rope":5,"pole":0},"staff":null,"coordinateCorrected":false,"sourceYear":2025}},{"type":"Feature","geometry":{"type":"Point","coordinates":[127.7836526,37.6904406]},"properties":{"id":227,"name":"씨에스타쑤에노","detail":"시에스타쑤에노","province":"강원특별자치도","district":"홍천군","town":"북방면","address":"강원특별자치도 홍천군 북방면 장항리 167","placeType":"하천","management":"일반지역","manageCode":"2","sectionM":"50.0","riskSectionM":null,"depthAvg":"1.0","depthMax":"1.0","accidents":"0","safetyAction":null,"note":"25년 신규","equipment":{"total":34,"sign":1,"rescueBox":0,"vest":30,"buoy":1,"rope":1,"pole":0},"staff":null,"coordinateCorrected":false,"sourceYear":2025}},{"type":"Feature","geometry":{"type":"Point","coordinates":[127.7827647,37.6910532]},"properties":{"id":228,"name":"왯벌","detail":"플로리다펜션","province":"강원특별자치도","district":"홍천군","town":"북방면","address":"강원특별자치도 홍천군 북방면 장항리 155-2","placeType":"하천","management":"일반지역","manageCode":"2","sectionM":"500.0","riskSectionM":null,"depthAvg":"1.2","depthMax":"2.5","accidents":"0","safetyAction":null,"note":null,"equipment":{"total":68,"sign":3,"rescueBox":1,"vest":54,"buoy":3,"rope":3,"pole":0},"staff":null,"coordinateCorrected":false,"sourceYear":2025}},{"type":"Feature","geometry":{"type":"Point","coordinates":[127.775789,37.6924684]},"properties":{"id":229,"name":"절골 앞","detail":"7080펜션","province":"강원특별자치도","district":"홍천군","town":"북방면","address":"강원특별자치도 홍천군 북방면 장항리 292","placeType":"하천","management":"일반지역","manageCode":"2","sectionM":"500.0","riskSectionM":null,"depthAvg":"1.2","depthMax":"2.5","accidents":"0","safetyAction":null,"note":null,"equipment":{"total":6,"sign":1,"rescueBox":1,"vest":1,"buoy":1,"rope":1,"pole":0},"staff":null,"coordinateCorrected":false,"sourceYear":2025}},{"type":"Feature","geometry":{"type":"Point","coordinates":[127.749692,37.6760986]},"properties":{"id":230,"name":"노일분교","detail":"강여울펜션 앞","province":"강원특별자치도","district":"홍천군","town":"북방면","address":"강원특별자치도 홍천군 북방면 노일리 385-2","placeType":"하천","management":"일반지역","manageCode":"2","sectionM":"500.0","riskSectionM":null,"depthAvg":"1.2","depthMax":"3.0","accidents":"0","safetyAction":null,"note":null,"equipment":{"total":2,"sign":2,"rescueBox":0,"vest":0,"buoy":0,"rope":0,"pole":0},"staff":null,"coordinateCorrected":false,"sourceYear":2025}},{"type":"Feature","geometry":{"type":"Point","coordinates":[127.7429476,37.6739507]},"properties":{"id":231,"name":"큰말 앞","detail":"큰말 앞","province":"강원특별자치도","district":"홍천군","town":"북방면","address":"강원특별자치도 홍천군 북방면 노일리 566","placeType":"하천","management":"일반지역","manageCode":"2","sectionM":"300.0","riskSectionM":null,"depthAvg":"1.5","depthMax":"3.0","accidents":"0","safetyAction":null,"note":null,"equipment":{"total":109,"sign":4,"rescueBox":1,"vest":94,"buoy":2,"rope":3,"pole":0},"staff":null,"coordinateCorrected":false,"sourceYear":2025}},{"type":"Feature","geometry":{"type":"Point","coordinates":[127.7355537,37.6773608]},"properties":{"id":232,"name":"노일섶다리","detail":"노일 섶다리앞","province":"강원특별자치도","district":"홍천군","town":"북방면","address":"강원특별자치도 홍천군 북방면 노일리 747-2","placeType":"하천","management":"일반지역","manageCode":"2","sectionM":"200.0","riskSectionM":null,"depthAvg":"1.2","depthMax":"2.5","accidents":"0","safetyAction":null,"note":null,"equipment":{"total":77,"sign":2,"rescueBox":1,"vest":64,"buoy":3,"rope":3,"pole":0},"staff":null,"coordinateCorrected":false,"sourceYear":2025}},{"type":"Feature","geometry":{"type":"Point","coordinates":[127.7338242,37.6800741]},"properties":{"id":233,"name":"등대마트 앞","detail":"등대마트 앞","province":"강원특별자치도","district":"홍천군","town":"북방면","address":"강원특별자치도 홍천군 북방면 노일리 704-1","placeType":"하천","management":"일반지역","manageCode":"2","sectionM":"500.0","riskSectionM":null,"depthAvg":"1.5","depthMax":"3.0","accidents":"0","safetyAction":null,"note":null,"equipment":{"total":4,"sign":3,"rescueBox":0,"vest":0,"buoy":0,"rope":0,"pole":0},"staff":null,"coordinateCorrected":false,"sourceYear":2025}},{"type":"Feature","geometry":{"type":"Point","coordinates":[127.7301382,37.6871368]},"properties":{"id":234,"name":"아름다운팬션수 앞","detail":"아름다운팬션 앞","province":"강원특별자치도","district":"홍천군","town":"북방면","address":"강원특별자치도 홍천군 북방면 노일리 896","placeType":"하천","management":"일반지역","manageCode":"2","sectionM":"500.0","riskSectionM":null,"depthAvg":"1.5","depthMax":"3.0","accidents":"0","safetyAction":null,"note":null,"equipment":{"total":22,"sign":2,"rescueBox":1,"vest":14,"buoy":2,"rope":2,"pole":0},"staff":null,"coordinateCorrected":false,"sourceYear":2025}},{"type":"Feature","geometry":{"type":"Point","coordinates":[127.7294468,37.6889186]},"properties":{"id":235,"name":"OG팬션앞","detail":"OG팬션앞","province":"강원특별자치도","district":"홍천군","town":"북방면","address":"강원특별자치도 홍천군 북방면 노일리 901-3","placeType":"하천","management":"일반지역","manageCode":"2","sectionM":"500.0","riskSectionM":null,"depthAvg":"2.0","depthMax":"3.0","accidents":"0","safetyAction":null,"note":null,"equipment":{"total":48,"sign":5,"rescueBox":1,"vest":30,"buoy":3,"rope":4,"pole":0},"staff":null,"coordinateCorrected":false,"sourceYear":2025}},{"type":"Feature","geometry":{"type":"Point","coordinates":[128.47738,37.839564]},"properties":{"id":236,"name":"삼봉약수터 입구","detail":"삼봉약수터입구","province":"강원특별자치도","district":"홍천군","town":"내면","address":"강원특별자치도 홍천군 내면 광원리 산197-28","placeType":"하천","management":"일반지역","manageCode":"2","sectionM":"50.0","riskSectionM":null,"depthAvg":"1.0","depthMax":"2.0","accidents":"0","safetyAction":null,"note":null,"equipment":{"total":32,"sign":1,"rescueBox":1,"vest":20,"buoy":3,"rope":4,"pole":0},"staff":null,"coordinateCorrected":false,"sourceYear":2025}},{"type":"Feature","geometry":{"type":"Point","coordinates":[128.4360577,37.8273466]},"properties":{"id":237,"name":"새터","detail":"새터교","province":"강원특별자치도","district":"홍천군","town":"내면","address":"강원특별자치도 홍천군 내면 광원리 888-11","placeType":"하천","management":"일반지역","manageCode":"2","sectionM":"100.0","riskSectionM":null,"depthAvg":"1.0","depthMax":"2.0","accidents":"0","safetyAction":null,"note":null,"equipment":{"total":5,"sign":1,"rescueBox":1,"vest":1,"buoy":1,"rope":1,"pole":0},"staff":null,"coordinateCorrected":false,"sourceYear":2025}},{"type":"Feature","geometry":{"type":"Point","coordinates":[128.4537132,37.8234044]},"properties":{"id":238,"name":"칡소폭포","detail":"칡소폭포","province":"강원특별자치도","district":"홍천군","town":"내면","address":"강원특별자치도 홍천군 내면  광원리 551-4","placeType":"하천","management":"일반지역","manageCode":"2","sectionM":"200.0","riskSectionM":null,"depthAvg":"1.0","depthMax":"3.0","accidents":"0","safetyAction":null,"note":null,"equipment":{"total":41,"sign":2,"rescueBox":1,"vest":25,"buoy":3,"rope":6,"pole":0},"staff":null,"coordinateCorrected":false,"sourceYear":2025}},{"type":"Feature","geometry":{"type":"Point","coordinates":[128.3691361,37.8314818]},"properties":{"id":239,"name":"살둔캠핑장","detail":"살둔캠핑장","province":"강원특별자치도","district":"홍천군","town":"내면","address":"강원특별자치도 홍천군 내면 율전리 212-4","placeType":"하천","management":"일반지역","manageCode":"2","sectionM":"200.0","riskSectionM":null,"depthAvg":"1.2","depthMax":"2.5","accidents":"0","safetyAction":null,"note":null,"equipment":{"total":120,"sign":1,"rescueBox":2,"vest":105,"buoy":3,"rope":6,"pole":0},"staff":null,"coordinateCorrected":false,"sourceYear":2025}},{"type":"Feature","geometry":{"type":"Point","coordinates":[128.1097983,37.5589073]},"properties":{"id":240,"name":"계천둔치","detail":"계천둔치","province":"강원특별자치도","district":"횡성군","town":"갑천","address":"강원특별자치도 횡성군 갑천 매일리 904","placeType":"하천","management":"일반지역","manageCode":"2","sectionM":"100.0","riskSectionM":null,"depthAvg":"1.0","depthMax":"1.5","accidents":"0","safetyAction":null,"note":null,"equipment":{"total":12,"sign":4,"rescueBox":2,"vest":2,"buoy":2,"rope":2,"pole":0},"staff":null,"coordinateCorrected":false,"sourceYear":2025}},{"type":"Feature","geometry":{"type":"Point","coordinates":[128.0419949,37.5719193]},"properties":{"id":241,"name":"사발소","detail":"사발소","province":"강원특별자치도","district":"횡성군","town":"갑천","address":"강원특별자치도 횡성군 갑천 전촌리 344-5","placeType":"하천","management":"일반지역","manageCode":"2","sectionM":"50.0","riskSectionM":null,"depthAvg":"1.0","depthMax":"2.0","accidents":"0","safetyAction":null,"note":null,"equipment":{"total":6,"sign":2,"rescueBox":1,"vest":1,"buoy":1,"rope":1,"pole":0},"staff":null,"coordinateCorrected":false,"sourceYear":2025}},{"type":"Feature","geometry":{"type":"Point","coordinates":[128.0466548,37.5744984]},"properties":{"id":242,"name":"동가래","detail":"동가래","province":"강원특별자치도","district":"횡성군","town":"갑천","address":"강원특별자치도 횡성군 갑천 전촌리 360","placeType":"하천","management":"일반지역","manageCode":"2","sectionM":"70.0","riskSectionM":null,"depthAvg":"1.0","depthMax":"1.0","accidents":"0","safetyAction":null,"note":null,"equipment":{"total":5,"sign":1,"rescueBox":1,"vest":1,"buoy":1,"rope":1,"pole":0},"staff":null,"coordinateCorrected":false,"sourceYear":2025}},{"type":"Feature","geometry":{"type":"Point","coordinates":[128.0584187,37.59529]},"properties":{"id":243,"name":"오토캠핑장","detail":"오토캠핑장","province":"강원특별자치도","district":"횡성군","town":"갑천","address":"강원특별자치도 횡성군 갑천 병지방리 536-2","placeType":"하천","management":"일반지역","manageCode":"2","sectionM":"70.0","riskSectionM":null,"depthAvg":"0.6","depthMax":"1.5","accidents":"1","safetyAction":null,"note":"출입제한","equipment":{"total":15,"sign":3,"rescueBox":3,"vest":3,"buoy":3,"rope":3,"pole":0},"staff":null,"coordinateCorrected":false,"sourceYear":2025}},{"type":"Feature","geometry":{"type":"Point","coordinates":[128.0711576,37.6005502]},"properties":{"id":244,"name":"선바위자연캠핑장","detail":"선바위자연캠핑장","province":"강원특별자치도","district":"횡성군","town":"갑천","address":"강원특별자치도 횡성군 갑천 병지방리 463","placeType":"하천","management":"일반지역","manageCode":"2","sectionM":"70.0","riskSectionM":null,"depthAvg":"0.6","depthMax":"1.5","accidents":"0","safetyAction":null,"note":"출입제한","equipment":{"total":9,"sign":1,"rescueBox":2,"vest":2,"buoy":2,"rope":2,"pole":0},"staff":null,"coordinateCorrected":false,"sourceYear":2025}},{"type":"Feature","geometry":{"type":"Point","coordinates":[128.06828,37.599053]},"properties":{"id":245,"name":"병지방 상(선바위)","detail":"병지방 상(선바위)","province":"강원특별자치도","district":"횡성군","town":"갑천","address":"강원특별자치도 횡성군 갑천 병지방리 476","placeType":"하천","management":"일반지역","manageCode":"2","sectionM":"20.0","riskSectionM":null,"depthAvg":"1.0","depthMax":"1.5","accidents":"0","safetyAction":null,"note":null,"equipment":{"total":12,"sign":2,"rescueBox":1,"vest":2,"buoy":2,"rope":2,"pole":0},"staff":null,"coordinateCorrected":false,"sourceYear":2025}},{"type":"Feature","geometry":{"type":"Point","coordinates":[128.0567672,37.5927752]},"properties":{"id":246,"name":"병지방 중(콧구멍다리)","detail":"병지방 중(콧구멍다리)","province":"강원특별자치도","district":"횡성군","town":"갑천","address":"강원특별자치도 횡성군 갑천 병지방리 543-3","placeType":"하천","management":"일반지역","manageCode":"2","sectionM":"30.0","riskSectionM":null,"depthAvg":"1.0","depthMax":"1.5","accidents":"0","safetyAction":null,"note":null,"equipment":{"total":11,"sign":1,"rescueBox":1,"vest":2,"buoy":2,"rope":2,"pole":0},"staff":null,"coordinateCorrected":false,"sourceYear":2025}},{"type":"Feature","geometry":{"type":"Point","coordinates":[128.0563107,37.591456]},"properties":{"id":247,"name":"병지방 하(간이화장실)","detail":"병지방 하(간이화장실)","province":"강원특별자치도","district":"횡성군","town":"갑천","address":"강원특별자치도 횡성군 갑천 병지방리 543-7","placeType":"하천","management":"일반지역","manageCode":"2","sectionM":"80.0","riskSectionM":null,"depthAvg":"1.0","depthMax":"1.5","accidents":"0","safetyAction":null,"note":null,"equipment":{"total":5,"sign":0,"rescueBox":0,"vest":1,"buoy":1,"rope":1,"pole":0},"staff":null,"coordinateCorrected":false,"sourceYear":2025}},{"type":"Feature","geometry":{"type":"Point","coordinates":[128.165825,37.3422348]},"properties":{"id":248,"name":"몽현사입구","detail":"몽현사입구","province":"강원특별자치도","district":"횡성군","town":"강림","address":"강원특별자치도 횡성군 강림 월현리 743","placeType":"하천","management":"일반지역","manageCode":"2","sectionM":"80.0","riskSectionM":null,"depthAvg":"1.5","depthMax":"2.5","accidents":"0","safetyAction":null,"note":null,"equipment":{"total":4,"sign":1,"rescueBox":1,"vest":0,"buoy":1,"rope":1,"pole":0},"staff":null,"coordinateCorrected":false,"sourceYear":2025}},{"type":"Feature","geometry":{"type":"Point","coordinates":[128.1460187,37.3603763]},"properties":{"id":249,"name":"애버등","detail":"발전소댐상류","province":"강원특별자치도","district":"횡성군","town":"강림","address":"강원특별자치도 횡성군 강림 월현리 1179-4","placeType":"하천","management":"일반지역","manageCode":"2","sectionM":"60.0","riskSectionM":null,"depthAvg":"2.0","depthMax":"4.0","accidents":"0","safetyAction":null,"note":"출입제한","equipment":{"total":5,"sign":1,"rescueBox":1,"vest":1,"buoy":1,"rope":1,"pole":0},"staff":null,"coordinateCorrected":false,"sourceYear":2025}},{"type":"Feature","geometry":{"type":"Point","coordinates":[128.1144223,37.3480853]},"properties":{"id":250,"name":"노고소","detail":"노고소","province":"강원특별자치도","district":"횡성군","town":"강림","address":"강원특별자치도 횡성군 강림 강림리 2569-3","placeType":"하천","management":"일반지역","manageCode":"2","sectionM":"80.0","riskSectionM":null,"depthAvg":"1.0","depthMax":"3.0","accidents":"0","safetyAction":null,"note":null,"equipment":{"total":11,"sign":2,"rescueBox":2,"vest":2,"buoy":2,"rope":2,"pole":0},"staff":null,"coordinateCorrected":false,"sourceYear":2025}},{"type":"Feature","geometry":{"type":"Point","coordinates":[127.9912761,37.6075082]},"properties":{"id":251,"name":"동미","detail":"상동제1교","province":"강원특별자치도","district":"횡성군","town":"공근","address":"강원특별자치도 횡성군 공근 상동리 576-8","placeType":"하천","management":"일반지역","manageCode":"2","sectionM":"60.0","riskSectionM":null,"depthAvg":"1.0","depthMax":"2.0","accidents":"0","safetyAction":null,"note":null,"equipment":{"total":11,"sign":3,"rescueBox":2,"vest":2,"buoy":2,"rope":2,"pole":0},"staff":null,"coordinateCorrected":false,"sourceYear":2025}},{"type":"Feature","geometry":{"type":"Point","coordinates":[127.8610705,37.4192845]},"properties":{"id":252,"name":"대산계곡","detail":"대산계곡","province":"강원특별자치도","district":"횡성군","town":"서원","address":"강원특별자치도 횡성군 서원 옥계리 921-40","placeType":"하천","management":"일반지역","manageCode":"2","sectionM":"100.0","riskSectionM":null,"depthAvg":"1.0","depthMax":"2.0","accidents":"0","safetyAction":null,"note":null,"equipment":{"total":6,"sign":2,"rescueBox":1,"vest":1,"buoy":1,"rope":1,"pole":0},"staff":null,"coordinateCorrected":false,"sourceYear":2025}},{"type":"Feature","geometry":{"type":"Point","coordinates":[127.868067,37.4099122]},"properties":{"id":253,"name":"취석정","detail":"취석정","province":"강원특별자치도","district":"횡성군","town":"서원","address":"강원특별자치도 횡성군 서원 옥계리 33","placeType":"하천","management":"일반지역","manageCode":"2","sectionM":"70.0","riskSectionM":null,"depthAvg":"0.7","depthMax":"1.3","accidents":"0","safetyAction":null,"note":null,"equipment":{"total":7,"sign":3,"rescueBox":1,"vest":1,"buoy":1,"rope":1,"pole":0},"staff":null,"coordinateCorrected":false,"sourceYear":2025}},{"type":"Feature","geometry":{"type":"Point","coordinates":[128.1721836,37.595248]},"properties":{"id":254,"name":"에고지","detail":"에고지1교","province":"강원특별자치도","district":"횡성군","town":"청일","address":"강원특별자치도 횡성군 청일 유동리 317","placeType":"하천","management":"일반지역","manageCode":"2","sectionM":"50.0","riskSectionM":null,"depthAvg":"0.6","depthMax":"1.7","accidents":"0","safetyAction":null,"note":null,"equipment":{"total":5,"sign":1,"rescueBox":1,"vest":1,"buoy":1,"rope":1,"pole":0},"staff":null,"coordinateCorrected":false,"sourceYear":2025}},{"type":"Feature","geometry":{"type":"Point","coordinates":[128.219499,37.5912454]},"properties":{"id":255,"name":"신대계곡","detail":"신대리야영장","province":"강원특별자치도","district":"횡성군","town":"청일","address":"강원특별자치도 횡성군 청일 신대리 313-2","placeType":"하천","management":"일반지역","manageCode":"2","sectionM":"70.0","riskSectionM":null,"depthAvg":"0.7","depthMax":"2.0","accidents":"0","safetyAction":null,"note":null,"equipment":{"total":4,"sign":0,"rescueBox":1,"vest":1,"buoy":1,"rope":1,"pole":0},"staff":null,"coordinateCorrected":false,"sourceYear":2025}},{"type":"Feature","geometry":{"type":"Point","coordinates":[128.1413571,37.5790281]},"properties":{"id":256,"name":"농거리","detail":"농거리야영장","province":"강원특별자치도","district":"횡성군","town":"청일","address":"강원특별자치도 횡성군 청일 유동리 1151-3","placeType":"하천","management":"일반지역","manageCode":"2","sectionM":"150.0","riskSectionM":null,"depthAvg":"0.5","depthMax":"1.5","accidents":"0","safetyAction":null,"note":null,"equipment":{"total":6,"sign":0,"rescueBox":2,"vest":2,"buoy":2,"rope":0,"pole":0},"staff":null,"coordinateCorrected":false,"sourceYear":2025}},{"type":"Feature","geometry":{"type":"Point","coordinates":[128.0418396,37.4904264]},"properties":{"id":257,"name":"추동교","detail":"추동교밑","province":"강원특별자치도","district":"횡성군","town":"횡성","address":"강원특별자치도 횡성군 횡성 영영포리 588-3","placeType":"하천","management":"일반지역","manageCode":"2","sectionM":"50.0","riskSectionM":null,"depthAvg":"0.8","depthMax":"1.2","accidents":"0","safetyAction":null,"note":null,"equipment":{"total":6,"sign":2,"rescueBox":1,"vest":1,"buoy":1,"rope":1,"pole":0},"staff":null,"coordinateCorrected":false,"sourceYear":2025}},{"type":"Feature","geometry":{"type":"Point","coordinates":[128.0298898,37.5034608]},"properties":{"id":258,"name":"구용소","detail":"구용소","province":"강원특별자치도","district":"횡성군","town":"횡성","address":"강원특별자치도 횡성군 횡성 영영포리 393","placeType":"하천","management":"일반지역","manageCode":"2","sectionM":"50.0","riskSectionM":null,"depthAvg":"0.7","depthMax":"1.3","accidents":"0","safetyAction":null,"note":null,"equipment":{"total":4,"sign":1,"rescueBox":1,"vest":0,"buoy":1,"rope":1,"pole":0},"staff":null,"coordinateCorrected":false,"sourceYear":2025}},{"type":"Feature","geometry":{"type":"Point","coordinates":[128.023399,37.5460177]},"properties":{"id":259,"name":"대관대교","detail":"대관대교아래","province":"강원특별자치도","district":"횡성군","town":"횡성","address":"강원특별자치도 횡성군 횡성 궁천리 10-4","placeType":"하천","management":"일반지역","manageCode":"2","sectionM":"70.0","riskSectionM":null,"depthAvg":"1.0","depthMax":"1.5","accidents":"0","safetyAction":null,"note":null,"equipment":{"total":11,"sign":3,"rescueBox":2,"vest":2,"buoy":2,"rope":2,"pole":0},"staff":null,"coordinateCorrected":false,"sourceYear":2025}},{"type":"Feature","geometry":{"type":"Point","coordinates":[127.9900316,37.5000541]},"properties":{"id":260,"name":"섬강둔치","detail":"섬강둔치","province":"강원특별자치도","district":"횡성군","town":"횡성","address":"강원특별자치도 횡성군 횡성 북천리 221","placeType":"하천","management":"일반지역","manageCode":"2","sectionM":"300.0","riskSectionM":null,"depthAvg":"1.5","depthMax":"3.0","accidents":"0","safetyAction":null,"note":null,"equipment":{"total":25,"sign":5,"rescueBox":5,"vest":5,"buoy":5,"rope":5,"pole":0},"staff":null,"coordinateCorrected":false,"sourceYear":2025}},{"type":"Feature","geometry":{"type":"Point","coordinates":[128.4285649,37.1856612]},"properties":{"id":261,"name":"방절터널 교각 아래","detail":"방절터널교각아래","province":"강원특별자치도","district":"영월군","town":"영월읍","address":"강원특별자치도 영월군 영월읍 방절리 769","placeType":"하천","management":"일반지역","manageCode":"2","sectionM":"80.0","riskSectionM":null,"depthAvg":"0.0","depthMax":"3.0","accidents":"0","safetyAction":null,"note":null,"equipment":{"total":7,"sign":1,"rescueBox":1,"vest":2,"buoy":1,"rope":1,"pole":0},"staff":{"startDate":"2026-06-13","endDate":"2026-09-06","hours":"09:00~18:00","deploymentType":"고정 또는 현장배치","confidence":"confirmed","confidenceLabel":"2026년 공식 장소별 배치표 확인","sourceUrl":"https://www.yw.go.kr/jobs/basic/userJobInfoView.do?jobDiv=G&jobNo=1362&n=602","verifiedAt":"2026-08-13"},"coordinateCorrected":false,"sourceYear":2025}},{"type":"Feature","geometry":{"type":"Point","coordinates":[128.5043517,37.2013954]},"properties":{"id":262,"name":"둥글바위","detail":"둥글바위","province":"강원특별자치도","district":"영월군","town":"영월읍","address":"강원특별자치도 영월군 영월읍 삼옥리 1574-2","placeType":"하천","management":"일반지역","manageCode":"2","sectionM":"200.0","riskSectionM":null,"depthAvg":"1.0","depthMax":"3.0","accidents":"0","safetyAction":null,"note":null,"equipment":{"total":39,"sign":3,"rescueBox":2,"vest":14,"buoy":7,"rope":7,"pole":0},"staff":null,"coordinateCorrected":false,"sourceYear":2025}},{"type":"Feature","geometry":{"type":"Point","coordinates":[128.5058553,37.1963958]},"properties":{"id":263,"name":"번재","detail":"번재","province":"강원특별자치도","district":"영월군","town":"영월읍","address":"강원특별자치도 영월군 영월읍 삼옥리 80-3","placeType":"하천","management":"일반지역","manageCode":"2","sectionM":"100.0","riskSectionM":null,"depthAvg":"1.0","depthMax":"3.0","accidents":"1","safetyAction":null,"note":null,"equipment":{"total":7,"sign":1,"rescueBox":1,"vest":2,"buoy":1,"rope":1,"pole":0},"staff":{"startDate":"2026-06-13","endDate":"2026-09-06","hours":"09:00~18:00","deploymentType":"고정 또는 현장배치","confidence":"confirmed","confidenceLabel":"2026년 공식 장소별 배치표 확인","sourceUrl":"https://www.yw.go.kr/jobs/basic/userJobInfoView.do?jobDiv=G&jobNo=1362&n=602","verifiedAt":"2026-08-13"},"coordinateCorrected":false,"sourceYear":2025}},{"type":"Feature","geometry":{"type":"Point","coordinates":[128.510972,37.2219717]},"properties":{"id":264,"name":"목골공원 앞","detail":"목골공원앞","province":"강원특별자치도","district":"영월군","town":"영월읍","address":"강원특별자치도 영월군 영월읍 삼옥리 301","placeType":"하천","management":"일반지역","manageCode":"2","sectionM":"150.0","riskSectionM":null,"depthAvg":"0.0","depthMax":"2.0","accidents":"0","safetyAction":null,"note":null,"equipment":{"total":17,"sign":1,"rescueBox":1,"vest":6,"buoy":3,"rope":3,"pole":0},"staff":{"startDate":"2026-06-13","endDate":"2026-09-06","hours":"09:00~18:00","deploymentType":"고정 또는 현장배치","confidence":"confirmed","confidenceLabel":"2026년 공식 장소별 배치표 확인","sourceUrl":"https://www.yw.go.kr/jobs/basic/userJobInfoView.do?jobDiv=G&jobNo=1362&n=602","verifiedAt":"2026-08-13"},"coordinateCorrected":false,"sourceYear":2025}},{"type":"Feature","geometry":{"type":"Point","coordinates":[127.273259,36.497584]},"properties":{"id":1091,"name":"세종호수공원","detail":"세종시 세종동","province":"세종특별자치시","district":"세종시","town":"세종동","address":"세종특별자치시 세종동 1201","placeType":"인공호수","management":"위험지역","manageCode":"3","sectionM":"0.0","riskSectionM":"전체","depthAvg":"2.0","depthMax":"4.0","accidents":"0","safetyAction":"표지판 설치 통제","note":null,"equipment":{"total":89,"sign":9,"rescueBox":20,"vest":20,"buoy":20,"rope":20,"pole":0},"staff":null,"coordinateCorrected":false,"sourceYear":2025}},{"type":"Feature","geometry":{"type":"Point","coordinates":[127.2745192,36.4832904]},"properties":{"id":1092,"name":"세종보","detail":"금강(세종보 기준 상류 1km, 하류 1km / 총 2km)","province":"세종특별자치시","district":"세종시","town":"세종동","address":"세종특별자치시 세종동 551-257","placeType":"하천(강)","management":"위험지역","manageCode":"3","sectionM":"0.0","riskSectionM":"2000.0","depthAvg":"4.0","depthMax":"11.0","accidents":"0","safetyAction":"표지판 설치 통제","note":null,"equipment":{"total":213,"sign":37,"rescueBox":44,"vest":44,"buoy":44,"rope":44,"pole":0},"staff":null,"coordinateCorrected":false,"sourceYear":2025}},{"type":"Feature","geometry":{"type":"Point","coordinates":[127.3154091,37.7179141]},"properties":{"id":1095,"name":"몽골안유원지","detail":"몽골안유원지 앞","province":"경기도","district":"남양주시","town":"수동면","address":"경기도 남양주시 수동면 비룡로945","placeType":"하천","management":"위험지역","manageCode":"3","sectionM":"200.0","riskSectionM":"50.0","depthAvg":"0.6","depthMax":"1.8","accidents":"1","safetyAction":"부표설치 및 안전관리요원 배치","note":null,"equipment":{"total":4,"sign":4,"rescueBox":0,"vest":0,"buoy":0,"rope":0,"pole":0},"staff":null,"coordinateCorrected":false,"sourceYear":2025}},{"type":"Feature","geometry":{"type":"Point","coordinates":[128.506519,37.2225554]},"properties":{"id":265,"name":"영월토종된장 잎","detail":"영월토종된장앞","province":"강원특별자치도","district":"영월군","town":"영월읍","address":"강원특별자치도 영월군 영월읍 삼옥리 795","placeType":"하천","management":"일반지역","manageCode":"2","sectionM":"100.0","riskSectionM":null,"depthAvg":"0.0","depthMax":"2.0","accidents":"0","safetyAction":null,"note":null,"equipment":{"total":12,"sign":1,"rescueBox":1,"vest":4,"buoy":2,"rope":2,"pole":0},"staff":{"startDate":"2026-06-13","endDate":"2026-09-06","hours":"09:00~18:00","deploymentType":"고정 또는 현장배치","confidence":"confirmed","confidenceLabel":"2026년 공식 장소별 배치표 확인","sourceUrl":"https://www.yw.go.kr/jobs/basic/userJobInfoView.do?jobDiv=G&jobNo=1362&n=602","verifiedAt":"2026-08-13"},"coordinateCorrected":false,"sourceYear":2025}},{"type":"Feature","geometry":{"type":"Point","coordinates":[128.5073102,37.2065682]},"properties":{"id":266,"name":"인수뫼 공원 앞","detail":"인수뫼공원앞","province":"강원특별자치도","district":"영월군","town":"영월읍","address":"강원특별자치도 영월군 영월읍 삼옥리 586-1","placeType":"하천","management":"일반지역","manageCode":"2","sectionM":"100.0","riskSectionM":null,"depthAvg":"1.0","depthMax":"3.0","accidents":"1","safetyAction":null,"note":null,"equipment":{"total":12,"sign":1,"rescueBox":1,"vest":4,"buoy":2,"rope":2,"pole":0},"staff":{"startDate":"2026-06-13","endDate":"2026-09-06","hours":"09:00~18:00","deploymentType":"고정 또는 현장배치","confidence":"confirmed","confidenceLabel":"2026년 공식 장소별 배치표 확인","sourceUrl":"https://www.yw.go.kr/jobs/basic/userJobInfoView.do?jobDiv=G&jobNo=1362&n=602","verifiedAt":"2026-08-13"},"coordinateCorrected":false,"sourceYear":2025}},{"type":"Feature","geometry":{"type":"Point","coordinates":[128.5278502,37.272275]},"properties":{"id":267,"name":"문산대교 밑","detail":"문산대교 밑","province":"강원특별자치도","district":"영월군","town":"영월읍","address":"강원특별자치도 영월군 영월읍 문산리 414-11","placeType":"하천","management":"일반지역","manageCode":"2","sectionM":"100.0","riskSectionM":null,"depthAvg":"0.0","depthMax":"3.0","accidents":"0","safetyAction":null,"note":null,"equipment":{"total":18,"sign":3,"rescueBox":1,"vest":6,"buoy":3,"rope":3,"pole":0},"staff":{"startDate":"2026-06-13","endDate":"2026-09-06","hours":"09:00~18:00","deploymentType":"고정 또는 현장배치","confidence":"confirmed","confidenceLabel":"2026년 공식 장소별 배치표 확인","sourceUrl":"https://www.yw.go.kr/jobs/basic/userJobInfoView.do?jobDiv=G&jobNo=1362&n=602","verifiedAt":"2026-08-13"},"coordinateCorrected":false,"sourceYear":2025}},{"type":"Feature","geometry":{"type":"Point","coordinates":[128.5250404,37.2655322]},"properties":{"id":268,"name":"문산1리","detail":"문산1리","province":"강원특별자치도","district":"영월군","town":"영월읍","address":"강원특별자치도 영월군 영월읍 문산리 495-3","placeType":"하천","management":"일반지역","manageCode":"2","sectionM":"200.0","riskSectionM":null,"depthAvg":"0.0","depthMax":"3.0","accidents":"1","safetyAction":null,"note":null,"equipment":{"total":17,"sign":1,"rescueBox":1,"vest":6,"buoy":3,"rope":3,"pole":0},"staff":{"startDate":"2026-06-13","endDate":"2026-09-06","hours":"09:00~18:00","deploymentType":"고정 또는 현장배치","confidence":"confirmed","confidenceLabel":"2026년 공식 장소별 배치표 확인","sourceUrl":"https://www.yw.go.kr/jobs/basic/userJobInfoView.do?jobDiv=G&jobNo=1362&n=602","verifiedAt":"2026-08-13"},"coordinateCorrected":false,"sourceYear":2025}},{"type":"Feature","geometry":{"type":"Point","coordinates":[128.4931917,37.161465]},"properties":{"id":269,"name":"팔흥교","detail":"팔흥교","province":"강원특별자치도","district":"영월군","town":"영월읍","address":"강원특별자치도 영월군 영월읍 정양리 460-4","placeType":"하천","management":"일반지역","manageCode":"2","sectionM":"200.0","riskSectionM":null,"depthAvg":"0.0","depthMax":"4.0","accidents":"0","safetyAction":null,"note":null,"equipment":{"total":21,"sign":1,"rescueBox":1,"vest":8,"buoy":4,"rope":4,"pole":0},"staff":{"startDate":"2026-06-13","endDate":"2026-09-06","hours":"09:00~18:00","deploymentType":"고정 또는 현장배치","confidence":"confirmed","confidenceLabel":"2026년 공식 장소별 배치표 확인","sourceUrl":"https://www.yw.go.kr/jobs/basic/userJobInfoView.do?jobDiv=G&jobNo=1362&n=602","verifiedAt":"2026-08-13"},"coordinateCorrected":false,"sourceYear":2025}},{"type":"Feature","geometry":{"type":"Point","coordinates":[128.5730818,37.1301729]},"properties":{"id":270,"name":"예밀교","detail":"예밀교","province":"강원특별자치도","district":"영월군","town":"김삿갓면","address":"강원특별자치도 영월군 김삿갓면 예밀리 846-6","placeType":"하천","management":"일반지역","manageCode":"2","sectionM":"100.0","riskSectionM":null,"depthAvg":"1.0","depthMax":"2.0","accidents":"0","safetyAction":null,"note":null,"equipment":{"total":11,"sign":1,"rescueBox":1,"vest":4,"buoy":2,"rope":2,"pole":0},"staff":null,"coordinateCorrected":false,"sourceYear":2025}},{"type":"Feature","geometry":{"type":"Point","coordinates":[128.5218789,37.116604]},"properties":{"id":271,"name":"용탄소","detail":"용탄소","province":"강원특별자치도","district":"영월군","town":"김삿갓면","address":"강원특별자치도 영월군 김삿갓면 각동리 507-6","placeType":"하천","management":"일반지역","manageCode":"2","sectionM":"150.0","riskSectionM":null,"depthAvg":"1.0","depthMax":"3.0","accidents":"0","safetyAction":null,"note":null,"equipment":{"total":12,"sign":1,"rescueBox":1,"vest":4,"buoy":2,"rope":2,"pole":0},"staff":{"startDate":"2026-06-13","endDate":"2026-09-06","hours":"09:00~18:00","deploymentType":"고정 또는 현장배치","confidence":"confirmed","confidenceLabel":"2026년 공식 장소별 배치표 확인","sourceUrl":"https://www.yw.go.kr/jobs/basic/userJobInfoView.do?jobDiv=G&jobNo=1362&n=602","verifiedAt":"2026-08-13"},"coordinateCorrected":false,"sourceYear":2025}},{"type":"Feature","geometry":{"type":"Point","coordinates":[128.5396731,37.116778]},"properties":{"id":272,"name":"청소년수련장","detail":"청소년수련장","province":"강원특별자치도","district":"영월군","town":"김삿갓면","address":"강원특별자치도 영월군 김삿갓면 각동리 6-1","placeType":"하천","management":"일반지역","manageCode":"2","sectionM":"80.0","riskSectionM":null,"depthAvg":"1.0","depthMax":"3.0","accidents":"1","safetyAction":null,"note":null,"equipment":{"total":8,"sign":2,"rescueBox":1,"vest":2,"buoy":1,"rope":1,"pole":0},"staff":null,"coordinateCorrected":false,"sourceYear":2025}},{"type":"Feature","geometry":{"type":"Point","coordinates":[128.551632,37.1265906]},"properties":{"id":273,"name":"덥네보","detail":"덥네보","province":"강원특별자치도","district":"영월군","town":"김삿갓면","address":"강원특별자치도 영월군 김삿갓면 대야리 211-3","placeType":"하천","management":"일반지역","manageCode":"2","sectionM":"100.0","riskSectionM":null,"depthAvg":"1.0","depthMax":"3.0","accidents":"0","safetyAction":null,"note":null,"equipment":{"total":12,"sign":2,"rescueBox":1,"vest":4,"buoy":2,"rope":2,"pole":0},"staff":null,"coordinateCorrected":false,"sourceYear":2025}},{"type":"Feature","geometry":{"type":"Point","coordinates":[128.5433586,37.1164688]},"properties":{"id":274,"name":"가재골","detail":"가재골","province":"강원특별자치도","district":"영월군","town":"김삿갓면","address":"강원특별자치도 영월군 김삿갓면 대야리 830-19","placeType":"하천","management":"일반지역","manageCode":"2","sectionM":"150.0","riskSectionM":null,"depthAvg":"3.0","depthMax":"5.0","accidents":"0","safetyAction":null,"note":null,"equipment":{"total":18,"sign":2,"rescueBox":1,"vest":6,"buoy":3,"rope":3,"pole":0},"staff":null,"coordinateCorrected":false,"sourceYear":2025}},{"type":"Feature","geometry":{"type":"Point","coordinates":[128.5756577,37.1267832]},"properties":{"id":275,"name":"지르네","detail":"지르네","province":"강원특별자치도","district":"영월군","town":"김삿갓면","address":"강원특별자치도 영월군 김삿갓면 예밀리 926-6","placeType":"하천","management":"일반지역","manageCode":"2","sectionM":"100.0","riskSectionM":null,"depthAvg":"1.0","depthMax":"3.0","accidents":"0","safetyAction":null,"note":null,"equipment":{"total":7,"sign":1,"rescueBox":1,"vest":2,"buoy":1,"rope":1,"pole":0},"staff":{"startDate":"2026-06-13","endDate":"2026-09-06","hours":"09:00~18:00","deploymentType":"고정 또는 현장배치","confidence":"confirmed","confidenceLabel":"2026년 공식 장소별 배치표 확인","sourceUrl":"https://www.yw.go.kr/jobs/basic/userJobInfoView.do?jobDiv=G&jobNo=1362&n=602","verifiedAt":"2026-08-13"},"coordinateCorrected":false,"sourceYear":2025}},{"type":"Feature","geometry":{"type":"Point","coordinates":[128.5938207,37.1248775]},"properties":{"id":276,"name":"와석터널 아래","detail":"와석터널아래","province":"강원특별자치도","district":"영월군","town":"김삿갓면","address":"강원특별자치도 영월군 김삿갓면 와석리 998-1","placeType":"하천","management":"일반지역","manageCode":"2","sectionM":"100.0","riskSectionM":null,"depthAvg":"1.0","depthMax":"2.0","accidents":"0","safetyAction":null,"note":null,"equipment":{"total":18,"sign":3,"rescueBox":1,"vest":6,"buoy":3,"rope":3,"pole":0},"staff":null,"coordinateCorrected":false,"sourceYear":2025}},{"type":"Feature","geometry":{"type":"Point","coordinates":[127.690268,36.3106419]},"properties":{"id":478,"name":"구가덕","detail":"가덕 세월교","province":"충청북도","district":"옥천군","town":"동이면","address":"충청북도 옥천군 동이면 청마리 286-1","placeType":"하천","management":"일반지역","manageCode":"2","sectionM":"200.0","riskSectionM":null,"depthAvg":"2.0","depthMax":"5.0","accidents":"0","safetyAction":null,"note":null,"equipment":{"total":9,"sign":0,"rescueBox":0,"vest":4,"buoy":4,"rope":0,"pole":0},"staff":null,"coordinateCorrected":false,"sourceYear":2025}},{"type":"Feature","geometry":{"type":"Point","coordinates":[129.030865,37.465784]},"properties":{"id":1117,"name":"무릉계곡 한길소","detail":"한길소(무릉건강숲 앞, 교량 아래)","province":"강원특별자치도","district":"동해시","town":"삼화동","address":"강원특별자치도 동해시 삼화동 861","placeType":"산간계곡","management":"위험지역","manageCode":"3","sectionM":"30.0","riskSectionM":"30.0","depthAvg":"3.0","depthMax":"5.0","accidents":"0","safetyAction":"완전통제(수영금지구역)","note":null,"equipment":{"total":12,"sign":2,"rescueBox":2,"vest":2,"buoy":2,"rope":2,"pole":0},"staff":null,"coordinateCorrected":false,"sourceYear":2025}},{"type":"Feature","geometry":{"type":"Point","coordinates":[127.8072488,37.7108084]},"properties":{"id":1136,"name":"도사곡교 아래","detail":"도사곡교 상류","province":"강원특별자치도","district":"홍천군","town":"북방면","address":"강원특별자치도 홍천군 북방면 문들길 73-5","placeType":"하천","management":"위험지역","manageCode":"3","sectionM":"500.0","riskSectionM":"500.0","depthAvg":"2.0","depthMax":"3.0","accidents":"0","safetyAction":"안전관리요원 배치 통제 밑 부표설치","note":null,"equipment":{"total":155,"sign":3,"rescueBox":1,"vest":140,"buoy":2,"rope":4,"pole":0},"staff":null,"coordinateCorrected":false,"sourceYear":2025}},{"type":"Feature","geometry":{"type":"Point","coordinates":[127.6052846,35.2627847]},"properties":{"id":1273,"name":"피아골","detail":"신촌교 옆","province":"전라남도","district":"구례군","town":"토지면","address":"전라남도 구례군 토지면 내동리","placeType":"산간계곡","management":"위험지역","manageCode":"3","sectionM":"150.0","riskSectionM":"50.0","depthAvg":"1.0","depthMax":"3.0","accidents":"1","safetyAction":"현수막 설치","note":null,"equipment":{"total":1,"sign":1,"rescueBox":0,"vest":0,"buoy":0,"rope":0,"pole":0},"staff":null,"coordinateCorrected":false,"sourceYear":2025}},{"type":"Feature","geometry":{"type":"Point","coordinates":[128.4348896,37.174422]},"properties":{"id":277,"name":"광천철교 밑","detail":"광천철교 밑","province":"강원특별자치도","district":"영월군","town":"남면","address":"강원특별자치도 영월군 남면 광천리 39-7","placeType":"하천","management":"일반지역","manageCode":"2","sectionM":"100.0","riskSectionM":null,"depthAvg":"1.0","depthMax":"2.0","accidents":"0","safetyAction":null,"note":null,"equipment":{"total":6,"sign":0,"rescueBox":1,"vest":2,"buoy":1,"rope":1,"pole":0},"staff":{"startDate":"2026-06-13","endDate":"2026-09-06","hours":"09:00~18:00","deploymentType":"고정 또는 현장배치","confidence":"confirmed","confidenceLabel":"2026년 공식 장소별 배치표 확인","sourceUrl":"https://www.yw.go.kr/jobs/basic/userJobInfoView.do?jobDiv=G&jobNo=1362&n=602","verifiedAt":"2026-08-13"},"coordinateCorrected":false,"sourceYear":2025}},{"type":"Feature","geometry":{"type":"Point","coordinates":[128.4179559,37.2064196]},"properties":{"id":278,"name":"문개실","detail":"문개실","province":"강원특별자치도","district":"영월군","town":"남면","address":"강원특별자치도 영월군 남면 북쌍리 175","placeType":"하천","management":"일반지역","manageCode":"2","sectionM":"150.0","riskSectionM":null,"depthAvg":"1.0","depthMax":"3.0","accidents":"0","safetyAction":null,"note":null,"equipment":{"total":22,"sign":2,"rescueBox":1,"vest":8,"buoy":4,"rope":4,"pole":0},"staff":null,"coordinateCorrected":false,"sourceYear":2025}},{"type":"Feature","geometry":{"type":"Point","coordinates":[128.4167139,37.1892281]},"properties":{"id":279,"name":"뒷개마을","detail":"뒷개마을","province":"강원특별자치도","district":"영월군","town":"남면","address":"강원특별자치도 영월군 남면 북쌍리 87","placeType":"하천","management":"일반지역","manageCode":"2","sectionM":"100.0","riskSectionM":null,"depthAvg":"1.0","depthMax":"2.0","accidents":"0","safetyAction":null,"note":null,"equipment":{"total":12,"sign":1,"rescueBox":1,"vest":4,"buoy":2,"rope":2,"pole":0},"staff":null,"coordinateCorrected":false,"sourceYear":2025}},{"type":"Feature","geometry":{"type":"Point","coordinates":[128.4031262,37.1973567]},"properties":{"id":280,"name":"연당교","detail":"연당교","province":"강원특별자치도","district":"영월군","town":"남면","address":"강원특별자치도 영월군 남면 북쌍리 263-3","placeType":"하천","management":"일반지역","manageCode":"2","sectionM":"100.0","riskSectionM":null,"depthAvg":"1.0","depthMax":"2.0","accidents":"0","safetyAction":null,"note":null,"equipment":{"total":8,"sign":2,"rescueBox":1,"vest":2,"buoy":1,"rope":1,"pole":0},"staff":{"startDate":"2026-06-13","endDate":"2026-09-06","hours":"09:00~18:00","deploymentType":"고정 또는 현장배치","confidence":"confirmed","confidenceLabel":"2026년 공식 장소별 배치표 확인","sourceUrl":"https://www.yw.go.kr/jobs/basic/userJobInfoView.do?jobDiv=G&jobNo=1362&n=602","verifiedAt":"2026-08-13"},"coordinateCorrected":false,"sourceYear":2025}},{"type":"Feature","geometry":{"type":"Point","coordinates":[128.3882574,37.1945041]},"properties":{"id":281,"name":"들골다리, 북쌍리(체육시설)","detail":"들골다리,북쌍리(체육시설)","province":"강원특별자치도","district":"영월군","town":"남면","address":"강원특별자치도 영월군 남면 북쌍리 715-4","placeType":"하천","management":"일반지역","manageCode":"2","sectionM":"100.0","riskSectionM":null,"depthAvg":"1.0","depthMax":"3.0","accidents":"0","safetyAction":null,"note":null,"equipment":{"total":12,"sign":1,"rescueBox":1,"vest":4,"buoy":2,"rope":2,"pole":0},"staff":{"startDate":"2026-06-13","endDate":"2026-09-06","hours":"09:00~18:00","deploymentType":"고정 또는 현장배치","confidence":"confirmed","confidenceLabel":"2026년 공식 장소별 배치표 확인","sourceUrl":"https://www.yw.go.kr/jobs/basic/userJobInfoView.do?jobDiv=G&jobNo=1362&n=602","verifiedAt":"2026-08-13"},"coordinateCorrected":false,"sourceYear":2025}},{"type":"Feature","geometry":{"type":"Point","coordinates":[128.345113,37.2519692]},"properties":{"id":283,"name":"절구지","detail":"절구지","province":"강원특별자치도","district":"영월군","town":"한반도면","address":"강원특별자치도 영월군 한반도면 광전리 1627","placeType":"하천","management":"일반지역","manageCode":"2","sectionM":"100.0","riskSectionM":null,"depthAvg":"1.0","depthMax":"3.0","accidents":"0","safetyAction":null,"note":null,"equipment":{"total":17,"sign":1,"rescueBox":1,"vest":6,"buoy":3,"rope":3,"pole":0},"staff":null,"coordinateCorrected":false,"sourceYear":2025}},{"type":"Feature","geometry":{"type":"Point","coordinates":[128.3521844,37.239684]},"properties":{"id":285,"name":"당마류휴게소","detail":"당마루휴게소","province":"강원특별자치도","district":"영월군","town":"한반도면","address":"강원특별자치도 영월군 한반도면 옹정리 396-13","placeType":"하천","management":"일반지역","manageCode":"2","sectionM":"100.0","riskSectionM":null,"depthAvg":"1.0","depthMax":"3.0","accidents":"0","safetyAction":null,"note":null,"equipment":{"total":17,"sign":2,"rescueBox":1,"vest":6,"buoy":3,"rope":3,"pole":0},"staff":{"startDate":"2026-06-13","endDate":"2026-09-06","hours":"09:00~18:00","deploymentType":"고정 또는 현장배치","confidence":"confirmed","confidenceLabel":"2026년 공식 장소별 배치표 확인","sourceUrl":"https://www.yw.go.kr/jobs/basic/userJobInfoView.do?jobDiv=G&jobNo=1362&n=602","verifiedAt":"2026-08-13"},"coordinateCorrected":false,"sourceYear":2025}},{"type":"Feature","geometry":{"type":"Point","coordinates":[128.3473853,37.2659237]},"properties":{"id":286,"name":"소오목1교 일원","detail":"소오목1교일원","province":"강원특별자치도","district":"영월군","town":"한반도면","address":"강원특별자치도 영월군 한반도면 광전리 912-2","placeType":"하천","management":"일반지역","manageCode":"2","sectionM":"80.0","riskSectionM":null,"depthAvg":"1.0","depthMax":"3.0","accidents":"0","safetyAction":null,"note":null,"equipment":{"total":18,"sign":3,"rescueBox":1,"vest":6,"buoy":3,"rope":3,"pole":0},"staff":{"startDate":"2026-06-13","endDate":"2026-09-06","hours":"09:00~18:00","deploymentType":"고정 또는 현장배치","confidence":"confirmed","confidenceLabel":"2026년 공식 장소별 배치표 확인","sourceUrl":"https://www.yw.go.kr/jobs/basic/userJobInfoView.do?jobDiv=G&jobNo=1362&n=602","verifiedAt":"2026-08-13"},"coordinateCorrected":false,"sourceYear":2025}},{"type":"Feature","geometry":{"type":"Point","coordinates":[128.3470425,37.2817466]},"properties":{"id":287,"name":"매운교","detail":"매운교","province":"강원특별자치도","district":"영월군","town":"한반도면","address":"강원특별자치도 영월군 한반도면 광전리 998-4","placeType":"하천","management":"일반지역","manageCode":"2","sectionM":"100.0","riskSectionM":null,"depthAvg":"1.0","depthMax":"3.0","accidents":"0","safetyAction":null,"note":null,"equipment":{"total":18,"sign":3,"rescueBox":1,"vest":6,"buoy":3,"rope":3,"pole":0},"staff":{"startDate":"2026-06-13","endDate":"2026-09-06","hours":"09:00~18:00","deploymentType":"고정 또는 현장배치","confidence":"confirmed","confidenceLabel":"2026년 공식 장소별 배치표 확인","sourceUrl":"https://www.yw.go.kr/jobs/basic/userJobInfoView.do?jobDiv=G&jobNo=1362&n=602","verifiedAt":"2026-08-13"},"coordinateCorrected":false,"sourceYear":2025}},{"type":"Feature","geometry":{"type":"Point","coordinates":[128.3611001,37.2157025]},"properties":{"id":288,"name":"콘베어벨트(연정)","detail":"콘베이어벨트(연정)","province":"강원특별자치도","district":"영월군","town":"한반도면","address":"강원특별자치도 영월군 한반도면 후탄리 532-4","placeType":"하천","management":"일반지역","manageCode":"2","sectionM":"100.0","riskSectionM":null,"depthAvg":"1.0","depthMax":"2.0","accidents":"0","safetyAction":null,"note":null,"equipment":{"total":12,"sign":1,"rescueBox":1,"vest":4,"buoy":2,"rope":2,"pole":0},"staff":{"startDate":"2026-06-13","endDate":"2026-09-06","hours":"09:00~18:00","deploymentType":"고정 또는 현장배치","confidence":"confirmed","confidenceLabel":"2026년 공식 장소별 배치표 확인","sourceUrl":"https://www.yw.go.kr/jobs/basic/userJobInfoView.do?jobDiv=G&jobNo=1362&n=602","verifiedAt":"2026-08-13"},"coordinateCorrected":false,"sourceYear":2025}},{"type":"Feature","geometry":{"type":"Point","coordinates":[128.3746249,37.2145919]},"properties":{"id":289,"name":"화병교 아래","detail":"화병교아래","province":"강원특별자치도","district":"영월군","town":"한반도면","address":"강원특별자치도 영월군 한반도면 후탄리 463","placeType":"하천","management":"일반지역","manageCode":"2","sectionM":"80.0","riskSectionM":null,"depthAvg":"1.0","depthMax":"2.0","accidents":"0","safetyAction":null,"note":null,"equipment":{"total":12,"sign":1,"rescueBox":1,"vest":4,"buoy":2,"rope":2,"pole":0},"staff":{"startDate":"2026-06-13","endDate":"2026-09-06","hours":"09:00~18:00","deploymentType":"고정 또는 현장배치","confidence":"confirmed","confidenceLabel":"2026년 공식 장소별 배치표 확인","sourceUrl":"https://www.yw.go.kr/jobs/basic/userJobInfoView.do?jobDiv=G&jobNo=1362&n=602","verifiedAt":"2026-08-13"},"coordinateCorrected":false,"sourceYear":2025}},{"type":"Feature","geometry":{"type":"Point","coordinates":[128.2925165,37.2276213]},"properties":{"id":290,"name":"용석대교 옆","detail":"용석대교 옆","province":"강원특별자치도","district":"영월군","town":"주천면","address":"강원특별자치도 영월군 주천면 용석리 514-9","placeType":"하천","management":"일반지역","manageCode":"2","sectionM":"100.0","riskSectionM":null,"depthAvg":"1.0","depthMax":"3.0","accidents":"0","safetyAction":null,"note":null,"equipment":{"total":18,"sign":1,"rescueBox":1,"vest":6,"buoy":3,"rope":3,"pole":0},"staff":{"startDate":"2026-06-13","endDate":"2026-09-06","hours":"09:00~18:00","deploymentType":"고정 또는 현장배치","confidence":"confirmed","confidenceLabel":"2026년 공식 장소별 배치표 확인","sourceUrl":"https://www.yw.go.kr/jobs/basic/userJobInfoView.do?jobDiv=G&jobNo=1362&n=602","verifiedAt":"2026-08-13"},"coordinateCorrected":false,"sourceYear":2025}},{"type":"Feature","geometry":{"type":"Point","coordinates":[128.2865404,37.2464048]},"properties":{"id":291,"name":"결운 입구","detail":"결운입구","province":"강원특별자치도","district":"영월군","town":"주천면","address":"강원특별자치도 영월군 주천면 금마리 205-2","placeType":"하천","management":"일반지역","manageCode":"2","sectionM":"100.0","riskSectionM":null,"depthAvg":"1.0","depthMax":"2.0","accidents":"0","safetyAction":null,"note":null,"equipment":{"total":7,"sign":1,"rescueBox":1,"vest":2,"buoy":1,"rope":1,"pole":0},"staff":{"startDate":"2026-06-13","endDate":"2026-09-06","hours":"09:00~18:00","deploymentType":"고정 또는 현장배치","confidence":"confirmed","confidenceLabel":"2026년 공식 장소별 배치표 확인","sourceUrl":"https://www.yw.go.kr/jobs/basic/userJobInfoView.do?jobDiv=G&jobNo=1362&n=602","verifiedAt":"2026-08-13"},"coordinateCorrected":false,"sourceYear":2025}},{"type":"Feature","geometry":{"type":"Point","coordinates":[128.2662563,37.2687846]},"properties":{"id":292,"name":"주천교 밑","detail":"주천교 밑","province":"강원특별자치도","district":"영월군","town":"주천면","address":"강원특별자치도 영월군 주천면 주천리 1132","placeType":"하천","management":"일반지역","manageCode":"2","sectionM":"100.0","riskSectionM":null,"depthAvg":"1.0","depthMax":"3.0","accidents":"1","safetyAction":null,"note":null,"equipment":{"total":19,"sign":3,"rescueBox":1,"vest":6,"buoy":3,"rope":3,"pole":0},"staff":{"startDate":"2026-06-13","endDate":"2026-09-06","hours":"09:00~18:00","deploymentType":"고정 또는 현장배치","confidence":"confirmed","confidenceLabel":"2026년 공식 장소별 배치표 확인","sourceUrl":"https://www.yw.go.kr/jobs/basic/userJobInfoView.do?jobDiv=G&jobNo=1362&n=602","verifiedAt":"2026-08-13"},"coordinateCorrected":false,"sourceYear":2025}},{"type":"Feature","geometry":{"type":"Point","coordinates":[128.3124404,37.9466775]},"properties":{"id":1163,"name":"103통신단","detail":"303통신단 앞","province":"강원특별자치도","district":"인제군","town":"기린면","address":"강원특별자치도 인제군 기린면 현리 765-2","placeType":"하천","management":"위험지역","manageCode":"3","sectionM":"450.0","riskSectionM":"350.0","depthAvg":"1.5","depthMax":"2.0","accidents":"0","safetyAction":null,"note":null,"equipment":{"total":3,"sign":1,"rescueBox":1,"vest":0,"buoy":0,"rope":1,"pole":0},"staff":null,"coordinateCorrected":false,"sourceYear":2025}},{"type":"Feature","geometry":{"type":"Point","coordinates":[128.4166222,37.9686807]},"properties":{"id":1164,"name":"두무대송어횟집","detail":"두무대송어횟집","province":"강원특별자치도","district":"인제군","town":"기린면","address":"강원특별자치도 인제군 기린면 진동리 632-3번지","placeType":"하천","management":"위험지역","manageCode":"3","sectionM":"310.0","riskSectionM":"250.0","depthAvg":"2.5","depthMax":"4.0","accidents":"0","safetyAction":null,"note":null,"equipment":{"total":2,"sign":1,"rescueBox":1,"vest":0,"buoy":0,"rope":0,"pole":0},"staff":null,"coordinateCorrected":false,"sourceYear":2025}},{"type":"Feature","geometry":{"type":"Point","coordinates":[128.2863846,37.2624815]},"properties":{"id":293,"name":"주천보","detail":"주천보","province":"강원특별자치도","district":"영월군","town":"주천면","address":"강원특별자치도 영월군 주천면 주천리 335-2","placeType":"하천","management":"일반지역","manageCode":"2","sectionM":"100.0","riskSectionM":null,"depthAvg":"1.0","depthMax":"3.0","accidents":"0","safetyAction":null,"note":null,"equipment":{"total":9,"sign":4,"rescueBox":1,"vest":2,"buoy":1,"rope":1,"pole":0},"staff":{"startDate":"2026-06-13","endDate":"2026-09-06","hours":"09:00~18:00","deploymentType":"고정 또는 현장배치","confidence":"confirmed","confidenceLabel":"2026년 공식 장소별 배치표 확인","sourceUrl":"https://www.yw.go.kr/jobs/basic/userJobInfoView.do?jobDiv=G&jobNo=1362&n=602","verifiedAt":"2026-08-13"},"coordinateCorrected":false,"sourceYear":2025}},{"type":"Feature","geometry":{"type":"Point","coordinates":[128.2908616,37.2260165]},"properties":{"id":294,"name":"용석보","detail":"용석보","province":"강원특별자치도","district":"영월군","town":"주천면","address":"강원특별자치도 영월군 주천면 용석리 512-1","placeType":"하천","management":"일반지역","manageCode":"2","sectionM":"80.0","riskSectionM":null,"depthAvg":"1.0","depthMax":"2.0","accidents":"0","safetyAction":null,"note":null,"equipment":{"total":11,"sign":1,"rescueBox":1,"vest":4,"buoy":2,"rope":2,"pole":0},"staff":null,"coordinateCorrected":false,"sourceYear":2025}},{"type":"Feature","geometry":{"type":"Point","coordinates":[128.303591,37.2372535]},"properties":{"id":296,"name":"내신평보","detail":"내신평보","province":"강원특별자치도","district":"영월군","town":"주천면","address":"강원특별자치도 영월군 주천면 용석리 186-1","placeType":"하천","management":"일반지역","manageCode":"2","sectionM":"100.0","riskSectionM":null,"depthAvg":"1.0","depthMax":"3.0","accidents":"0","safetyAction":null,"note":null,"equipment":{"total":16,"sign":1,"rescueBox":1,"vest":6,"buoy":3,"rope":3,"pole":0},"staff":null,"coordinateCorrected":false,"sourceYear":2025}},{"type":"Feature","geometry":{"type":"Point","coordinates":[128.3253228,37.2944085]},"properties":{"id":297,"name":"판운쉼터 앞","detail":"판운쉼터 앞","province":"강원특별자치도","district":"영월군","town":"주천면","address":"강원특별자치도 영월군 주천면 판운리 488-4","placeType":"하천","management":"일반지역","manageCode":"2","sectionM":"100.0","riskSectionM":null,"depthAvg":"1.0","depthMax":"2.0","accidents":"0","safetyAction":null,"note":null,"equipment":{"total":12,"sign":2,"rescueBox":1,"vest":4,"buoy":2,"rope":2,"pole":0},"staff":{"startDate":"2026-06-13","endDate":"2026-09-06","hours":"09:00~18:00","deploymentType":"고정 또는 현장배치","confidence":"confirmed","confidenceLabel":"2026년 공식 장소별 배치표 확인","sourceUrl":"https://www.yw.go.kr/jobs/basic/userJobInfoView.do?jobDiv=G&jobNo=1362&n=602","verifiedAt":"2026-08-13"},"coordinateCorrected":false,"sourceYear":2025}},{"type":"Feature","geometry":{"type":"Point","coordinates":[128.3349456,37.2825775]},"properties":{"id":299,"name":"판운1리 마을회관","detail":"판운1리 마을회관","province":"강원특별자치도","district":"영월군","town":"주천면","address":"강원특별자치도 영월군 주천면 판운리 402-1","placeType":"하천","management":"일반지역","manageCode":"2","sectionM":"100.0","riskSectionM":null,"depthAvg":"1.0","depthMax":"2.0","accidents":"0","safetyAction":null,"note":null,"equipment":{"total":18,"sign":2,"rescueBox":1,"vest":6,"buoy":3,"rope":3,"pole":0},"staff":{"startDate":"2026-06-13","endDate":"2026-09-06","hours":"09:00~18:00","deploymentType":"고정 또는 현장배치","confidence":"confirmed","confidenceLabel":"2026년 공식 장소별 배치표 확인","sourceUrl":"https://www.yw.go.kr/jobs/basic/userJobInfoView.do?jobDiv=G&jobNo=1362&n=602","verifiedAt":"2026-08-13"},"coordinateCorrected":false,"sourceYear":2025}},{"type":"Feature","geometry":{"type":"Point","coordinates":[128.2339232,37.2986896]},"properties":{"id":300,"name":"엄둔계곡 앞","detail":"엄둔계곡 앞","province":"강원특별자치도","district":"영월군","town":"무릉도원면","address":"강원특별자치도 영월군 무릉도원면 도원리 671-2","placeType":"하천","management":"일반지역","manageCode":"2","sectionM":"80.0","riskSectionM":null,"depthAvg":"1.0","depthMax":"2.0","accidents":"0","safetyAction":null,"note":null,"equipment":{"total":12,"sign":1,"rescueBox":1,"vest":4,"buoy":2,"rope":2,"pole":0},"staff":{"startDate":"2026-06-13","endDate":"2026-09-06","hours":"09:00~18:00","deploymentType":"고정 또는 현장배치","confidence":"confirmed","confidenceLabel":"2026년 공식 장소별 배치표 확인","sourceUrl":"https://www.yw.go.kr/jobs/basic/userJobInfoView.do?jobDiv=G&jobNo=1362&n=602","verifiedAt":"2026-08-13"},"coordinateCorrected":false,"sourceYear":2025}},{"type":"Feature","geometry":{"type":"Point","coordinates":[128.1887678,37.297825]},"properties":{"id":301,"name":"새하늘교회 앞","detail":"새하늘교회 앞","province":"강원특별자치도","district":"영월군","town":"무릉도원면","address":"강원특별자치도 영월군 무릉도원면 두산리 159-1","placeType":"하천","management":"일반지역","manageCode":"2","sectionM":"80.0","riskSectionM":null,"depthAvg":"1.0","depthMax":"2.0","accidents":"0","safetyAction":null,"note":null,"equipment":{"total":7,"sign":1,"rescueBox":1,"vest":2,"buoy":1,"rope":1,"pole":0},"staff":{"startDate":"2026-06-13","endDate":"2026-09-06","hours":"09:00~18:00","deploymentType":"고정 또는 현장배치","confidence":"confirmed","confidenceLabel":"2026년 공식 장소별 배치표 확인","sourceUrl":"https://www.yw.go.kr/jobs/basic/userJobInfoView.do?jobDiv=G&jobNo=1362&n=602","verifiedAt":"2026-08-13"},"coordinateCorrected":false,"sourceYear":2025}},{"type":"Feature","geometry":{"type":"Point","coordinates":[128.2680582,37.2836988]},"properties":{"id":302,"name":"주천강(무릉1리 버스정류장)","detail":"주천강(무릉1리 버스정류장)","province":"강원특별자치도","district":"영월군","town":"무릉도원면","address":"강원특별자치도 영월군 무릉도원면 무릉리 434-4","placeType":"하천","management":"일반지역","manageCode":"2","sectionM":"80.0","riskSectionM":null,"depthAvg":"1.0","depthMax":"3.0","accidents":"1","safetyAction":null,"note":null,"equipment":{"total":18,"sign":2,"rescueBox":1,"vest":6,"buoy":3,"rope":3,"pole":0},"staff":{"startDate":"2026-06-13","endDate":"2026-09-06","hours":"09:00~18:00","deploymentType":"고정 또는 현장배치","confidence":"confirmed","confidenceLabel":"2026년 공식 장소별 배치표 확인","sourceUrl":"https://www.yw.go.kr/jobs/basic/userJobInfoView.do?jobDiv=G&jobNo=1362&n=602","verifiedAt":"2026-08-13"},"coordinateCorrected":false,"sourceYear":2025}},{"type":"Feature","geometry":{"type":"Point","coordinates":[128.2609887,37.3005971]},"properties":{"id":303,"name":"요선교","detail":"요선교","province":"강원특별자치도","district":"영월군","town":"무릉도원면","address":"강원특별자치도 영월군 무릉도원면 무릉리 1351-4","placeType":"하천","management":"일반지역","manageCode":"2","sectionM":"80.0","riskSectionM":null,"depthAvg":"1.0","depthMax":"3.0","accidents":"0","safetyAction":null,"note":null,"equipment":{"total":12,"sign":2,"rescueBox":1,"vest":3,"buoy":2,"rope":2,"pole":0},"staff":{"startDate":"2026-06-13","endDate":"2026-09-06","hours":"09:00~18:00","deploymentType":"고정 또는 현장배치","confidence":"confirmed","confidenceLabel":"2026년 공식 장소별 배치표 확인","sourceUrl":"https://www.yw.go.kr/jobs/basic/userJobInfoView.do?jobDiv=G&jobNo=1362&n=602","verifiedAt":"2026-08-13"},"coordinateCorrected":false,"sourceYear":2025}},{"type":"Feature","geometry":{"type":"Point","coordinates":[128.2487949,37.2934272]},"properties":{"id":304,"name":"도원보 위","detail":"도원보 위","province":"강원특별자치도","district":"영월군","town":"무릉도원면","address":"강원특별자치도 영월군 무릉도원면 도원리 930-1","placeType":"하천","management":"일반지역","manageCode":"2","sectionM":"80.0","riskSectionM":null,"depthAvg":"1.0","depthMax":"3.0","accidents":"0","safetyAction":null,"note":null,"equipment":{"total":7,"sign":1,"rescueBox":1,"vest":2,"buoy":1,"rope":1,"pole":0},"staff":null,"coordinateCorrected":false,"sourceYear":2025}},{"type":"Feature","geometry":{"type":"Point","coordinates":[128.4102258,37.3766396]},"properties":{"id":306,"name":"평창강변","detail":"바위공원","province":"강원특별자치도","district":"평창군","town":"평창읍","address":"강원특별자치도 평창군 평창읍 평창군 평창읍 중리 8-3","placeType":"하천","management":"일반지역","manageCode":"2","sectionM":"100.0","riskSectionM":null,"depthAvg":"2.0","depthMax":"3.0","accidents":"1","safetyAction":null,"note":null,"equipment":{"total":68,"sign":13,"rescueBox":11,"vest":11,"buoy":11,"rope":11,"pole":0},"staff":null,"coordinateCorrected":false,"sourceYear":2025}},{"type":"Feature","geometry":{"type":"Point","coordinates":[128.3872992,37.343922]},"properties":{"id":307,"name":"유동둔치","detail":"유동둔치","province":"강원특별자치도","district":"평창군","town":"평창읍","address":"강원특별자치도 평창군 평창읍 평창군 평창읍 약수리 387","placeType":"하천","management":"일반지역","manageCode":"2","sectionM":"100.0","riskSectionM":null,"depthAvg":"1.0","depthMax":"2.0","accidents":"0","safetyAction":null,"note":null,"equipment":{"total":16,"sign":2,"rescueBox":1,"vest":4,"buoy":5,"rope":3,"pole":0},"staff":null,"coordinateCorrected":false,"sourceYear":2025}},{"type":"Feature","geometry":{"type":"Point","coordinates":[128.4147759,37.4265215]},"properties":{"id":308,"name":"천제당","detail":"천제당","province":"강원특별자치도","district":"평창군","town":"방림면","address":"강원특별자치도 평창군 방림면 강원 평창군 방림면 방림리 1863-12","placeType":"하천","management":"일반지역","manageCode":"2","sectionM":"100.0","riskSectionM":null,"depthAvg":"1.0","depthMax":"2.0","accidents":"0","safetyAction":null,"note":null,"equipment":{"total":19,"sign":4,"rescueBox":2,"vest":2,"buoy":5,"rope":2,"pole":1},"staff":null,"coordinateCorrected":false,"sourceYear":2025}},{"type":"Feature","geometry":{"type":"Point","coordinates":[128.3882551,37.4793306]},"properties":{"id":309,"name":"금당계곡1","detail":"낙엽송밭","province":"강원특별자치도","district":"평창군","town":"대화면","address":"강원특별자치도 평창군 대화면 평창군 대화면 개수리 산1-1","placeType":"하천","management":"일반지역","manageCode":"2","sectionM":"100.0","riskSectionM":null,"depthAvg":"1.0","depthMax":"2.0","accidents":"0","safetyAction":null,"note":null,"equipment":{"total":27,"sign":7,"rescueBox":4,"vest":4,"buoy":4,"rope":4,"pole":0},"staff":null,"coordinateCorrected":false,"sourceYear":2025}},{"type":"Feature","geometry":{"type":"Point","coordinates":[128.3909634,37.5127155]},"properties":{"id":310,"name":"금당계곡3","detail":"원경펜션 앞","province":"강원특별자치도","district":"평창군","town":"대화면","address":"강원특별자치도 평창군 대화면 평창군 대화면 개수리 279-4","placeType":"하천","management":"일반지역","manageCode":"2","sectionM":"100.0","riskSectionM":null,"depthAvg":"1.0","depthMax":"2.0","accidents":"1","safetyAction":null,"note":null,"equipment":{"total":40,"sign":6,"rescueBox":6,"vest":8,"buoy":6,"rope":7,"pole":0},"staff":null,"coordinateCorrected":false,"sourceYear":2025}},{"type":"Feature","geometry":{"type":"Point","coordinates":[128.3506683,37.6229746]},"properties":{"id":311,"name":"흥정계곡1","detail":"흥정계곡입구","province":"강원특별자치도","district":"평창군","town":"봉평면","address":"강원특별자치도 평창군 봉평면 평창군 봉평면 원길리 1064-21","placeType":"하천","management":"일반지역","manageCode":"2","sectionM":"300.0","riskSectionM":null,"depthAvg":"1.0","depthMax":"2.0","accidents":"0","safetyAction":null,"note":null,"equipment":{"total":45,"sign":5,"rescueBox":8,"vest":8,"buoy":8,"rope":8,"pole":0},"staff":null,"coordinateCorrected":false,"sourceYear":2025}},{"type":"Feature","geometry":{"type":"Point","coordinates":[128.3503453,37.6344115]},"properties":{"id":312,"name":"흥정계곡2","detail":"돌섬오토캠핑장","province":"강원특별자치도","district":"평창군","town":"봉평면","address":"강원특별자치도 평창군 봉평면 평창군 봉평면 흥정리 산56-2","placeType":"하천","management":"일반지역","manageCode":"2","sectionM":"300.0","riskSectionM":null,"depthAvg":"1.0","depthMax":"3.0","accidents":"1","safetyAction":null,"note":null,"equipment":{"total":12,"sign":2,"rescueBox":2,"vest":2,"buoy":2,"rope":2,"pole":0},"staff":null,"coordinateCorrected":false,"sourceYear":2025}},{"type":"Feature","geometry":{"type":"Point","coordinates":[127.3071438,38.1484506]},"properties":{"id":343,"name":"순담계곡","detail":"순담계곡","province":"강원특별자치도","district":"철원군","town":"갈말읍","address":"강원특별자치도 철원군 갈말읍 지포리","placeType":"하천","management":"일반지역","manageCode":"2","sectionM":"30.0","riskSectionM":null,"depthAvg":"2.0","depthMax":"6.0","accidents":"0","safetyAction":null,"note":null,"equipment":{"total":13,"sign":2,"rescueBox":1,"vest":3,"buoy":3,"rope":3,"pole":0},"staff":null,"coordinateCorrected":false,"sourceYear":2025}},{"type":"Feature","geometry":{"type":"Point","coordinates":[128.6023076,38.0721843]},"properties":{"id":1171,"name":"임천보","detail":"임천보위","province":"강원특별자치도","district":"양양군","town":"양양읍","address":"강원특별자치도 양양군 양양읍 임천리 440","placeType":"하천","management":"위험지역","manageCode":"3","sectionM":"100.0","riskSectionM":"80.0","depthAvg":"1.0","depthMax":"2.0","accidents":"0","safetyAction":null,"note":null,"equipment":{"total":8,"sign":2,"rescueBox":1,"vest":1,"buoy":1,"rope":1,"pole":0},"staff":null,"coordinateCorrected":false,"sourceYear":2025}},{"type":"Feature","geometry":{"type":"Point","coordinates":[128.3420329,37.6380787]},"properties":{"id":313,"name":"흥정계곡3","detail":"바람개비전망대","province":"강원특별자치도","district":"평창군","town":"봉평면","address":"강원특별자치도 평창군 봉평면 평창군 봉평면 흥정리 247-15","placeType":"하천","management":"일반지역","manageCode":"2","sectionM":"100.0","riskSectionM":null,"depthAvg":"1.0","depthMax":"2.0","accidents":"0","safetyAction":null,"note":null,"equipment":{"total":7,"sign":2,"rescueBox":1,"vest":1,"buoy":1,"rope":1,"pole":0},"staff":null,"coordinateCorrected":false,"sourceYear":2025}},{"type":"Feature","geometry":{"type":"Point","coordinates":[128.339722,37.6392728]},"properties":{"id":314,"name":"흥정계곡4","detail":"북극곰야영장(허브다리)","province":"강원특별자치도","district":"평창군","town":"봉평면","address":"강원특별자치도 평창군 봉평면 평창군 봉평면 흥정리 산39-1","placeType":"하천","management":"일반지역","manageCode":"2","sectionM":"100.0","riskSectionM":null,"depthAvg":"1.0","depthMax":"2.0","accidents":"0","safetyAction":null,"note":null,"equipment":{"total":13,"sign":3,"rescueBox":2,"vest":2,"buoy":2,"rope":2,"pole":0},"staff":null,"coordinateCorrected":false,"sourceYear":2025}},{"type":"Feature","geometry":{"type":"Point","coordinates":[128.3295703,37.647143]},"properties":{"id":315,"name":"흥정계곡5","detail":"샤라의정원펜션 앞","province":"강원특별자치도","district":"평창군","town":"봉평면","address":"강원특별자치도 평창군 봉평면 평창군 봉평면 흥정리 343-3","placeType":"하천","management":"일반지역","manageCode":"2","sectionM":"100.0","riskSectionM":null,"depthAvg":"1.0","depthMax":"2.0","accidents":"0","safetyAction":null,"note":null,"equipment":{"total":11,"sign":1,"rescueBox":2,"vest":2,"buoy":2,"rope":2,"pole":0},"staff":null,"coordinateCorrected":false,"sourceYear":2025}},{"type":"Feature","geometry":{"type":"Point","coordinates":[128.3239918,37.650068]},"properties":{"id":316,"name":"흥정계곡6","detail":"오토캠핑장","province":"강원특별자치도","district":"평창군","town":"봉평면","address":"강원특별자치도 평창군 봉평면 평창군 봉평면 흥정리 356","placeType":"하천","management":"일반지역","manageCode":"2","sectionM":"100.0","riskSectionM":null,"depthAvg":"1.0","depthMax":"2.0","accidents":"0","safetyAction":null,"note":null,"equipment":{"total":6,"sign":1,"rescueBox":1,"vest":1,"buoy":1,"rope":1,"pole":0},"staff":null,"coordinateCorrected":false,"sourceYear":2025}},{"type":"Feature","geometry":{"type":"Point","coordinates":[128.584162,37.4877351]},"properties":{"id":317,"name":"막동계곡","detail":"막동계곡입구","province":"강원특별자치도","district":"평창군","town":"진부면","address":"강원특별자치도 평창군 진부면 강원 평창군 진부면 막동리","placeType":"산간계곡","management":"일반지역","manageCode":"2","sectionM":"500.0","riskSectionM":null,"depthAvg":"1.0","depthMax":"2.0","accidents":"0","safetyAction":null,"note":null,"equipment":{"total":8,"sign":1,"rescueBox":1,"vest":1,"buoy":1,"rope":1,"pole":0},"staff":null,"coordinateCorrected":false,"sourceYear":2025}},{"type":"Feature","geometry":{"type":"Point","coordinates":[128.5462331,37.4987698]},"properties":{"id":318,"name":"장전계곡","detail":"장전계곡입구","province":"강원특별자치도","district":"평창군","town":"진부면","address":"강원특별자치도 평창군 진부면 평창군 진부면 장전리 139","placeType":"산간계곡","management":"일반지역","manageCode":"2","sectionM":"1000.0","riskSectionM":null,"depthAvg":"1.0","depthMax":"2.0","accidents":"0","safetyAction":null,"note":null,"equipment":{"total":13,"sign":3,"rescueBox":2,"vest":2,"buoy":2,"rope":2,"pole":0},"staff":null,"coordinateCorrected":false,"sourceYear":2025}},{"type":"Feature","geometry":{"type":"Point","coordinates":[128.7185974,37.3698666]},"properties":{"id":319,"name":"덕산기","detail":"덕산기","province":"강원특별자치도","district":"정선군","town":"정선읍","address":"강원특별자치도 정선군 정선읍 여탄리 산 87-1","placeType":"하천","management":"일반지역","manageCode":"2","sectionM":"100.0","riskSectionM":null,"depthAvg":"1.0","depthMax":"1.5","accidents":"0","safetyAction":null,"note":null,"equipment":{"total":12,"sign":1,"rescueBox":1,"vest":2,"buoy":2,"rope":4,"pole":2},"staff":null,"coordinateCorrected":false,"sourceYear":2025}},{"type":"Feature","geometry":{"type":"Point","coordinates":[128.6108161,37.3697858]},"properties":{"id":320,"name":"군언","detail":"강이흐르는마을 펜션 앞","province":"강원특별자치도","district":"정선군","town":"정선읍","address":"강원특별자치도 정선군 정선읍 광하리 388-1","placeType":"하천","management":"일반지역","manageCode":"2","sectionM":"100.0","riskSectionM":null,"depthAvg":"3.0","depthMax":"8.0","accidents":"0","safetyAction":null,"note":null,"equipment":{"total":10,"sign":1,"rescueBox":1,"vest":2,"buoy":2,"rope":2,"pole":2},"staff":null,"coordinateCorrected":false,"sourceYear":2025}},{"type":"Feature","geometry":{"type":"Point","coordinates":[128.6077911,37.3897534]},"properties":{"id":321,"name":"안말","detail":"안말","province":"강원특별자치도","district":"정선군","town":"정선읍","address":"강원특별자치도 정선군 정선읍 용탄리 388-14","placeType":"하천","management":"일반지역","manageCode":"2","sectionM":"100.0","riskSectionM":null,"depthAvg":"2.0","depthMax":"6.0","accidents":"0","safetyAction":null,"note":null,"equipment":{"total":10,"sign":1,"rescueBox":1,"vest":2,"buoy":2,"rope":2,"pole":2},"staff":null,"coordinateCorrected":false,"sourceYear":2025}},{"type":"Feature","geometry":{"type":"Point","coordinates":[128.6012303,37.3865562]},"properties":{"id":322,"name":"노미","detail":"노미","province":"강원특별자치도","district":"정선군","town":"정선읍","address":"강원특별자치도 정선군 정선읍 용탄리 619-6","placeType":"하천","management":"일반지역","manageCode":"2","sectionM":"100.0","riskSectionM":null,"depthAvg":"1.0","depthMax":"5.0","accidents":"0","safetyAction":null,"note":null,"equipment":{"total":11,"sign":1,"rescueBox":1,"vest":2,"buoy":2,"rope":3,"pole":2},"staff":null,"coordinateCorrected":false,"sourceYear":2025}},{"type":"Feature","geometry":{"type":"Point","coordinates":[128.6853844,37.401766]},"properties":{"id":324,"name":"자연학교","detail":"자연학교","province":"강원특별자치도","district":"정선군","town":"정선읍","address":"강원특별자치도 정선군 정선읍 덕송리 159-8","placeType":"하천","management":"일반지역","manageCode":"2","sectionM":"100.0","riskSectionM":null,"depthAvg":"1.0","depthMax":"9.0","accidents":"0","safetyAction":null,"note":null,"equipment":{"total":10,"sign":2,"rescueBox":1,"vest":2,"buoy":2,"rope":2,"pole":1},"staff":null,"coordinateCorrected":false,"sourceYear":2025}},{"type":"Feature","geometry":{"type":"Point","coordinates":[128.6736457,37.3715101]},"properties":{"id":325,"name":"범바위","detail":"범바위","province":"강원특별자치도","district":"정선군","town":"정선읍","address":"강원특별자치도 정선군 정선읍 애산리 659-4","placeType":"하천","management":"일반지역","manageCode":"2","sectionM":"50.0","riskSectionM":null,"depthAvg":"1.0","depthMax":"5.0","accidents":"0","safetyAction":null,"note":null,"equipment":{"total":14,"sign":2,"rescueBox":1,"vest":2,"buoy":4,"rope":3,"pole":2},"staff":null,"coordinateCorrected":false,"sourceYear":2025}},{"type":"Feature","geometry":{"type":"Point","coordinates":[128.785197,37.3397214]},"properties":{"id":326,"name":"용마소","detail":"용마소","province":"강원특별자치도","district":"정선군","town":"화암면","address":"강원특별자치도 정선군 화암면 화암리 1112","placeType":"하천","management":"일반지역","manageCode":"2","sectionM":"200.0","riskSectionM":null,"depthAvg":"1.0","depthMax":"3.0","accidents":"1","safetyAction":null,"note":null,"equipment":{"total":20,"sign":3,"rescueBox":1,"vest":4,"buoy":4,"rope":4,"pole":2},"staff":null,"coordinateCorrected":false,"sourceYear":2025}},{"type":"Feature","geometry":{"type":"Point","coordinates":[128.6807348,37.3198862]},"properties":{"id":327,"name":"낙동분교앞","detail":"구)낙동분교앞","province":"강원특별자치도","district":"정선군","town":"남면","address":"강원특별자치도 정선군 남면 낙동리 613","placeType":"하천","management":"일반지역","manageCode":"2","sectionM":"200.0","riskSectionM":null,"depthAvg":"1.0","depthMax":"2.0","accidents":"0","safetyAction":null,"note":null,"equipment":{"total":19,"sign":1,"rescueBox":1,"vest":10,"buoy":3,"rope":2,"pole":1},"staff":null,"coordinateCorrected":false,"sourceYear":2025}},{"type":"Feature","geometry":{"type":"Point","coordinates":[128.7175967,37.316488]},"properties":{"id":328,"name":"개미들야영장","detail":"개미들야영장","province":"강원특별자치도","district":"정선군","town":"남면","address":"강원특별자치도 정선군 남면 낙동리 687","placeType":"하천","management":"일반지역","manageCode":"2","sectionM":"100.0","riskSectionM":null,"depthAvg":"1.0","depthMax":"3.0","accidents":"0","safetyAction":null,"note":null,"equipment":{"total":19,"sign":1,"rescueBox":1,"vest":10,"buoy":3,"rope":2,"pole":1},"staff":null,"coordinateCorrected":false,"sourceYear":2025}},{"type":"Feature","geometry":{"type":"Point","coordinates":[128.7124977,37.5164755]},"properties":{"id":329,"name":"자개골","detail":"자개골","province":"강원특별자치도","district":"정선군","town":"여량면","address":"강원특별자치도 정선군 여량면 유천리 723-10","placeType":"하천","management":"일반지역","manageCode":"2","sectionM":"4000.0","riskSectionM":null,"depthAvg":"1.0","depthMax":"2.0","accidents":"1","safetyAction":null,"note":null,"equipment":{"total":10,"sign":1,"rescueBox":1,"vest":2,"buoy":2,"rope":2,"pole":1},"staff":null,"coordinateCorrected":false,"sourceYear":2025}},{"type":"Feature","geometry":{"type":"Point","coordinates":[128.7457338,37.4653852]},"properties":{"id":330,"name":"자경하천","detail":"지경하천","province":"강원특별자치도","district":"정선군","town":"여량면","address":"강원특별자치도 정선군 여량면 여량리 49-2","placeType":"하천","management":"일반지역","manageCode":"2","sectionM":"100.0","riskSectionM":null,"depthAvg":"1.0","depthMax":"1.0","accidents":"0","safetyAction":null,"note":null,"equipment":{"total":11,"sign":1,"rescueBox":1,"vest":2,"buoy":3,"rope":2,"pole":1},"staff":null,"coordinateCorrected":false,"sourceYear":2025}},{"type":"Feature","geometry":{"type":"Point","coordinates":[128.7218549,37.497517]},"properties":{"id":331,"name":"흥터","detail":"흥터","province":"강원특별자치도","district":"정선군","town":"여량면","address":"강원특별자치도 정선군 여량면 유천리 574","placeType":"하천","management":"일반지역","manageCode":"2","sectionM":"100.0","riskSectionM":null,"depthAvg":"1.0","depthMax":"4.0","accidents":"1","safetyAction":null,"note":null,"equipment":{"total":19,"sign":2,"rescueBox":1,"vest":6,"buoy":5,"rope":2,"pole":2},"staff":null,"coordinateCorrected":false,"sourceYear":2025}},{"type":"Feature","geometry":{"type":"Point","coordinates":[128.7214545,37.4764475]},"properties":{"id":332,"name":"아우라지","detail":"아우라지","province":"강원특별자치도","district":"정선군","town":"여량면","address":"강원특별자치도 정선군 여량면 여량리 725-1","placeType":"하천","management":"일반지역","manageCode":"2","sectionM":"200.0","riskSectionM":null,"depthAvg":"1.0","depthMax":"5.0","accidents":"0","safetyAction":null,"note":null,"equipment":{"total":29,"sign":4,"rescueBox":3,"vest":6,"buoy":10,"rope":4,"pole":0},"staff":null,"coordinateCorrected":false,"sourceYear":2025}},{"type":"Feature","geometry":{"type":"Point","coordinates":[128.6352991,37.4518833]},"properties":{"id":333,"name":"졸드루휴양지","detail":"졸드루","province":"강원특별자치도","district":"정선군","town":"북평면","address":"강원특별자치도 정선군 북평면 나전리 330-49","placeType":"하천","management":"일반지역","manageCode":"2","sectionM":"100.0","riskSectionM":null,"depthAvg":"1.0","depthMax":"1.5","accidents":"0","safetyAction":null,"note":null,"equipment":{"total":18,"sign":2,"rescueBox":2,"vest":5,"buoy":5,"rope":2,"pole":1},"staff":null,"coordinateCorrected":false,"sourceYear":2025}},{"type":"Feature","geometry":{"type":"Point","coordinates":[128.6718663,37.447248]},"properties":{"id":334,"name":"남평보 하류","detail":"북평둔치","province":"강원특별자치도","district":"정선군","town":"북평면","address":"강원특별자치도 정선군 북평면 북평리 168","placeType":"하천","management":"일반지역","manageCode":"2","sectionM":"150.0","riskSectionM":null,"depthAvg":"2.0","depthMax":"2.0","accidents":"0","safetyAction":null,"note":null,"equipment":{"total":21,"sign":2,"rescueBox":2,"vest":6,"buoy":5,"rope":4,"pole":1},"staff":null,"coordinateCorrected":false,"sourceYear":2025}},{"type":"Feature","geometry":{"type":"Point","coordinates":[128.684872,37.4113918]},"properties":{"id":335,"name":"문곡소수력댐","detail":"한반도마을","province":"강원특별자치도","district":"정선군","town":"북평면","address":"강원특별자치도 정선군 북평면 문곡리 323-1","placeType":"하천","management":"일반지역","manageCode":"2","sectionM":"100.0","riskSectionM":null,"depthAvg":"1.0","depthMax":"3.0","accidents":"2","safetyAction":null,"note":null,"equipment":{"total":12,"sign":1,"rescueBox":2,"vest":3,"buoy":3,"rope":2,"pole":1},"staff":null,"coordinateCorrected":false,"sourceYear":2025}},{"type":"Feature","geometry":{"type":"Point","coordinates":[127.8351112,36.7067418]},"properties":{"id":1202,"name":"용추폭포","detail":"용추폭포","province":"충청북도","district":"괴산군","town":"청천면","address":"충청북도 괴산군 청천면 청천면 사기막리 산81","placeType":"계곡","management":"위험지역","manageCode":"3","sectionM":"0.0","riskSectionM":"20.0","depthAvg":"2.0","depthMax":"3.0","accidents":"3","safetyAction":"표지판 설치 통제","note":null,"equipment":{"total":8,"sign":8,"rescueBox":0,"vest":0,"buoy":0,"rope":0,"pole":0},"staff":null,"coordinateCorrected":false,"sourceYear":2025}},{"type":"Feature","geometry":{"type":"Point","coordinates":[127.8024917,36.6810901]},"properties":{"id":1203,"name":"청소년수련원","detail":"청소년수련원","province":"충청북도","district":"괴산군","town":"청천면","address":"충청북도 괴산군 청천면 청천면 화양리 153-4","placeType":"하천","management":"위험지역","manageCode":"3","sectionM":"0.0","riskSectionM":"50.0","depthAvg":"1.0","depthMax":"2.0","accidents":"0","safetyAction":"표지판 설치 통제","note":null,"equipment":{"total":2,"sign":2,"rescueBox":0,"vest":0,"buoy":0,"rope":0,"pole":0},"staff":null,"coordinateCorrected":false,"sourceYear":2025}},{"type":"Feature","geometry":{"type":"Point","coordinates":[127.8089331,36.6248971]},"properties":{"id":1204,"name":"사담유원지","detail":"사담유원지","province":"충청북도","district":"괴산군","town":"청천면","address":"충청북도 괴산군 청천면 청천면 사담리 42-8","placeType":"하천","management":"위험지역","manageCode":"3","sectionM":"0.0","riskSectionM":"20.0","depthAvg":"1.0","depthMax":"2.0","accidents":"3","safetyAction":"표지판 설치 통제","note":null,"equipment":{"total":4,"sign":4,"rescueBox":0,"vest":0,"buoy":0,"rope":0,"pole":0},"staff":null,"coordinateCorrected":false,"sourceYear":2025}},{"type":"Feature","geometry":{"type":"Point","coordinates":[127.8536208,36.8690236]},"properties":{"id":1205,"name":"목도강수욕장","detail":"목도강수욕장","province":"충청북도","district":"괴산군","town":"불정면","address":"충청북도 괴산군 불정면 불정면 목도리 325-3","placeType":"하천","management":"위험지역","manageCode":"3","sectionM":"0.0","riskSectionM":"20.0","depthAvg":"1.0","depthMax":"2.0","accidents":"0","safetyAction":"표지판 설치 통제","note":null,"equipment":{"total":3,"sign":3,"rescueBox":0,"vest":0,"buoy":0,"rope":0,"pole":0},"staff":null,"coordinateCorrected":false,"sourceYear":2025}},{"type":"Feature","geometry":{"type":"Point","coordinates":[128.5388787,37.0300996]},"properties":{"id":1206,"name":"용진리 남한강변","detail":"용진리 남한강변","province":"충청북도","district":"단양군","town":"영춘면","address":"충청북도 단양군 영춘면","placeType":"하천","management":"위험지역","manageCode":"3","sectionM":"3250.0","riskSectionM":"3250.0","depthAvg":"3.0","depthMax":"5.0","accidents":"0","safetyAction":"표지판 설치 통제","note":null,"equipment":{"total":6,"sign":6,"rescueBox":0,"vest":0,"buoy":0,"rope":0,"pole":0},"staff":null,"coordinateCorrected":false,"sourceYear":2025}},{"type":"Feature","geometry":{"type":"Point","coordinates":[128.485336,37.085606]},"properties":{"id":1207,"name":"북벽앞 남한강변","detail":"북벽앞 남한강변","province":"충청북도","district":"단양군","town":"영춘면","address":"충청북도 단양군 영춘면","placeType":"하천","management":"위험지역","manageCode":"3","sectionM":"4640.0","riskSectionM":"4640.0","depthAvg":"4.0","depthMax":"10.0","accidents":"0","safetyAction":"표지판 설치 통제","note":null,"equipment":{"total":5,"sign":5,"rescueBox":0,"vest":0,"buoy":0,"rope":0,"pole":0},"staff":null,"coordinateCorrected":true,"sourceYear":2025}},{"type":"Feature","geometry":{"type":"Point","coordinates":[127.7944382,35.99681]},"properties":{"id":1248,"name":"라제통문","detail":"라제통문","province":"전북특별자치도","district":"무주군","town":"설천면","address":"전북특별자치도 무주군 설천면 두길리 979-1","placeType":"계곡","management":"위험지역","manageCode":"3","sectionM":"0.0","riskSectionM":"50.0","depthAvg":"1.0","depthMax":"3.0","accidents":"1","safetyAction":null,"note":null,"equipment":{"total":5,"sign":1,"rescueBox":1,"vest":1,"buoy":1,"rope":1,"pole":0},"staff":null,"coordinateCorrected":false,"sourceYear":2025}},{"type":"Feature","geometry":{"type":"Point","coordinates":[127.599599,35.99287]},"properties":{"id":1250,"name":"하굴지구","detail":"하굴(하굴유원지)","province":"전북특별자치도","district":"무주군","town":"부남면","address":"전북특별자치도 무주군 부남 굴암리 1771 일원","placeType":"하천","management":"위험지역","manageCode":"3","sectionM":"40.0","riskSectionM":"50.0","depthAvg":"2.0","depthMax":"3.0","accidents":"0","safetyAction":null,"note":null,"equipment":{"total":6,"sign":2,"rescueBox":1,"vest":1,"buoy":1,"rope":1,"pole":0},"staff":null,"coordinateCorrected":false,"sourceYear":2025}},{"type":"Feature","geometry":{"type":"Point","coordinates":[127.760892,36.960186]},"properties":{"id":1263,"name":"배알도공원","detail":"배알도공원","province":"전라남도","district":"광양시","town":"태인동","address":"전라남도 광양시 태인동 1630-1","placeType":"하천","management":"위험지역","manageCode":"3","sectionM":"150.0","riskSectionM":"100.0","depthAvg":"1.0","depthMax":"5.0","accidents":"2","safetyAction":"안전관리요원, 표지판 설치 통제","note":null,"equipment":{"total":42,"sign":2,"rescueBox":3,"vest":9,"buoy":10,"rope":5,"pole":0},"staff":null,"coordinateCorrected":false,"sourceYear":2025}},{"type":"Feature","geometry":{"type":"Point","coordinates":[128.9238655,35.9371395]},"properties":{"id":1288,"name":"거여보","detail":"거여보","province":"경상북도","district":"영천시","town":"도동","address":"경상북도 영천시 도동 도동 777-4","placeType":"하천","management":"위험지역","manageCode":"3","sectionM":"700.0","riskSectionM":"700.0","depthAvg":"2.0","depthMax":"3.0","accidents":"0","safetyAction":"위험구역 설정 후 통제","note":null,"equipment":{"total":4,"sign":4,"rescueBox":0,"vest":0,"buoy":0,"rope":0,"pole":0},"staff":null,"coordinateCorrected":false,"sourceYear":2025}},{"type":"Feature","geometry":{"type":"Point","coordinates":[128.3164206,36.5589238]},"properties":{"id":1303,"name":"삼강교","detail":"삼강교 아래(삼강주막 방향)","province":"경상북도","district":"예천군","town":"풍양면","address":"경상북도 예천군 풍양면 삼강리 450","placeType":"강","management":"위험지역","manageCode":"3","sectionM":"150.0","riskSectionM":"150.0","depthAvg":"2.0","depthMax":"4.0","accidents":"0","safetyAction":null,"note":null,"equipment":{"total":0,"sign":0,"rescueBox":0,"vest":0,"buoy":0,"rope":0,"pole":0},"staff":null,"coordinateCorrected":false,"sourceYear":2025}},{"type":"Feature","geometry":{"type":"Point","coordinates":[128.9391217,36.8357389]},"properties":{"id":1304,"name":"이나리강변","detail":"이나리강변(래프팅 출발지점~턱걸바위)","province":"경상북도","district":"봉화군","town":"명호면","address":"경상북도 봉화군 명호면 고계리","placeType":null,"management":"위험지역","manageCode":"3","sectionM":"50.0","riskSectionM":"5.0","depthAvg":"2.0","depthMax":"3.0","accidents":"0","safetyAction":"완전통제","note":null,"equipment":{"total":2,"sign":2,"rescueBox":0,"vest":0,"buoy":0,"rope":0,"pole":0},"staff":null,"coordinateCorrected":false,"sourceYear":2025}},{"type":"Feature","geometry":{"type":"Point","coordinates":[128.9141086,36.8853025]},"properties":{"id":1305,"name":"삼동댐 하류","detail":"명호 삼동댐 하류 도천리 산 376","province":"경상북도","district":"봉화군","town":"명호면","address":"경상북도 봉화군 명호면 도천리","placeType":null,"management":"위험지역","manageCode":"3","sectionM":"20.0","riskSectionM":"4.0","depthAvg":"3.0","depthMax":"4.0","accidents":"0","safetyAction":"완전통제","note":null,"equipment":{"total":2,"sign":2,"rescueBox":0,"vest":0,"buoy":0,"rope":0,"pole":0},"staff":null,"coordinateCorrected":false,"sourceYear":2025}},{"type":"Feature","geometry":{"type":"Point","coordinates":[127.6776123,36.1309043]},"properties":{"id":503,"name":"송호관광지","detail":"송호국민관광지","province":"충청북도","district":"영동군","town":"양산면","address":"충청북도 영동군 양산면 송호리 280","placeType":"하천","management":"일반지역","manageCode":"2","sectionM":"150.0","riskSectionM":null,"depthAvg":"1.0","depthMax":"3.0","accidents":"0","safetyAction":null,"note":null,"equipment":{"total":19,"sign":3,"rescueBox":3,"vest":4,"buoy":4,"rope":4,"pole":0},"staff":null,"coordinateCorrected":false,"sourceYear":2025}},{"type":"Feature","geometry":{"type":"Point","coordinates":[128.7444772,35.4880524]},"properties":{"id":1312,"name":"내이 배수장앞","detail":"제1수중보~내이배수장","province":"경상남도","district":"밀양시","town":"삼문동,\n내이동","address":"경상남도 밀양시 삼문동,\n내이동 삼문동 431-2","placeType":"하천","management":"위험지역","manageCode":"3","sectionM":"100.0","riskSectionM":"40.0","depthAvg":"1.0","depthMax":"2.0","accidents":"0","safetyAction":"물놀이 위험구역 현수막 설치","note":null,"equipment":{"total":1,"sign":1,"rescueBox":0,"vest":0,"buoy":0,"rope":0,"pole":0},"staff":null,"coordinateCorrected":false,"sourceYear":2025}},{"type":"Feature","geometry":{"type":"Point","coordinates":[127.7455381,35.0620941]},"properties":{"id":1322,"name":"송림공원(동편)","detail":"송림공원(동편)","province":"경상남도","district":"하동군","town":"하동읍 광평리 443-10","address":"경상남도 하동군 하동읍 섬진강대로 2107-3","placeType":"하천","management":"위험지역","manageCode":"3","sectionM":"300.0","riskSectionM":"150.0","depthAvg":"5.0","depthMax":"150.0","accidents":"2","safetyAction":null,"note":"표지판 설치 통제","equipment":{"total":7,"sign":7,"rescueBox":0,"vest":0,"buoy":0,"rope":0,"pole":0},"staff":null,"coordinateCorrected":false,"sourceYear":2025}},{"type":"Feature","geometry":{"type":"Point","coordinates":[128.8265878,37.4735794]},"properties":{"id":336,"name":"구미정","detail":"구미정","province":"강원특별자치도","district":"정선군","town":"임계면","address":"강원특별자치도 정선군 임계면 봉산리 523-1","placeType":"하천","management":"일반지역","manageCode":"2","sectionM":"200.0","riskSectionM":null,"depthAvg":"1.0","depthMax":"2.0","accidents":"0","safetyAction":null,"note":null,"equipment":{"total":26,"sign":2,"rescueBox":2,"vest":6,"buoy":6,"rope":6,"pole":2},"staff":null,"coordinateCorrected":false,"sourceYear":2025}},{"type":"Feature","geometry":{"type":"Point","coordinates":[128.8058975,37.4608266]},"properties":{"id":337,"name":"어전~노일마을","detail":"어전~노일마을","province":"강원특별자치도","district":"정선군","town":"임계면","address":"강원특별자치도 정선군 임계면 반천리 333-39","placeType":"하천","management":"일반지역","manageCode":"2","sectionM":"200.0","riskSectionM":null,"depthAvg":"1.0","depthMax":"3.0","accidents":"0","safetyAction":null,"note":null,"equipment":{"total":13,"sign":2,"rescueBox":2,"vest":4,"buoy":2,"rope":2,"pole":1},"staff":null,"coordinateCorrected":false,"sourceYear":2025}},{"type":"Feature","geometry":{"type":"Point","coordinates":[128.71409,37.5099605]},"properties":{"id":338,"name":"행복휴양림","detail":"행복휴양림","province":"강원특별자치도","district":"정선군","town":"여량면","address":"강원특별자치도 정선군 여량면 유천리 산270-8","placeType":"하천","management":"일반지역","manageCode":"2","sectionM":"100.0","riskSectionM":null,"depthAvg":"1.0","depthMax":"3.0","accidents":"2","safetyAction":null,"note":null,"equipment":{"total":15,"sign":3,"rescueBox":1,"vest":4,"buoy":2,"rope":2,"pole":2},"staff":null,"coordinateCorrected":false,"sourceYear":2025}},{"type":"Feature","geometry":{"type":"Point","coordinates":[127.3007473,38.1427673]},"properties":{"id":339,"name":"군탄교","detail":"군탄교","province":"강원특별자치도","district":"철원군","town":"갈말읍","address":"강원특별자치도 철원군 갈말읍 군탄리","placeType":"하천","management":"일반지역","manageCode":"2","sectionM":"100.0","riskSectionM":null,"depthAvg":"2.0","depthMax":"5.0","accidents":"0","safetyAction":null,"note":null,"equipment":{"total":9,"sign":2,"rescueBox":1,"vest":2,"buoy":2,"rope":2,"pole":0},"staff":null,"coordinateCorrected":false,"sourceYear":2025}},{"type":"Feature","geometry":{"type":"Point","coordinates":[127.3331086,38.2845059]},"properties":{"id":344,"name":"외동교","detail":"외동교","province":"강원특별자치도","district":"철원군","town":"갈말읍","address":"강원특별자치도 철원군 갈말읍 동막리","placeType":"하천","management":"일반지역","manageCode":"2","sectionM":"100.0","riskSectionM":null,"depthAvg":"1.0","depthMax":"2.0","accidents":"0","safetyAction":null,"note":null,"equipment":{"total":11,"sign":2,"rescueBox":2,"vest":2,"buoy":2,"rope":3,"pole":0},"staff":null,"coordinateCorrected":false,"sourceYear":2025}},{"type":"Feature","geometry":{"type":"Point","coordinates":[127.298929,38.1875416]},"properties":{"id":345,"name":"직탕상류","detail":"직탕","province":"강원특별자치도","district":"철원군","town":"동송읍","address":"강원특별자치도 철원군 동송읍 장흥리","placeType":"하천","management":"일반지역","manageCode":"2","sectionM":"100.0","riskSectionM":null,"depthAvg":"1.0","depthMax":"3.0","accidents":"0","safetyAction":null,"note":null,"equipment":{"total":11,"sign":1,"rescueBox":1,"vest":3,"buoy":3,"rope":3,"pole":0},"staff":null,"coordinateCorrected":false,"sourceYear":2025}},{"type":"Feature","geometry":{"type":"Point","coordinates":[127.298929,38.1875416]},"properties":{"id":346,"name":"직탕하류","detail":"직탕","province":"강원특별자치도","district":"철원군","town":"동송읍","address":"강원특별자치도 철원군 동송읍 장흥리","placeType":"하천","management":"일반지역","manageCode":"2","sectionM":"100.0","riskSectionM":null,"depthAvg":"1.0","depthMax":"2.0","accidents":"0","safetyAction":null,"note":null,"equipment":{"total":12,"sign":2,"rescueBox":1,"vest":3,"buoy":3,"rope":3,"pole":0},"staff":null,"coordinateCorrected":false,"sourceYear":2025}},{"type":"Feature","geometry":{"type":"Point","coordinates":[127.298929,38.1875416]},"properties":{"id":347,"name":"마당바위","detail":"마당바위","province":"강원특별자치도","district":"철원군","town":"동송읍","address":"강원특별자치도 철원군 동송읍 장흥리","placeType":"하천","management":"일반지역","manageCode":"2","sectionM":"50.0","riskSectionM":null,"depthAvg":"2.0","depthMax":"6.0","accidents":"1","safetyAction":null,"note":null,"equipment":{"total":8,"sign":1,"rescueBox":1,"vest":2,"buoy":2,"rope":2,"pole":0},"staff":null,"coordinateCorrected":false,"sourceYear":2025}},{"type":"Feature","geometry":{"type":"Point","coordinates":[127.298929,38.1875416]},"properties":{"id":348,"name":"태봉대교하류","detail":"태봉대교","province":"강원특별자치도","district":"철원군","town":"동송읍","address":"강원특별자치도 철원군 동송읍 장흥리","placeType":"하천","management":"일반지역","manageCode":"2","sectionM":"100.0","riskSectionM":null,"depthAvg":"1.0","depthMax":"3.0","accidents":"0","safetyAction":null,"note":null,"equipment":{"total":9,"sign":1,"rescueBox":1,"vest":2,"buoy":2,"rope":2,"pole":0},"staff":null,"coordinateCorrected":false,"sourceYear":2025}},{"type":"Feature","geometry":{"type":"Point","coordinates":[127.4124867,38.2497986]},"properties":{"id":349,"name":"장수대교","detail":"청양초교 뒤","province":"강원특별자치도","district":"철원군","town":"김화읍","address":"강원특별자치도 철원군 김화읍 청양리","placeType":"하천","management":"일반지역","manageCode":"2","sectionM":"100.0","riskSectionM":null,"depthAvg":"1.0","depthMax":"2.0","accidents":"1","safetyAction":null,"note":null,"equipment":{"total":18,"sign":4,"rescueBox":2,"vest":4,"buoy":4,"rope":4,"pole":0},"staff":null,"coordinateCorrected":false,"sourceYear":2025}},{"type":"Feature","geometry":{"type":"Point","coordinates":[127.4350555,38.2565473]},"properties":{"id":351,"name":"(구)김화취수장","detail":"화강쉼터","province":"강원특별자치도","district":"철원군","town":"김화읍","address":"강원특별자치도 철원군 김화읍 학사리","placeType":"하천","management":"일반지역","manageCode":"2","sectionM":"100.0","riskSectionM":null,"depthAvg":"2.0","depthMax":"3.0","accidents":"0","safetyAction":null,"note":null,"equipment":{"total":10,"sign":2,"rescueBox":1,"vest":2,"buoy":2,"rope":2,"pole":0},"staff":null,"coordinateCorrected":false,"sourceYear":2025}},{"type":"Feature","geometry":{"type":"Point","coordinates":[127.4629953,38.2496422]},"properties":{"id":352,"name":"합수지","detail":"합수지","province":"강원특별자치도","district":"철원군","town":"서면","address":"강원특별자치도 철원군 서면 와수리","placeType":"하천","management":"일반지역","manageCode":"2","sectionM":"50.0","riskSectionM":null,"depthAvg":"1.0","depthMax":"2.0","accidents":"1","safetyAction":null,"note":null,"equipment":{"total":8,"sign":1,"rescueBox":1,"vest":2,"buoy":2,"rope":2,"pole":0},"staff":null,"coordinateCorrected":false,"sourceYear":2025}},{"type":"Feature","geometry":{"type":"Point","coordinates":[127.4629953,38.2496422]},"properties":{"id":353,"name":"노치소","detail":"노치소","province":"강원특별자치도","district":"철원군","town":"서면","address":"강원특별자치도 철원군 서면 와수리","placeType":"하천","management":"일반지역","manageCode":"2","sectionM":"200.0","riskSectionM":null,"depthAvg":"1.0","depthMax":"2.0","accidents":"0","safetyAction":null,"note":null,"equipment":{"total":16,"sign":2,"rescueBox":2,"vest":4,"buoy":4,"rope":4,"pole":0},"staff":null,"coordinateCorrected":false,"sourceYear":2025}},{"type":"Feature","geometry":{"type":"Point","coordinates":[127.3501872,38.2864391]},"properties":{"id":354,"name":"남대천교","detail":"남대천교","province":"강원특별자치도","district":"철원군","town":"갈말읍","address":"강원특별자치도 철원군 갈말읍 토성리","placeType":"하천","management":"일반지역","manageCode":"2","sectionM":"50.0","riskSectionM":null,"depthAvg":"1.0","depthMax":"2.0","accidents":"0","safetyAction":null,"note":null,"equipment":{"total":25,"sign":4,"rescueBox":3,"vest":6,"buoy":6,"rope":6,"pole":0},"staff":null,"coordinateCorrected":false,"sourceYear":2025}},{"type":"Feature","geometry":{"type":"Point","coordinates":[127.4833432,38.2569927]},"properties":{"id":355,"name":"아카시아유원지","detail":"아카시아유원지","province":"강원특별자치도","district":"철원군","town":"근남면","address":"강원특별자치도 철원군 근남면 사곡리","placeType":"하천","management":"일반지역","manageCode":"2","sectionM":"100.0","riskSectionM":null,"depthAvg":"1.0","depthMax":"2.0","accidents":"1","safetyAction":null,"note":null,"equipment":{"total":18,"sign":2,"rescueBox":2,"vest":4,"buoy":4,"rope":4,"pole":0},"staff":null,"coordinateCorrected":false,"sourceYear":2025}},{"type":"Feature","geometry":{"type":"Point","coordinates":[127.2584944,38.168682]},"properties":{"id":356,"name":"담터계곡","detail":"담터계곡","province":"강원특별자치도","district":"철원군","town":"동송읍","address":"강원특별자치도 철원군 동송읍 상노리","placeType":"하천","management":"일반지역","manageCode":"2","sectionM":"50.0","riskSectionM":null,"depthAvg":"0.8","depthMax":"1.5","accidents":"1","safetyAction":null,"note":null,"equipment":{"total":16,"sign":2,"rescueBox":1,"vest":4,"buoy":4,"rope":4,"pole":0},"staff":null,"coordinateCorrected":false,"sourceYear":2025}},{"type":"Feature","geometry":{"type":"Point","coordinates":[127.6959509,38.096901]},"properties":{"id":357,"name":"산천어축제장-붕어섬","detail":"화천천","province":"강원특별자치도","district":"화천군","town":"화천읍","address":"강원특별자치도 화천군 화천읍 화천군 화천읍 하리 243","placeType":"하천","management":"일반지역","manageCode":"2","sectionM":"500.0","riskSectionM":null,"depthAvg":"2.0","depthMax":"4.0","accidents":"0","safetyAction":null,"note":null,"equipment":{"total":79,"sign":16,"rescueBox":16,"vest":15,"buoy":16,"rope":16,"pole":0},"staff":null,"coordinateCorrected":false,"sourceYear":2025}},{"type":"Feature","geometry":{"type":"Point","coordinates":[127.6972795,38.1353739]},"properties":{"id":358,"name":"신읍리 계곡","detail":"계곡","province":"강원특별자치도","district":"화천군","town":"화천읍","address":"강원특별자치도 화천군 화천읍 화천군 화천읍 신읍리 956","placeType":"하천","management":"일반지역","manageCode":"2","sectionM":"700.0","riskSectionM":null,"depthAvg":"1.0","depthMax":"2.0","accidents":"0","safetyAction":null,"note":null,"equipment":{"total":15,"sign":3,"rescueBox":3,"vest":3,"buoy":3,"rope":3,"pole":0},"staff":null,"coordinateCorrected":false,"sourceYear":2025}},{"type":"Feature","geometry":{"type":"Point","coordinates":[126.9328725,35.1179365]},"properties":{"id":7,"name":"용산동 광주천 물놀이장","detail":"용산동 동산타워아파트 앞 광주천 부지","province":"광주광역시","district":"동구","town":"용산동","address":"광주광역시 동구 용산동 636-139번지 일원","placeType":"하천","management":"일반지역","manageCode":"2","sectionM":"50.0","riskSectionM":null,"depthAvg":"0.3","depthMax":"0.3","accidents":"0","safetyAction":null,"note":null,"equipment":{"total":7,"sign":1,"rescueBox":1,"vest":2,"buoy":1,"rope":1,"pole":0},"staff":null,"coordinateCorrected":false,"sourceYear":2025}},{"type":"Feature","geometry":{"type":"Point","coordinates":[129.0322816,35.2474063]},"properties":{"id":2,"name":"대천천계곡","detail":"대천천","province":"부산광역시","district":"북구","town":"화명동","address":"부산광역시 북구 화명동 2102번지 일원","placeType":"계곡","management":"일반지역","manageCode":"2","sectionM":"2000.0","riskSectionM":null,"depthAvg":"0.5","depthMax":"1.5","accidents":"1","safetyAction":null,"note":null,"equipment":{"total":121,"sign":25,"rescueBox":17,"vest":37,"buoy":27,"rope":14,"pole":0},"staff":null,"coordinateCorrected":false,"sourceYear":2025}},{"type":"Feature","geometry":{"type":"Point","coordinates":[129.1614556,35.1873218]},"properties":{"id":3,"name":"장산계곡","detail":"장산계곡","province":"부산광역시","district":"해운대구","town":"우동","address":"부산광역시 해운대구 우동 산2 일원","placeType":"계곡","management":"일반지역","manageCode":"2","sectionM":"500.0","riskSectionM":null,"depthAvg":"1.0","depthMax":"2.0","accidents":"1","safetyAction":null,"note":null,"equipment":{"total":44,"sign":13,"rescueBox":6,"vest":7,"buoy":7,"rope":6,"pole":0},"staff":null,"coordinateCorrected":false,"sourceYear":2025}},{"type":"Feature","geometry":{"type":"Point","coordinates":[129.2301967,35.3718115]},"properties":{"id":4,"name":"장안사 계곡","detail":"장안사","province":"부산광역시","district":"기장군","town":"장안읍","address":"부산광역시 기장군 장안읍 장안리 664-21","placeType":"계곡","management":"일반지역","manageCode":"2","sectionM":"150.0","riskSectionM":null,"depthAvg":"0.5","depthMax":"1.5","accidents":"0","safetyAction":null,"note":null,"equipment":{"total":29,"sign":0,"rescueBox":6,"vest":6,"buoy":8,"rope":8,"pole":0},"staff":null,"coordinateCorrected":false,"sourceYear":2025}},{"type":"Feature","geometry":{"type":"Point","coordinates":[129.2428195,35.3458398]},"properties":{"id":5,"name":"용소천 계곡","detail":"용소천","province":"부산광역시","district":"기장군","town":"장안읍","address":"부산광역시 기장군 장안읍 용소리 581","placeType":"계곡","management":"일반지역","manageCode":"2","sectionM":"90.0","riskSectionM":null,"depthAvg":"1.0","depthMax":"2.0","accidents":"0","safetyAction":null,"note":null,"equipment":{"total":15,"sign":3,"rescueBox":3,"vest":3,"buoy":3,"rope":3,"pole":0},"staff":null,"coordinateCorrected":false,"sourceYear":2025}},{"type":"Feature","geometry":{"type":"Point","coordinates":[128.6768631,36.0409817]},"properties":{"id":6,"name":"동산계곡","detail":"동산계곡","province":"대구광역시","district":"군위군","town":"부계면","address":"대구광역시 군위군 부계면 동산리 1677","placeType":"계곡","management":"일반지역","manageCode":"2","sectionM":"2400.0","riskSectionM":null,"depthAvg":"1.0","depthMax":"2.0","accidents":"3","safetyAction":null,"note":null,"equipment":{"total":40,"sign":12,"rescueBox":5,"vest":10,"buoy":5,"rope":5,"pole":0},"staff":null,"coordinateCorrected":false,"sourceYear":2025}},{"type":"Feature","geometry":{"type":"Point","coordinates":[127.3836632,36.2695344]},"properties":{"id":9,"name":"청소년수련원 앞","detail":"청소년수련원 앞","province":"대전광역시","district":"중구","town":"침산동","address":"대전광역시 중구 침산동 401번지 일원","placeType":"하천","management":"일반지역","manageCode":"2","sectionM":"200.0","riskSectionM":null,"depthAvg":"1.0","depthMax":"5.0","accidents":"0","safetyAction":null,"note":null,"equipment":{"total":30,"sign":2,"rescueBox":3,"vest":6,"buoy":8,"rope":5,"pole":0},"staff":null,"coordinateCorrected":false,"sourceYear":2025}},{"type":"Feature","geometry":{"type":"Point","coordinates":[129.0405615,37.06502]},"properties":{"id":899,"name":"대현천2","detail":"태평교 인근","province":"경상북도","district":"봉화","town":"석포","address":"경상북도 봉화 석포 대현리 산 13-49","placeType":"하천","management":"일반지역","manageCode":"2","sectionM":"300.0","riskSectionM":null,"depthAvg":"1.5","depthMax":"2.5","accidents":"0","safetyAction":null,"note":null,"equipment":{"total":10,"sign":2,"rescueBox":2,"vest":2,"buoy":2,"rope":2,"pole":0},"staff":null,"coordinateCorrected":false,"sourceYear":2025}},{"type":"Feature","geometry":{"type":"Point","coordinates":[127.6978943,38.1223713]},"properties":{"id":359,"name":"신명분교","detail":"신명분교","province":"강원특별자치도","district":"화천군","town":"화천읍","address":"강원특별자치도 화천군 화천읍 화천군 화천읍 신읍리 1504-6","placeType":"하천","management":"일반지역","manageCode":"2","sectionM":"700.0","riskSectionM":null,"depthAvg":"1.0","depthMax":"2.0","accidents":"0","safetyAction":null,"note":null,"equipment":{"total":5,"sign":1,"rescueBox":1,"vest":1,"buoy":1,"rope":1,"pole":0},"staff":null,"coordinateCorrected":false,"sourceYear":2025}},{"type":"Feature","geometry":{"type":"Point","coordinates":[127.548459,38.0538472]},"properties":{"id":372,"name":"청운대 정자","detail":"청운대 정자","province":"강원특별자치도","district":"화천군","town":"사내면","address":"강원특별자치도 화천군 사내면 화천군 사내면 용담리 188-1","placeType":"산간계곡","management":"일반지역","manageCode":"2","sectionM":"70.0","riskSectionM":null,"depthAvg":"1.0","depthMax":"3.0","accidents":"0","safetyAction":null,"note":null,"equipment":{"total":16,"sign":3,"rescueBox":2,"vest":3,"buoy":3,"rope":4,"pole":0},"staff":null,"coordinateCorrected":false,"sourceYear":2025}},{"type":"Feature","geometry":{"type":"Point","coordinates":[127.5517999,38.0553102]},"properties":{"id":373,"name":"물안교","detail":"물안교","province":"강원특별자치도","district":"화천군","town":"사내면","address":"강원특별자치도 화천군 사내면 화천군 사내면 용담리 193-2","placeType":"하천","management":"일반지역","manageCode":"2","sectionM":"500.0","riskSectionM":null,"depthAvg":"1.0","depthMax":"2.0","accidents":"0","safetyAction":null,"note":null,"equipment":{"total":7,"sign":3,"rescueBox":1,"vest":1,"buoy":1,"rope":1,"pole":0},"staff":null,"coordinateCorrected":false,"sourceYear":2025}},{"type":"Feature","geometry":{"type":"Point","coordinates":[127.5588342,38.0547703]},"properties":{"id":374,"name":"새댁골","detail":"새댁골","province":"강원특별자치도","district":"화천군","town":"사내면","address":"강원특별자치도 화천군 사내면 화천군 사내면 용담리 7-1","placeType":"하천","management":"일반지역","manageCode":"2","sectionM":"450.0","riskSectionM":null,"depthAvg":"1.0","depthMax":"2.0","accidents":"0","safetyAction":null,"note":null,"equipment":{"total":11,"sign":3,"rescueBox":2,"vest":2,"buoy":2,"rope":2,"pole":0},"staff":null,"coordinateCorrected":false,"sourceYear":2025}},{"type":"Feature","geometry":{"type":"Point","coordinates":[127.5687786,38.0498479]},"properties":{"id":375,"name":"용정쉼터","detail":"용정쉼터","province":"강원특별자치도","district":"화천군","town":"사내면","address":"강원특별자치도 화천군 사내면 화천군 사내면 용담리 2-3","placeType":"하천","management":"일반지역","manageCode":"2","sectionM":"500.0","riskSectionM":null,"depthAvg":"1.0","depthMax":"2.0","accidents":"0","safetyAction":null,"note":null,"equipment":{"total":7,"sign":2,"rescueBox":1,"vest":2,"buoy":1,"rope":1,"pole":0},"staff":null,"coordinateCorrected":false,"sourceYear":2025}},{"type":"Feature","geometry":{"type":"Point","coordinates":[127.534243,38.0581451]},"properties":{"id":376,"name":"갈릴리 가든","detail":"갈릴리 가든","province":"강원특별자치도","district":"화천군","town":"사내면","address":"강원특별자치도 화천군 사내면 화천군 사내면 용담리 830-2","placeType":"하천","management":"일반지역","manageCode":"2","sectionM":"45.0","riskSectionM":null,"depthAvg":"1.0","depthMax":"2.0","accidents":"0","safetyAction":null,"note":null,"equipment":{"total":14,"sign":3,"rescueBox":2,"vest":2,"buoy":3,"rope":3,"pole":0},"staff":null,"coordinateCorrected":false,"sourceYear":2025}},{"type":"Feature","geometry":{"type":"Point","coordinates":[127.6362675,38.0802573]},"properties":{"id":377,"name":"개울건너집","detail":"개울건너집","province":"강원특별자치도","district":"화천군","town":"하남면","address":"강원특별자치도 화천군 하남면 화천군 하남면 계성리 445","placeType":"하천","management":"일반지역","manageCode":"2","sectionM":"80.0","riskSectionM":null,"depthAvg":"1.0","depthMax":"2.0","accidents":"0","safetyAction":null,"note":"25년 신규","equipment":{"total":0,"sign":0,"rescueBox":0,"vest":0,"buoy":0,"rope":0,"pole":0},"staff":null,"coordinateCorrected":false,"sourceYear":2025}},{"type":"Feature","geometry":{"type":"Point","coordinates":[127.9182428,38.1756526]},"properties":{"id":378,"name":"파서탕","detail":"파서탕","province":"강원특별자치도","district":"양구군","town":"방산면","address":"강원특별자치도 양구군 방산면 양구군 방산면 오미리 산165-3","placeType":"하천","management":"일반지역","manageCode":"2","sectionM":"2000.0","riskSectionM":null,"depthAvg":"2.0","depthMax":"5.0","accidents":"0","safetyAction":null,"note":null,"equipment":{"total":12,"sign":4,"rescueBox":1,"vest":2,"buoy":2,"rope":2,"pole":0},"staff":null,"coordinateCorrected":false,"sourceYear":2025}},{"type":"Feature","geometry":{"type":"Point","coordinates":[128.0922385,38.2147743]},"properties":{"id":381,"name":"팔랑폭포","detail":"팔랑폭포","province":"강원특별자치도","district":"양구군","town":"동면","address":"강원특별자치도 양구군 동면 양구군 동면 팔랑리","placeType":"계곡","management":"일반지역","manageCode":"2","sectionM":"100.0","riskSectionM":null,"depthAvg":"1.0","depthMax":"1.0","accidents":"0","safetyAction":null,"note":null,"equipment":{"total":6,"sign":2,"rescueBox":1,"vest":1,"buoy":1,"rope":1,"pole":0},"staff":null,"coordinateCorrected":false,"sourceYear":2025}},{"type":"Feature","geometry":{"type":"Point","coordinates":[127.9514963,38.210063]},"properties":{"id":382,"name":"천미계곡 상류","detail":"천미계곡 상류","province":"강원특별자치도","district":"양구군","town":"방산면","address":"강원특별자치도 양구군 방산면 양구군 방산면 현리","placeType":"하천","management":"일반지역","manageCode":"2","sectionM":"1700.0","riskSectionM":null,"depthAvg":"1.0","depthMax":"4.0","accidents":"0","safetyAction":null,"note":null,"equipment":{"total":5,"sign":1,"rescueBox":0,"vest":1,"buoy":1,"rope":1,"pole":0},"staff":null,"coordinateCorrected":false,"sourceYear":2025}},{"type":"Feature","geometry":{"type":"Point","coordinates":[127.9514963,38.210063]},"properties":{"id":383,"name":"천미계곡 하류","detail":"천미계곡 하류","province":"강원특별자치도","district":"양구군","town":"방산면","address":"강원특별자치도 양구군 방산면 양구군 방산면 현리","placeType":"하천","management":"일반지역","manageCode":"2","sectionM":"2000.0","riskSectionM":null,"depthAvg":"1.0","depthMax":"4.0","accidents":"0","safetyAction":null,"note":null,"equipment":{"total":13,"sign":5,"rescueBox":1,"vest":2,"buoy":2,"rope":2,"pole":0},"staff":null,"coordinateCorrected":false,"sourceYear":2025}},{"type":"Feature","geometry":{"type":"Point","coordinates":[128.0103675,38.2150276]},"properties":{"id":384,"name":"고방산","detail":"고방산","province":"강원특별자치도","district":"양구군","town":"방산면","address":"강원특별자치도 양구군 방산면 양구군 방산면 고방산리","placeType":"하천","management":"일반지역","manageCode":"2","sectionM":"500.0","riskSectionM":null,"depthAvg":"2.0","depthMax":"3.0","accidents":"0","safetyAction":null,"note":null,"equipment":{"total":1,"sign":1,"rescueBox":0,"vest":0,"buoy":0,"rope":0,"pole":0},"staff":null,"coordinateCorrected":false,"sourceYear":2025}},{"type":"Feature","geometry":{"type":"Point","coordinates":[127.9433177,38.209139]},"properties":{"id":385,"name":"체육공원","detail":"체육공원","province":"강원특별자치도","district":"양구군","town":"방산면","address":"강원특별자치도 양구군 방산면 양구군 방산면 현리 48","placeType":"하천","management":"일반지역","manageCode":"2","sectionM":"500.0","riskSectionM":null,"depthAvg":"2.0","depthMax":"3.0","accidents":"0","safetyAction":null,"note":null,"equipment":{"total":21,"sign":5,"rescueBox":3,"vest":4,"buoy":4,"rope":4,"pole":0},"staff":null,"coordinateCorrected":false,"sourceYear":2025}},{"type":"Feature","geometry":{"type":"Point","coordinates":[127.948379,38.2078494]},"properties":{"id":386,"name":"귕소공원","detail":"귕소공원","province":"강원특별자치도","district":"양구군","town":"방산면","address":"강원특별자치도 양구군 방산면 양구군 방산면 현리 385","placeType":"하천","management":"일반지역","manageCode":"2","sectionM":"500.0","riskSectionM":null,"depthAvg":"2.0","depthMax":"3.0","accidents":"0","safetyAction":null,"note":null,"equipment":{"total":13,"sign":1,"rescueBox":2,"vest":3,"buoy":3,"rope":3,"pole":0},"staff":null,"coordinateCorrected":false,"sourceYear":2025}},{"type":"Feature","geometry":{"type":"Point","coordinates":[127.9340356,38.1914745]},"properties":{"id":387,"name":"바람개비","detail":"바람개비","province":"강원특별자치도","district":"양구군","town":"방산면","address":"강원특별자치도 양구군 방산면 양구군 방산면 오미리","placeType":"하천","management":"일반지역","manageCode":"2","sectionM":"500.0","riskSectionM":null,"depthAvg":"2.0","depthMax":"3.0","accidents":"0","safetyAction":null,"note":null,"equipment":{"total":31,"sign":11,"rescueBox":4,"vest":5,"buoy":5,"rope":5,"pole":0},"staff":null,"coordinateCorrected":false,"sourceYear":2025}},{"type":"Feature","geometry":{"type":"Point","coordinates":[127.9340356,38.1914745]},"properties":{"id":388,"name":"오미구보","detail":"오미구보","province":"강원특별자치도","district":"양구군","town":"방산면","address":"강원특별자치도 양구군 방산면 양구군 방산면 오미리","placeType":"하천","management":"일반지역","manageCode":"2","sectionM":"500.0","riskSectionM":null,"depthAvg":"2.0","depthMax":"3.0","accidents":"0","safetyAction":null,"note":null,"equipment":{"total":17,"sign":5,"rescueBox":1,"vest":3,"buoy":3,"rope":3,"pole":0},"staff":null,"coordinateCorrected":false,"sourceYear":2025}},{"type":"Feature","geometry":{"type":"Point","coordinates":[128.1438218,38.0029505]},"properties":{"id":390,"name":"동아실 유원지","detail":"동아실 유원지","province":"강원특별자치도","district":"인제군","town":"남면","address":"강원특별자치도 인제군 남면 남전리 산226-1","placeType":"하천","management":"일반지역","manageCode":"2","sectionM":"60.0","riskSectionM":null,"depthAvg":"1.0","depthMax":"1.5","accidents":"0","safetyAction":null,"note":null,"equipment":{"total":21,"sign":1,"rescueBox":1,"vest":12,"buoy":2,"rope":2,"pole":0},"staff":null,"coordinateCorrected":false,"sourceYear":2025}},{"type":"Feature","geometry":{"type":"Point","coordinates":[128.2521694,38.139258]},"properties":{"id":391,"name":"솔터다리","detail":"솔터다리 위","province":"강원특별자치도","district":"인제군","town":"북면","address":"강원특별자치도 인제군 북면 한계리 1056-21 (1리)","placeType":"하천","management":"일반지역","manageCode":"2","sectionM":"200.0","riskSectionM":null,"depthAvg":"1.5","depthMax":"3.0","accidents":"1","safetyAction":null,"note":null,"equipment":{"total":15,"sign":1,"rescueBox":1,"vest":10,"buoy":1,"rope":2,"pole":0},"staff":null,"coordinateCorrected":false,"sourceYear":2025}},{"type":"Feature","geometry":{"type":"Point","coordinates":[128.3555354,38.1927639]},"properties":{"id":392,"name":"내가평교(금강소)","detail":"백담정 앞","province":"강원특별자치도","district":"인제군","town":"북면","address":"강원특별자치도 인제군 북면 용대리 656-1번지","placeType":"계곡","management":"일반지역","manageCode":"2","sectionM":"120.0","riskSectionM":null,"depthAvg":"2.5","depthMax":"4.0","accidents":"1","safetyAction":null,"note":null,"equipment":{"total":22,"sign":1,"rescueBox":2,"vest":15,"buoy":2,"rope":2,"pole":0},"staff":null,"coordinateCorrected":false,"sourceYear":2025}},{"type":"Feature","geometry":{"type":"Point","coordinates":[128.3508784,38.1922665]},"properties":{"id":393,"name":"떡바위소","detail":"백담주차장 앞","province":"강원특별자치도","district":"인제군","town":"북면","address":"강원특별자치도 인제군 북면 용대리 861번지","placeType":"계곡","management":"일반지역","manageCode":"2","sectionM":"60.0","riskSectionM":null,"depthAvg":"2.0","depthMax":"6.0","accidents":"0","safetyAction":null,"note":null,"equipment":{"total":20,"sign":1,"rescueBox":1,"vest":15,"buoy":1,"rope":2,"pole":0},"staff":null,"coordinateCorrected":false,"sourceYear":2025}},{"type":"Feature","geometry":{"type":"Point","coordinates":[128.259571,38.1475039]},"properties":{"id":394,"name":"고원통교 상류","detail":"고원통교 상류","province":"강원특별자치도","district":"인제군","town":"북면","address":"강원특별자치도 인제군 북면 한계리 1529","placeType":"하천","management":"일반지역","manageCode":"2","sectionM":"60.0","riskSectionM":null,"depthAvg":"1.0","depthMax":"2.0","accidents":"0","safetyAction":null,"note":null,"equipment":{"total":15,"sign":1,"rescueBox":1,"vest":10,"buoy":1,"rope":2,"pole":0},"staff":null,"coordinateCorrected":false,"sourceYear":2025}},{"type":"Feature","geometry":{"type":"Point","coordinates":[128.3081651,37.9764788]},"properties":{"id":395,"name":"하죽천교","detail":"서2리경로당 앞","province":"강원특별자치도","district":"인제군","town":"기린면","address":"강원특별자치도 인제군 기린면 서리 236-1번지","placeType":"하천","management":"일반지역","manageCode":"2","sectionM":"100.0","riskSectionM":null,"depthAvg":"1.0","depthMax":"2.5","accidents":"0","safetyAction":null,"note":null,"equipment":{"total":19,"sign":1,"rescueBox":1,"vest":10,"buoy":2,"rope":1,"pole":1},"staff":null,"coordinateCorrected":false,"sourceYear":2025}},{"type":"Feature","geometry":{"type":"Point","coordinates":[128.3124404,37.9466775]},"properties":{"id":396,"name":"기린중고등학교","detail":"중고등학교 뒤","province":"강원특별자치도","district":"인제군","town":"기린면","address":"강원특별자치도 인제군 기린면 현리 765-2(현5리)","placeType":"하천","management":"일반지역","manageCode":"2","sectionM":"500.0","riskSectionM":null,"depthAvg":"2.0","depthMax":"3.0","accidents":"0","safetyAction":null,"note":null,"equipment":{"total":20,"sign":1,"rescueBox":1,"vest":10,"buoy":3,"rope":1,"pole":1},"staff":null,"coordinateCorrected":false,"sourceYear":2025}},{"type":"Feature","geometry":{"type":"Point","coordinates":[128.3016396,37.9396384]},"properties":{"id":397,"name":"황소유원지","detail":"황소유원지 앞","province":"강원특별자치도","district":"인제군","town":"기린면","address":"강원특별자치도 인제군 기린면 현리 1070-1(현6리)","placeType":"하천","management":"일반지역","manageCode":"2","sectionM":"300.0","riskSectionM":null,"depthAvg":"1.0","depthMax":"2.0","accidents":"1","safetyAction":null,"note":null,"equipment":{"total":23,"sign":3,"rescueBox":1,"vest":10,"buoy":2,"rope":1,"pole":1},"staff":null,"coordinateCorrected":false,"sourceYear":2025}},{"type":"Feature","geometry":{"type":"Point","coordinates":[128.2924196,37.9270223]},"properties":{"id":398,"name":"용포교","detail":"인제IC 다리 밑","province":"강원특별자치도","district":"인제군","town":"기린면","address":"강원특별자치도 인제군 기린면 현리 1149(현6리)","placeType":"하천","management":"일반지역","manageCode":"2","sectionM":"500.0","riskSectionM":null,"depthAvg":"1.0","depthMax":"2.5","accidents":"0","safetyAction":null,"note":null,"equipment":{"total":20,"sign":2,"rescueBox":1,"vest":10,"buoy":2,"rope":1,"pole":1},"staff":null,"coordinateCorrected":false,"sourceYear":2025}},{"type":"Feature","geometry":{"type":"Point","coordinates":[128.324679,37.9464062]},"properties":{"id":399,"name":"103통신단","detail":"제1032부대 앞","province":"강원특별자치도","district":"인제군","town":"기린면","address":"강원특별자치도 인제군 기린면 현리 181(현5리)","placeType":"하천","management":"일반지역","manageCode":"2","sectionM":"450.0","riskSectionM":null,"depthAvg":"1.0","depthMax":"3.0","accidents":"1","safetyAction":null,"note":null,"equipment":{"total":16,"sign":1,"rescueBox":1,"vest":10,"buoy":1,"rope":1,"pole":0},"staff":null,"coordinateCorrected":false,"sourceYear":2025}},{"type":"Feature","geometry":{"type":"Point","coordinates":[128.4166222,37.9686807]},"properties":{"id":401,"name":"두무대송어횟집","detail":"두무대송어횟집 위","province":"강원특별자치도","district":"인제군","town":"기린면","address":"강원특별자치도 인제군 기린면 진동리 632-3 인근(진동1리)","placeType":"하천","management":"일반지역","manageCode":"2","sectionM":"310.0","riskSectionM":null,"depthAvg":"1.0","depthMax":"1.5","accidents":"0","safetyAction":null,"note":null,"equipment":{"total":10,"sign":1,"rescueBox":1,"vest":5,"buoy":1,"rope":1,"pole":0},"staff":null,"coordinateCorrected":false,"sourceYear":2025}},{"type":"Feature","geometry":{"type":"Point","coordinates":[128.4064646,37.9632899]},"properties":{"id":402,"name":"진동2교","detail":"진동1리 마을회관","province":"강원특별자치도","district":"인제군","town":"기린면","address":"강원특별자치도 인제군 기린면 진동리 657-13","placeType":"하천","management":"일반지역","manageCode":"2","sectionM":"200.0","riskSectionM":null,"depthAvg":"1.5","depthMax":"1.0","accidents":"0","safetyAction":null,"note":null,"equipment":{"total":21,"sign":1,"rescueBox":1,"vest":15,"buoy":1,"rope":1,"pole":0},"staff":null,"coordinateCorrected":false,"sourceYear":2025}},{"type":"Feature","geometry":{"type":"Point","coordinates":[128.4216507,37.9683437]},"properties":{"id":403,"name":"진동지구 전원마을","detail":"진동지구 전원마을 앞","province":"강원특별자치도","district":"인제군","town":"기린면","address":"강원특별자치도 인제군 기린면 진동리 1045번지","placeType":"하천","management":"일반지역","manageCode":"2","sectionM":"100.0","riskSectionM":null,"depthAvg":"2.0","depthMax":"3.0","accidents":"0","safetyAction":null,"note":null,"equipment":{"total":19,"sign":1,"rescueBox":1,"vest":15,"buoy":0,"rope":1,"pole":0},"staff":null,"coordinateCorrected":false,"sourceYear":2025}},{"type":"Feature","geometry":{"type":"Point","coordinates":[128.436839,37.9740323]},"properties":{"id":404,"name":"연가리민박","detail":"연가리민박 앞","province":"강원특별자치도","district":"인제군","town":"기린면","address":"강원특별자치도 인제군 기린면 진동리 468-3","placeType":"하천","management":"일반지역","manageCode":"2","sectionM":"310.0","riskSectionM":null,"depthAvg":"3.0","depthMax":"7.0","accidents":"1","safetyAction":null,"note":null,"equipment":{"total":14,"sign":1,"rescueBox":1,"vest":10,"buoy":1,"rope":1,"pole":0},"staff":null,"coordinateCorrected":false,"sourceYear":2025}},{"type":"Feature","geometry":{"type":"Point","coordinates":[128.400142,37.9619761]},"properties":{"id":405,"name":"태순네 민박 앞(용추골)","detail":"용추골","province":"강원특별자치도","district":"인제군","town":"기린면","address":"강원특별자치도 인제군 기린면 진동리 691-1","placeType":"하천","management":"일반지역","manageCode":"2","sectionM":"200.0","riskSectionM":null,"depthAvg":"1.0","depthMax":"3.0","accidents":"0","safetyAction":null,"note":null,"equipment":{"total":21,"sign":1,"rescueBox":1,"vest":15,"buoy":1,"rope":1,"pole":0},"staff":null,"coordinateCorrected":false,"sourceYear":2025}},{"type":"Feature","geometry":{"type":"Point","coordinates":[128.354033,37.9514491]},"properties":{"id":406,"name":"오류동솔밭유원지","detail":"오류동","province":"강원특별자치도","district":"인제군","town":"기린면","address":"강원특별자치도 인제군 기린면 방동리851번지","placeType":"하천","management":"일반지역","manageCode":"2","sectionM":"150.0","riskSectionM":null,"depthAvg":"0.5","depthMax":"2.0","accidents":"0","safetyAction":null,"note":null,"equipment":{"total":13,"sign":1,"rescueBox":1,"vest":10,"buoy":0,"rope":1,"pole":0},"staff":null,"coordinateCorrected":false,"sourceYear":2025}},{"type":"Feature","geometry":{"type":"Point","coordinates":[128.1994103,38.204836]},"properties":{"id":407,"name":"용늪펜션","detail":"용늪펜션 앞","province":"강원특별자치도","district":"인제군","town":"서화면","address":"강원특별자치도 인제군 서화면 천도리 713번지 일원","placeType":"하천","management":"일반지역","manageCode":"2","sectionM":"60.0","riskSectionM":null,"depthAvg":"2.0","depthMax":"3.0","accidents":"0","safetyAction":null,"note":null,"equipment":{"total":15,"sign":1,"rescueBox":1,"vest":8,"buoy":1,"rope":2,"pole":0},"staff":null,"coordinateCorrected":false,"sourceYear":2025}},{"type":"Feature","geometry":{"type":"Point","coordinates":[128.1942195,38.2495574]},"properties":{"id":408,"name":"심적유원지","detail":"심적유원지","province":"강원특별자치도","district":"인제군","town":"서화면","address":"강원특별자치도 인제군 서화면 심적리 산 212 일원","placeType":"계곡","management":"일반지역","manageCode":"2","sectionM":"60.0","riskSectionM":null,"depthAvg":"1.0","depthMax":"2.0","accidents":"0","safetyAction":null,"note":null,"equipment":{"total":29,"sign":1,"rescueBox":1,"vest":20,"buoy":1,"rope":4,"pole":0},"staff":null,"coordinateCorrected":false,"sourceYear":2025}},{"type":"Feature","geometry":{"type":"Point","coordinates":[128.1972354,38.2123197]},"properties":{"id":409,"name":"강변펜션밸리","detail":"강변펜션밸리 뒤","province":"강원특별자치도","district":"인제군","town":"서화면","address":"강원특별자치도 인제군 서화면 서흥리 957-2 일원","placeType":"하천","management":"일반지역","manageCode":"2","sectionM":"190.0","riskSectionM":null,"depthAvg":"1.0","depthMax":"2.0","accidents":"0","safetyAction":null,"note":null,"equipment":{"total":15,"sign":1,"rescueBox":1,"vest":8,"buoy":1,"rope":2,"pole":0},"staff":null,"coordinateCorrected":false,"sourceYear":2025}},{"type":"Feature","geometry":{"type":"Point","coordinates":[128.2923326,37.9131829]},"properties":{"id":410,"name":"용오름마을 캠핑장(하남1리)","detail":"용오름마을 캠핑장","province":"강원특별자치도","district":"인제군","town":"상남면","address":"강원특별자치도 인제군 상남면 하남리436-1,2","placeType":"하천","management":"일반지역","manageCode":"2","sectionM":"166.0","riskSectionM":null,"depthAvg":"2.0","depthMax":"5.0","accidents":"0","safetyAction":null,"note":null,"equipment":{"total":22,"sign":1,"rescueBox":1,"vest":15,"buoy":1,"rope":1,"pole":1},"staff":null,"coordinateCorrected":false,"sourceYear":2025}},{"type":"Feature","geometry":{"type":"Point","coordinates":[128.2888577,37.9066395]},"properties":{"id":411,"name":"가산동교중심 상류 (하남1리)","detail":"가산동교중심 상류","province":"강원특별자치도","district":"인제군","town":"상남면","address":"강원특별자치도 인제군 상남면 하남리1420","placeType":"하천","management":"일반지역","manageCode":"2","sectionM":"200.0","riskSectionM":null,"depthAvg":"2.0","depthMax":"6.0","accidents":"0","safetyAction":null,"note":null,"equipment":{"total":18,"sign":1,"rescueBox":1,"vest":8,"buoy":4,"rope":1,"pole":1},"staff":null,"coordinateCorrected":false,"sourceYear":2025}},{"type":"Feature","geometry":{"type":"Point","coordinates":[128.2762715,37.899218]},"properties":{"id":412,"name":"빛고을가든~,광주동솔밭(하남2리)","detail":"빛고을가든~,광주동솔밭","province":"강원특별자치도","district":"인제군","town":"상남면","address":"강원특별자치도 인제군 상남면 하남리882전","placeType":"계곡","management":"일반지역","manageCode":"2","sectionM":"120.0","riskSectionM":null,"depthAvg":"2.0","depthMax":"3.0","accidents":"0","safetyAction":null,"note":null,"equipment":{"total":24,"sign":2,"rescueBox":1,"vest":15,"buoy":2,"rope":1,"pole":1},"staff":null,"coordinateCorrected":false,"sourceYear":2025}},{"type":"Feature","geometry":{"type":"Point","coordinates":[128.2383218,37.8823671]},"properties":{"id":413,"name":"용소폭포앞하류(하남2리)","detail":"용소폭포앞하류","province":"강원특별자치도","district":"인제군","town":"상남면","address":"강원특별자치도 인제군 상남면 상남리1759천","placeType":"하천","management":"일반지역","manageCode":"2","sectionM":"180.0","riskSectionM":null,"depthAvg":"3.0","depthMax":"5.0","accidents":"0","safetyAction":null,"note":null,"equipment":{"total":22,"sign":1,"rescueBox":1,"vest":15,"buoy":1,"rope":1,"pole":1},"staff":null,"coordinateCorrected":false,"sourceYear":2025}},{"type":"Feature","geometry":{"type":"Point","coordinates":[128.283737,37.873927]},"properties":{"id":414,"name":"구미동솔밭유원지(미산2리)","detail":"구미동솔밭유원지","province":"강원특별자치도","district":"인제군","town":"상남면","address":"강원특별자치도 인제군 상남면 미산리693","placeType":"하천","management":"일반지역","manageCode":"2","sectionM":"300.0","riskSectionM":null,"depthAvg":"2.0","depthMax":"5.0","accidents":"0","safetyAction":null,"note":null,"equipment":{"total":22,"sign":1,"rescueBox":1,"vest":15,"buoy":1,"rope":1,"pole":1},"staff":null,"coordinateCorrected":false,"sourceYear":2025}},{"type":"Feature","geometry":{"type":"Point","coordinates":[128.3197132,37.8732062]},"properties":{"id":415,"name":"합수모래유원지함류지점(상.하류)(미산2리)","detail":"합수모래유원지함류지점(상.하류)","province":"강원특별자치도","district":"인제군","town":"상남면","address":"강원특별자치도 인제군 상남면 미산리351-1하천","placeType":"하천","management":"일반지역","manageCode":"2","sectionM":"150.0","riskSectionM":null,"depthAvg":"2.0","depthMax":"5.0","accidents":"0","safetyAction":null,"note":null,"equipment":{"total":26,"sign":1,"rescueBox":2,"vest":15,"buoy":4,"rope":1,"pole":1},"staff":null,"coordinateCorrected":false,"sourceYear":2025}},{"type":"Feature","geometry":{"type":"Point","coordinates":[128.3197132,37.8732062]},"properties":{"id":416,"name":"솔개교~솔개솔밭유원지(미산2리)","detail":"솔개교~솔개솔밭유원지","province":"강원특별자치도","district":"인제군","town":"상남면","address":"강원특별자치도 인제군 상남면 미산리351-1하천","placeType":"하천","management":"일반지역","manageCode":"2","sectionM":"100.0","riskSectionM":null,"depthAvg":"2.0","depthMax":"5.0","accidents":"0","safetyAction":null,"note":null,"equipment":{"total":23,"sign":1,"rescueBox":1,"vest":15,"buoy":2,"rope":1,"pole":1},"staff":null,"coordinateCorrected":false,"sourceYear":2025}},{"type":"Feature","geometry":{"type":"Point","coordinates":[128.3197132,37.8732062]},"properties":{"id":417,"name":"미산분교 오토캠핑장(상.하류)(미산1리)","detail":"미산분교 오토캠핑장(상.하류)","province":"강원특별자치도","district":"인제군","town":"상남면","address":"강원특별자치도 인제군 상남면 미산리351-1하천","placeType":"하천","management":"일반지역","manageCode":"2","sectionM":"150.0","riskSectionM":null,"depthAvg":"1.0","depthMax":"3.0","accidents":"0","safetyAction":null,"note":null,"equipment":{"total":25,"sign":1,"rescueBox":1,"vest":15,"buoy":4,"rope":1,"pole":1},"staff":null,"coordinateCorrected":false,"sourceYear":2025}},{"type":"Feature","geometry":{"type":"Point","coordinates":[128.3461413,37.8495656]},"properties":{"id":418,"name":"물빛정원~하얀마을펜션(미산1리)","detail":"물빛정원~하얀마을펜션","province":"강원특별자치도","district":"인제군","town":"상남면","address":"강원특별자치도 인제군 상남면 미산리105-1천","placeType":"하천","management":"일반지역","manageCode":"2","sectionM":"150.0","riskSectionM":null,"depthAvg":"1.0","depthMax":"3.0","accidents":"0","safetyAction":null,"note":null,"equipment":{"total":22,"sign":1,"rescueBox":1,"vest":15,"buoy":1,"rope":1,"pole":1},"staff":null,"coordinateCorrected":false,"sourceYear":2025}},{"type":"Feature","geometry":{"type":"Point","coordinates":[128.3192103,38.1903624]},"properties":{"id":419,"name":"돌배야영장","detail":"돌배야영장","province":"강원특별자치도","district":"인제군","town":"북면","address":"강원특별자치도 인제군 북면 용대리 1119-2","placeType":"하천","management":"일반지역","manageCode":"2","sectionM":"300.0","riskSectionM":null,"depthAvg":"2.0","depthMax":"3.0","accidents":"0","safetyAction":null,"note":null,"equipment":{"total":15,"sign":1,"rescueBox":1,"vest":10,"buoy":1,"rope":2,"pole":0},"staff":null,"coordinateCorrected":false,"sourceYear":2025}},{"type":"Feature","geometry":{"type":"Point","coordinates":[128.3630606,38.2966201]},"properties":{"id":420,"name":"진부유원지","detail":"진부령계곡","province":"강원특별자치도","district":"고성군","town":"간성읍","address":"강원특별자치도 고성군 간성읍 진부리 18-2","placeType":"하천","management":"일반지역","manageCode":"2","sectionM":"200.0","riskSectionM":null,"depthAvg":"1.0","depthMax":"2.0","accidents":"0","safetyAction":null,"note":null,"equipment":{"total":17,"sign":2,"rescueBox":1,"vest":3,"buoy":2,"rope":5,"pole":0},"staff":null,"coordinateCorrected":false,"sourceYear":2025}},{"type":"Feature","geometry":{"type":"Point","coordinates":[128.3781965,38.3303842]},"properties":{"id":421,"name":"장신유원지","detail":"장신2교 앞","province":"강원특별자치도","district":"고성군","town":"간성읍","address":"강원특별자치도 고성군 간성읍 장신리 513","placeType":"하천","management":"일반지역","manageCode":"2","sectionM":"300.0","riskSectionM":null,"depthAvg":"1.0","depthMax":"2.0","accidents":"2","safetyAction":null,"note":null,"equipment":{"total":22,"sign":3,"rescueBox":2,"vest":4,"buoy":4,"rope":5,"pole":0},"staff":null,"coordinateCorrected":false,"sourceYear":2025}},{"type":"Feature","geometry":{"type":"Point","coordinates":[128.4640005,38.2689716]},"properties":{"id":422,"name":"도원유원지","detail":"도원교 일원","province":"강원특별자치도","district":"고성군","town":"토성면","address":"강원특별자치도 고성군 토성면 도원리 495-42","placeType":"하천","management":"일반지역","manageCode":"2","sectionM":"500.0","riskSectionM":null,"depthAvg":"1.0","depthMax":"2.0","accidents":"0","safetyAction":null,"note":null,"equipment":{"total":32,"sign":3,"rescueBox":5,"vest":7,"buoy":7,"rope":5,"pole":0},"staff":null,"coordinateCorrected":false,"sourceYear":2025}},{"type":"Feature","geometry":{"type":"Point","coordinates":[128.6023076,38.0721843]},"properties":{"id":423,"name":"임천보","detail":"임천보","province":"강원특별자치도","district":"양양군","town":"양양읍","address":"강원특별자치도 양양군 양양읍 임천리 440","placeType":"하천","management":"일반지역","manageCode":"2","sectionM":"100.0","riskSectionM":null,"depthAvg":"1.5","depthMax":"2.0","accidents":"0","safetyAction":null,"note":null,"equipment":{"total":8,"sign":2,"rescueBox":1,"vest":1,"buoy":1,"rope":1,"pole":0},"staff":null,"coordinateCorrected":false,"sourceYear":2025}},{"type":"Feature","geometry":{"type":"Point","coordinates":[128.6018541,38.0462063]},"properties":{"id":451,"name":"수리1교밑","detail":"수리1교밑","province":"강원특별자치도","district":"양양군","town":"서면","address":"강원특별자치도 양양군 서면 수리 745-1","placeType":"하천","management":"일반지역","manageCode":"2","sectionM":"250.0","riskSectionM":null,"depthAvg":"1.5","depthMax":"2.0","accidents":"0","safetyAction":null,"note":null,"equipment":{"total":5,"sign":1,"rescueBox":1,"vest":1,"buoy":1,"rope":1,"pole":0},"staff":null,"coordinateCorrected":false,"sourceYear":2025}},{"type":"Feature","geometry":{"type":"Point","coordinates":[128.5054725,37.9526353]},"properties":{"id":425,"name":"미천골휴양림 입구","detail":"미천골휴양림 입구","province":"강원특별자치도","district":"양양군","town":"서면","address":"강원특별자치도 양양군 서면 서림리 403-20","placeType":"산간계곡","management":"일반지역","manageCode":"2","sectionM":"60.0","riskSectionM":null,"depthAvg":"1.5","depthMax":"1.7","accidents":"0","safetyAction":null,"note":null,"equipment":{"total":1,"sign":1,"rescueBox":0,"vest":0,"buoy":0,"rope":0,"pole":0},"staff":null,"coordinateCorrected":false,"sourceYear":2025}},{"type":"Feature","geometry":{"type":"Point","coordinates":[128.5144456,37.9599697]},"properties":{"id":426,"name":"얼음골야영장","detail":"얼음골야영장","province":"강원특별자치도","district":"양양군","town":"서면","address":"강원특별자치도 양양군 서면 서림리 374","placeType":"하천","management":"일반지역","manageCode":"2","sectionM":"100.0","riskSectionM":null,"depthAvg":"1.0","depthMax":"1.5","accidents":"0","safetyAction":null,"note":null,"equipment":{"total":6,"sign":1,"rescueBox":0,"vest":1,"buoy":2,"rope":1,"pole":0},"staff":null,"coordinateCorrected":false,"sourceYear":2025}},{"type":"Feature","geometry":{"type":"Point","coordinates":[128.5313627,37.9847449]},"properties":{"id":427,"name":"서림마을관리휴양지","detail":"해담마을","province":"강원특별자치도","district":"양양군","town":"서면","address":"강원특별자치도 양양군 서면 서림리 129","placeType":"하천","management":"일반지역","manageCode":"2","sectionM":"200.0","riskSectionM":null,"depthAvg":"1.0","depthMax":"1.5","accidents":"0","safetyAction":null,"note":null,"equipment":{"total":5,"sign":1,"rescueBox":1,"vest":1,"buoy":1,"rope":1,"pole":0},"staff":null,"coordinateCorrected":false,"sourceYear":2025}},{"type":"Feature","geometry":{"type":"Point","coordinates":[128.538196,37.9977312]},"properties":{"id":428,"name":"영덕리마을야영장","detail":"한별마을캠핑장","province":"강원특별자치도","district":"양양군","town":"서면","address":"강원특별자치도 양양군 서면 영덕리 472","placeType":"하천","management":"일반지역","manageCode":"2","sectionM":"150.0","riskSectionM":null,"depthAvg":"1.0","depthMax":"3.0","accidents":"4","safetyAction":null,"note":null,"equipment":{"total":13,"sign":1,"rescueBox":1,"vest":5,"buoy":2,"rope":2,"pole":0},"staff":null,"coordinateCorrected":false,"sourceYear":2025}},{"type":"Feature","geometry":{"type":"Point","coordinates":[128.5589321,38.0230236]},"properties":{"id":429,"name":"용소골계곡(상)","detail":"용소골계곡(상)","province":"강원특별자치도","district":"양양군","town":"서면","address":"강원특별자치도 양양군 서면 용소리 49-2","placeType":"하천","management":"일반지역","manageCode":"2","sectionM":"150.0","riskSectionM":null,"depthAvg":"1.5","depthMax":"2.5","accidents":"0","safetyAction":null,"note":null,"equipment":{"total":5,"sign":1,"rescueBox":1,"vest":1,"buoy":1,"rope":1,"pole":0},"staff":null,"coordinateCorrected":false,"sourceYear":2025}},{"type":"Feature","geometry":{"type":"Point","coordinates":[128.5594696,38.0279378]},"properties":{"id":430,"name":"용소골계곡(중)","detail":"용소골계곡(중)","province":"강원특별자치도","district":"양양군","town":"서면","address":"강원특별자치도 양양군 서면 용소리 16","placeType":"하천","management":"일반지역","manageCode":"2","sectionM":"150.0","riskSectionM":null,"depthAvg":"1.5","depthMax":"2.3","accidents":"0","safetyAction":null,"note":null,"equipment":{"total":10,"sign":1,"rescueBox":0,"vest":5,"buoy":1,"rope":1,"pole":0},"staff":null,"coordinateCorrected":false,"sourceYear":2025}},{"type":"Feature","geometry":{"type":"Point","coordinates":[128.5571982,38.0312987]},"properties":{"id":431,"name":"공수전마을휴양지","detail":"공수전마을휴양지","province":"강원특별자치도","district":"양양군","town":"서면","address":"강원특별자치도 양양군 서면 공수전리 산 79-1","placeType":"하천","management":"일반지역","manageCode":"2","sectionM":"150.0","riskSectionM":null,"depthAvg":"1.0","depthMax":"2.0","accidents":"0","safetyAction":null,"note":null,"equipment":{"total":11,"sign":1,"rescueBox":1,"vest":5,"buoy":1,"rope":1,"pole":0},"staff":null,"coordinateCorrected":false,"sourceYear":2025}},{"type":"Feature","geometry":{"type":"Point","coordinates":[128.5604424,38.0367272]},"properties":{"id":432,"name":"와바캠프앞","detail":"와바캠프앞","province":"강원특별자치도","district":"양양군","town":"서면","address":"강원특별자치도 양양군 서면 공수전리 111-1","placeType":"하천","management":"일반지역","manageCode":"2","sectionM":"200.0","riskSectionM":null,"depthAvg":"2.0","depthMax":"2.5","accidents":"2","safetyAction":null,"note":null,"equipment":{"total":10,"sign":1,"rescueBox":1,"vest":2,"buoy":2,"rope":2,"pole":0},"staff":null,"coordinateCorrected":false,"sourceYear":2025}},{"type":"Feature","geometry":{"type":"Point","coordinates":[128.5515311,38.0506993]},"properties":{"id":433,"name":"송천마을(설악마루펜션)앞","detail":"송천마을(설악마루펜션)앞","province":"강원특별자치도","district":"양양군","town":"서면","address":"강원특별자치도 양양군 서면 송천리 267-6","placeType":"하천","management":"일반지역","manageCode":"2","sectionM":"200.0","riskSectionM":null,"depthAvg":"1.4","depthMax":"2.0","accidents":"0","safetyAction":null,"note":null,"equipment":{"total":7,"sign":1,"rescueBox":0,"vest":2,"buoy":1,"rope":1,"pole":0},"staff":null,"coordinateCorrected":false,"sourceYear":2025}},{"type":"Feature","geometry":{"type":"Point","coordinates":[128.5709872,38.0538764]},"properties":{"id":434,"name":"예문리","detail":"예문리","province":"강원특별자치도","district":"양양군","town":"서면","address":"강원특별자치도 양양군 서면 논화리 산 162-1","placeType":"하천","management":"일반지역","manageCode":"2","sectionM":"200.0","riskSectionM":null,"depthAvg":"1.5","depthMax":"2.0","accidents":"0","safetyAction":null,"note":null,"equipment":{"total":9,"sign":2,"rescueBox":1,"vest":2,"buoy":1,"rope":1,"pole":0},"staff":null,"coordinateCorrected":false,"sourceYear":2025}},{"type":"Feature","geometry":{"type":"Point","coordinates":[128.5871259,38.057464]},"properties":{"id":435,"name":"범부보","detail":"범부보","province":"강원특별자치도","district":"양양군","town":"서면","address":"강원특별자치도 양양군 서면 범부리 287","placeType":"하천","management":"일반지역","manageCode":"2","sectionM":"300.0","riskSectionM":null,"depthAvg":"1.0","depthMax":"2.0","accidents":"0","safetyAction":null,"note":null,"equipment":{"total":1,"sign":1,"rescueBox":0,"vest":0,"buoy":0,"rope":0,"pole":0},"staff":null,"coordinateCorrected":false,"sourceYear":2025}},{"type":"Feature","geometry":{"type":"Point","coordinates":[128.587873,38.0671701]},"properties":{"id":436,"name":"상평보(넙적바위)","detail":"상평보(넙적바위)","province":"강원특별자치도","district":"양양군","town":"서면","address":"강원특별자치도 양양군 서면 상평리 164-1","placeType":"하천","management":"일반지역","manageCode":"2","sectionM":"150.0","riskSectionM":null,"depthAvg":"1.8","depthMax":"2.5","accidents":"0","safetyAction":null,"note":null,"equipment":{"total":7,"sign":1,"rescueBox":0,"vest":2,"buoy":1,"rope":1,"pole":0},"staff":null,"coordinateCorrected":false,"sourceYear":2025}},{"type":"Feature","geometry":{"type":"Point","coordinates":[128.6180289,37.9131312]},"properties":{"id":437,"name":"법수치폭포앞","detail":"법수치폭포앞","province":"강원특별자치도","district":"양양군","town":"현북면","address":"강원특별자치도 양양군 현북면 법수치리 123-4","placeType":"산간계곡","management":"일반지역","manageCode":"2","sectionM":"100.0","riskSectionM":null,"depthAvg":"0.7","depthMax":"1.0","accidents":"1","safetyAction":null,"note":null,"equipment":{"total":10,"sign":1,"rescueBox":1,"vest":2,"buoy":2,"rope":2,"pole":0},"staff":null,"coordinateCorrected":false,"sourceYear":2025}},{"type":"Feature","geometry":{"type":"Point","coordinates":[128.6370528,37.9198077]},"properties":{"id":438,"name":"법수농원민박인근","detail":"법수농원민박인근","province":"강원특별자치도","district":"양양군","town":"현북면","address":"강원특별자치도 양양군 현북면 법수치리 11-6","placeType":"산간계곡","management":"일반지역","manageCode":"2","sectionM":"80.0","riskSectionM":null,"depthAvg":"1.0","depthMax":"1.5","accidents":"0","safetyAction":null,"note":null,"equipment":{"total":7,"sign":1,"rescueBox":1,"vest":2,"buoy":1,"rope":1,"pole":0},"staff":null,"coordinateCorrected":false,"sourceYear":2025}},{"type":"Feature","geometry":{"type":"Point","coordinates":[128.6449103,37.9230783]},"properties":{"id":439,"name":"산골여행팬션인근","detail":"솔향기민박","province":"강원특별자치도","district":"양양군","town":"현북면","address":"강원특별자치도 양양군 현북면 법수치리 3-5","placeType":"산간계곡","management":"일반지역","manageCode":"2","sectionM":"100.0","riskSectionM":null,"depthAvg":"0.7","depthMax":"1.0","accidents":"0","safetyAction":null,"note":null,"equipment":{"total":5,"sign":1,"rescueBox":1,"vest":1,"buoy":1,"rope":1,"pole":0},"staff":null,"coordinateCorrected":false,"sourceYear":2025}},{"type":"Feature","geometry":{"type":"Point","coordinates":[128.6436397,37.9353459]},"properties":{"id":440,"name":"비석거리","detail":"비석거리","province":"강원특별자치도","district":"양양군","town":"현북면","address":"강원특별자치도 양양군 현북면 어성전리 816-6","placeType":"산간계곡","management":"일반지역","manageCode":"2","sectionM":"100.0","riskSectionM":null,"depthAvg":"1.1","depthMax":"1.5","accidents":"0","safetyAction":null,"note":null,"equipment":{"total":5,"sign":1,"rescueBox":0,"vest":1,"buoy":1,"rope":1,"pole":0},"staff":null,"coordinateCorrected":false,"sourceYear":2025}},{"type":"Feature","geometry":{"type":"Point","coordinates":[128.6460687,37.9383187]},"properties":{"id":441,"name":"운문암","detail":"운문암","province":"강원특별자치도","district":"양양군","town":"현북면","address":"강원특별자치도 양양군 현북면 어성전리 815-5","placeType":"산간계곡","management":"일반지역","manageCode":"2","sectionM":"80.0","riskSectionM":null,"depthAvg":"0.9","depthMax":"1.8","accidents":"0","safetyAction":null,"note":null,"equipment":{"total":5,"sign":0,"rescueBox":0,"vest":1,"buoy":1,"rope":1,"pole":0},"staff":null,"coordinateCorrected":false,"sourceYear":2025}},{"type":"Feature","geometry":{"type":"Point","coordinates":[128.6572769,37.9464156]},"properties":{"id":442,"name":"불땅골","detail":"불땅골","province":"강원특별자치도","district":"양양군","town":"현북면","address":"강원특별자치도 양양군 현북면 어성전리 792","placeType":"산간계곡","management":"일반지역","manageCode":"2","sectionM":"100.0","riskSectionM":null,"depthAvg":"0.7","depthMax":"1.5","accidents":"0","safetyAction":null,"note":null,"equipment":{"total":10,"sign":1,"rescueBox":0,"vest":5,"buoy":1,"rope":1,"pole":0},"staff":null,"coordinateCorrected":false,"sourceYear":2025}},{"type":"Feature","geometry":{"type":"Point","coordinates":[128.6626937,37.952531]},"properties":{"id":443,"name":"어성전리밤나무골","detail":"어성전리밤나무골","province":"강원특별자치도","district":"양양군","town":"현북면","address":"강원특별자치도 양양군 현북면 어성전리 537","placeType":"하천","management":"일반지역","manageCode":"2","sectionM":"100.0","riskSectionM":null,"depthAvg":"1.2","depthMax":"1.8","accidents":"0","safetyAction":null,"note":null,"equipment":{"total":8,"sign":1,"rescueBox":1,"vest":2,"buoy":1,"rope":1,"pole":0},"staff":null,"coordinateCorrected":false,"sourceYear":2025}},{"type":"Feature","geometry":{"type":"Point","coordinates":[128.6526136,37.9658644]},"properties":{"id":444,"name":"원일전리 돔뜰","detail":"원일전리 돔뜰","province":"강원특별자치도","district":"양양군","town":"현북면","address":"강원특별자치도 양양군 현북면 원일전리 566-3","placeType":"하천","management":"일반지역","manageCode":"2","sectionM":"200.0","riskSectionM":null,"depthAvg":"1.5","depthMax":"2.0","accidents":"0","safetyAction":null,"note":null,"equipment":{"total":7,"sign":1,"rescueBox":0,"vest":2,"buoy":1,"rope":1,"pole":0},"staff":null,"coordinateCorrected":false,"sourceYear":2025}},{"type":"Feature","geometry":{"type":"Point","coordinates":[128.6549927,37.9813525]},"properties":{"id":445,"name":"원일전리마을휴양지","detail":"원일전리마을휴양지","province":"강원특별자치도","district":"양양군","town":"현북면","address":"강원특별자치도 양양군 현북면 원일전리 237-3","placeType":"하천","management":"일반지역","manageCode":"2","sectionM":"150.0","riskSectionM":null,"depthAvg":"1.3","depthMax":"2.0","accidents":"0","safetyAction":null,"note":null,"equipment":{"total":8,"sign":1,"rescueBox":1,"vest":2,"buoy":1,"rope":1,"pole":0},"staff":null,"coordinateCorrected":false,"sourceYear":2025}},{"type":"Feature","geometry":{"type":"Point","coordinates":[128.6406245,37.9998141]},"properties":{"id":446,"name":"놀골교 밑","detail":"놀골교 밑","province":"강원특별자치도","district":"양양군","town":"현북면","address":"강원특별자치도 양양군 현북면 장리 110-1","placeType":"하천","management":"일반지역","manageCode":"2","sectionM":"200.0","riskSectionM":null,"depthAvg":"1.0","depthMax":"1.5","accidents":"0","safetyAction":null,"note":null,"equipment":{"total":1,"sign":1,"rescueBox":0,"vest":0,"buoy":0,"rope":0,"pole":0},"staff":null,"coordinateCorrected":false,"sourceYear":2025}},{"type":"Feature","geometry":{"type":"Point","coordinates":[128.6198466,38.0211903]},"properties":{"id":447,"name":"내현보(모래소)","detail":"내현보(모래소)","province":"강원특별자치도","district":"양양군","town":"서면","address":"강원특별자치도 양양군 서면 내현리 17-4","placeType":"하천","management":"일반지역","manageCode":"2","sectionM":"300.0","riskSectionM":null,"depthAvg":"1.0","depthMax":"3.0","accidents":"0","safetyAction":null,"note":null,"equipment":{"total":7,"sign":1,"rescueBox":0,"vest":2,"buoy":1,"rope":1,"pole":0},"staff":null,"coordinateCorrected":false,"sourceYear":2025}},{"type":"Feature","geometry":{"type":"Point","coordinates":[128.6083202,38.0285898]},"properties":{"id":448,"name":"내현보","detail":"내현보","province":"강원특별자치도","district":"양양군","town":"서면","address":"강원특별자치도 양양군 서면 내현리 242","placeType":"하천","management":"일반지역","manageCode":"2","sectionM":"200.0","riskSectionM":null,"depthAvg":"0.8","depthMax":"2.0","accidents":"0","safetyAction":null,"note":null,"equipment":{"total":6,"sign":2,"rescueBox":1,"vest":1,"buoy":1,"rope":1,"pole":0},"staff":null,"coordinateCorrected":false,"sourceYear":2025}},{"type":"Feature","geometry":{"type":"Point","coordinates":[128.6021265,38.0284706]},"properties":{"id":449,"name":"수리보 밤나무집","detail":"수리보 밤나무집","province":"강원특별자치도","district":"양양군","town":"서면","address":"강원특별자치도 양양군 서면 수리 300","placeType":"하천","management":"일반지역","manageCode":"2","sectionM":"250.0","riskSectionM":null,"depthAvg":"0.8","depthMax":"1.5","accidents":"0","safetyAction":null,"note":null,"equipment":{"total":10,"sign":1,"rescueBox":0,"vest":5,"buoy":1,"rope":1,"pole":0},"staff":null,"coordinateCorrected":false,"sourceYear":2025}},{"type":"Feature","geometry":{"type":"Point","coordinates":[128.5972437,38.0392497]},"properties":{"id":450,"name":"수리세월교","detail":"수리세월교","province":"강원특별자치도","district":"양양군","town":"서면","address":"강원특별자치도 양양군 서면 수리 688","placeType":"하천","management":"일반지역","manageCode":"2","sectionM":"300.0","riskSectionM":null,"depthAvg":"0.5","depthMax":"1.5","accidents":"0","safetyAction":null,"note":null,"equipment":{"total":5,"sign":1,"rescueBox":1,"vest":1,"buoy":1,"rope":1,"pole":0},"staff":null,"coordinateCorrected":false,"sourceYear":2025}},{"type":"Feature","geometry":{"type":"Point","coordinates":[128.6052384,38.0559035]},"properties":{"id":452,"name":"용천보(한남초교앞)","detail":"용천보(한남초교앞)","province":"강원특별자치도","district":"양양군","town":"서면","address":"강원특별자치도 양양군 서면 용천리 540-3","placeType":"하천","management":"일반지역","manageCode":"2","sectionM":"250.0","riskSectionM":null,"depthAvg":"1.5","depthMax":"2.0","accidents":"0","safetyAction":null,"note":null,"equipment":{"total":8,"sign":1,"rescueBox":1,"vest":2,"buoy":1,"rope":1,"pole":0},"staff":null,"coordinateCorrected":false,"sourceYear":2025}},{"type":"Feature","geometry":{"type":"Point","coordinates":[127.6857812,36.6132148]},"properties":{"id":453,"name":"청석굴","detail":"청석굴앞 하천","province":"충청북도","district":"청주시 상당구","town":"미원면","address":"충청북도 청주시 상당구 미원면 운암리 184-3","placeType":"하천","management":"일반지역","manageCode":"2","sectionM":"130.0","riskSectionM":null,"depthAvg":"0.7","depthMax":"2.0","accidents":"0","safetyAction":null,"note":null,"equipment":{"total":107,"sign":2,"rescueBox":2,"vest":85,"buoy":3,"rope":3,"pole":0},"staff":null,"coordinateCorrected":false,"sourceYear":2025}},{"type":"Feature","geometry":{"type":"Point","coordinates":[127.6984373,36.6104336]},"properties":{"id":454,"name":"용소계곡","detail":"로마의휴일및용소펜션앞","province":"충청북도","district":"청주시 상당구","town":"미원면","address":"충청북도 청주시 상당구 미원면 옥화리 84-2","placeType":"하천","management":"일반지역","manageCode":"2","sectionM":"400.0","riskSectionM":null,"depthAvg":"1.0","depthMax":"5.0","accidents":"0","safetyAction":null,"note":null,"equipment":{"total":87,"sign":8,"rescueBox":5,"vest":45,"buoy":6,"rope":6,"pole":0},"staff":null,"coordinateCorrected":false,"sourceYear":2025}},{"type":"Feature","geometry":{"type":"Point","coordinates":[127.7011369,36.6150258]},"properties":{"id":455,"name":"천경대","detail":"옥화대~용소계곡사이","province":"충청북도","district":"청주시 상당구","town":"미원면","address":"충청북도 청주시 상당구 미원면 옥화리 122","placeType":"하천","management":"일반지역","manageCode":"2","sectionM":"200.0","riskSectionM":null,"depthAvg":"1.0","depthMax":"2.5","accidents":"0","safetyAction":null,"note":null,"equipment":{"total":59,"sign":6,"rescueBox":1,"vest":37,"buoy":2,"rope":2,"pole":0},"staff":null,"coordinateCorrected":false,"sourceYear":2025}},{"type":"Feature","geometry":{"type":"Point","coordinates":[127.7033997,36.6172379]},"properties":{"id":456,"name":"옥화대","detail":"유령뜰앞","province":"충청북도","district":"청주시 상당구","town":"미원면","address":"충청북도 청주시 상당구 미원면 옥화리 153-3","placeType":"하천","management":"일반지역","manageCode":"2","sectionM":"190.0","riskSectionM":null,"depthAvg":"1.0","depthMax":"3.0","accidents":"0","safetyAction":null,"note":null,"equipment":{"total":43,"sign":11,"rescueBox":3,"vest":5,"buoy":4,"rope":4,"pole":0},"staff":null,"coordinateCorrected":false,"sourceYear":2025}},{"type":"Feature","geometry":{"type":"Point","coordinates":[127.7079688,36.6107679]},"properties":{"id":457,"name":"금봉","detail":"하천(금바위아래)","province":"충청북도","district":"청주시 상당구","town":"미원면","address":"충청북도 청주시 상당구 미원면 월용리 산 63-3","placeType":"하천","management":"일반지역","manageCode":"2","sectionM":"700.0","riskSectionM":null,"depthAvg":"1.0","depthMax":"3.0","accidents":"0","safetyAction":null,"note":null,"equipment":{"total":41,"sign":4,"rescueBox":3,"vest":13,"buoy":4,"rope":5,"pole":0},"staff":null,"coordinateCorrected":false,"sourceYear":2025}},{"type":"Feature","geometry":{"type":"Point","coordinates":[127.7254741,36.6199623]},"properties":{"id":458,"name":"금관숲","detail":"금관숲 캠핑장 앞","province":"충청북도","district":"청주시 상당구","town":"미원면","address":"충청북도 청주시 상당구 미원면 금관리 336-13","placeType":"하천","management":"일반지역","manageCode":"2","sectionM":"200.0","riskSectionM":null,"depthAvg":"1.0","depthMax":"2.0","accidents":"0","safetyAction":null,"note":null,"equipment":{"total":67,"sign":3,"rescueBox":3,"vest":40,"buoy":4,"rope":4,"pole":0},"staff":null,"coordinateCorrected":false,"sourceYear":2025}},{"type":"Feature","geometry":{"type":"Point","coordinates":[127.7418008,36.6111146]},"properties":{"id":459,"name":"가마소뿔","detail":"옥화포시즌캠핑장 앞","province":"충청북도","district":"청주시 상당구","town":"미원면","address":"충청북도 청주시 상당구 미원면 어암리 76","placeType":"하천","management":"일반지역","manageCode":"2","sectionM":"150.0","riskSectionM":null,"depthAvg":"1.0","depthMax":"2.5","accidents":"0","safetyAction":null,"note":null,"equipment":{"total":22,"sign":2,"rescueBox":2,"vest":6,"buoy":3,"rope":3,"pole":0},"staff":null,"coordinateCorrected":false,"sourceYear":2025}},{"type":"Feature","geometry":{"type":"Point","coordinates":[127.7543316,36.6107676]},"properties":{"id":460,"name":"어암계곡","detail":"어암리산촌생태마을 주변","province":"충청북도","district":"청주시 상당구","town":"미원면","address":"충청북도 청주시 상당구 미원면 어암리 37","placeType":"하천","management":"일반지역","manageCode":"2","sectionM":"220.0","riskSectionM":null,"depthAvg":"1.5","depthMax":"3.0","accidents":"0","safetyAction":null,"note":null,"equipment":{"total":78,"sign":8,"rescueBox":6,"vest":32,"buoy":7,"rope":7,"pole":0},"staff":null,"coordinateCorrected":false,"sourceYear":2025}},{"type":"Feature","geometry":{"type":"Point","coordinates":[127.4414027,36.4537696]},"properties":{"id":461,"name":"노산배터","detail":"대청댐 하류","province":"충청북도","district":"청주시 서원구","town":"현도면","address":"충청북도 청주시 서원구 현도면 노산리 568-11","placeType":"하천","management":"일반지역","manageCode":"2","sectionM":"160.0","riskSectionM":null,"depthAvg":"3.0","depthMax":"5.0","accidents":"0","safetyAction":null,"note":null,"equipment":{"total":26,"sign":6,"rescueBox":1,"vest":6,"buoy":2,"rope":2,"pole":0},"staff":null,"coordinateCorrected":false,"sourceYear":2025}},{"type":"Feature","geometry":{"type":"Point","coordinates":[127.9237844,36.9048036]},"properties":{"id":462,"name":"수주팔봉유원지","detail":"수주팔봉 유원지","province":"충청북도","district":"충주시","town":"대소원면","address":"충청북도 충주시 대소원면 문주리 844","placeType":"하천","management":"일반지역","manageCode":"2","sectionM":"600.0","riskSectionM":null,"depthAvg":"1.0","depthMax":"2.0","accidents":"0","safetyAction":null,"note":null,"equipment":{"total":245,"sign":16,"rescueBox":0,"vest":200,"buoy":10,"rope":10,"pole":0},"staff":null,"coordinateCorrected":false,"sourceYear":2025}},{"type":"Feature","geometry":{"type":"Point","coordinates":[128.0310311,37.0701192]},"properties":{"id":463,"name":"삼탄 유원지","detail":"삼탄 유원지","province":"충청북도","district":"충주시","town":"산척면","address":"충청북도 충주시 산척면 명서리 477-1","placeType":"하천","management":"일반지역","manageCode":"2","sectionM":"300.0","riskSectionM":null,"depthAvg":"1.0","depthMax":"2.0","accidents":"2","safetyAction":null,"note":null,"equipment":{"total":189,"sign":9,"rescueBox":4,"vest":150,"buoy":10,"rope":10,"pole":0},"staff":null,"coordinateCorrected":false,"sourceYear":2025}},{"type":"Feature","geometry":{"type":"Point","coordinates":[128.1007273,37.1113776]},"properties":{"id":465,"name":"탁사정","detail":"탁사정","province":"충청북도","district":"제천시","town":"봉양읍","address":"충청북도 제천시 봉양읍","placeType":"계곡","management":"일반지역","manageCode":"2","sectionM":"100.0","riskSectionM":null,"depthAvg":"1.0","depthMax":"5.0","accidents":"1","safetyAction":null,"note":null,"equipment":{"total":32,"sign":5,"rescueBox":3,"vest":3,"buoy":7,"rope":7,"pole":0},"staff":null,"coordinateCorrected":false,"sourceYear":2025}},{"type":"Feature","geometry":{"type":"Point","coordinates":[127.9983917,37.1935761]},"properties":{"id":466,"name":"덕동계곡","detail":"덕동계곡","province":"충청북도","district":"제천시","town":"백운면","address":"충청북도 제천시 백운면","placeType":"계곡","management":"일반지역","manageCode":"2","sectionM":"50.0","riskSectionM":null,"depthAvg":"2.0","depthMax":"2.0","accidents":"1","safetyAction":null,"note":null,"equipment":{"total":29,"sign":6,"rescueBox":3,"vest":3,"buoy":6,"rope":6,"pole":0},"staff":null,"coordinateCorrected":false,"sourceYear":2025}},{"type":"Feature","geometry":{"type":"Point","coordinates":[127.9983917,37.1935761]},"properties":{"id":467,"name":"자라바위","detail":"자라바위","province":"충청북도","district":"제천시","town":"백운면","address":"충청북도 제천시 백운면","placeType":"계곡","management":"일반지역","manageCode":"2","sectionM":"100.0","riskSectionM":null,"depthAvg":"2.0","depthMax":"4.0","accidents":"0","safetyAction":null,"note":null,"equipment":{"total":17,"sign":4,"rescueBox":2,"vest":2,"buoy":3,"rope":3,"pole":0},"staff":null,"coordinateCorrected":false,"sourceYear":2025}},{"type":"Feature","geometry":{"type":"Point","coordinates":[128.191487,37.0001703]},"properties":{"id":468,"name":"취적대","detail":"취적대","province":"충청북도","district":"제천시","town":"청풍면","address":"충청북도 제천시 청풍면 도화리 286-2","placeType":"계곡","management":"일반지역","manageCode":"2","sectionM":"30.0","riskSectionM":null,"depthAvg":"2.0","depthMax":"3.0","accidents":"0","safetyAction":null,"note":null,"equipment":{"total":18,"sign":2,"rescueBox":1,"vest":2,"buoy":3,"rope":3,"pole":0},"staff":null,"coordinateCorrected":false,"sourceYear":2025}},{"type":"Feature","geometry":{"type":"Point","coordinates":[127.8012227,36.481324]},"properties":{"id":469,"name":"서원계곡","detail":"북두머리, 휴양마을펜션, 황해동솔밭, 안돌이","province":"충청북도","district":"보은군","town":"장안면","address":"충청북도 보은군 장안면 서원리 386번지 일원","placeType":"계곡","management":"일반지역","manageCode":"2","sectionM":"150.0","riskSectionM":null,"depthAvg":"1.0","depthMax":"1.5","accidents":"0","safetyAction":null,"note":null,"equipment":{"total":259,"sign":13,"rescueBox":7,"vest":205,"buoy":12,"rope":7,"pole":8},"staff":null,"coordinateCorrected":false,"sourceYear":2025}},{"type":"Feature","geometry":{"type":"Point","coordinates":[127.769823,36.5645319]},"properties":{"id":470,"name":"백석2교","detail":"백석2교 상류 50m 지점","province":"충청북도","district":"보은군","town":"산외면","address":"충청북도 보은군 산외면 백석리 산 13-6번지 일원","placeType":"하천","management":"일반지역","manageCode":"2","sectionM":"200.0","riskSectionM":null,"depthAvg":"1.0","depthMax":"3.0","accidents":"0","safetyAction":null,"note":null,"equipment":{"total":39,"sign":3,"rescueBox":2,"vest":25,"buoy":3,"rope":2,"pole":2},"staff":null,"coordinateCorrected":false,"sourceYear":2025}},{"type":"Feature","geometry":{"type":"Point","coordinates":[127.6470644,36.2717166]},"properties":{"id":471,"name":"정간이","detail":"탐강오리식당 앞","province":"충청북도","district":"옥천군","town":"동이면","address":"충청북도 옥천군 동이면 적하리 286","placeType":"하천","management":"일반지역","manageCode":"2","sectionM":"330.0","riskSectionM":null,"depthAvg":"3.0","depthMax":"7.0","accidents":"0","safetyAction":null,"note":null,"equipment":{"total":17,"sign":2,"rescueBox":1,"vest":6,"buoy":6,"rope":0,"pole":0},"staff":null,"coordinateCorrected":false,"sourceYear":2025}},{"type":"Feature","geometry":{"type":"Point","coordinates":[127.6475938,36.2752729]},"properties":{"id":472,"name":"올목","detail":"올목 세월교 앞","province":"충청북도","district":"옥천군","town":"동이면","address":"충청북도 옥천군 동이면 적하리 311","placeType":"하천","management":"일반지역","manageCode":"2","sectionM":"330.0","riskSectionM":null,"depthAvg":"2.0","depthMax":"4.0","accidents":"0","safetyAction":null,"note":null,"equipment":{"total":32,"sign":2,"rescueBox":1,"vest":12,"buoy":12,"rope":2,"pole":0},"staff":null,"coordinateCorrected":false,"sourceYear":2025}},{"type":"Feature","geometry":{"type":"Point","coordinates":[127.6444719,36.2861678]},"properties":{"id":473,"name":"신금강2교","detail":"신금강2교 밑","province":"충청북도","district":"옥천군","town":"동이면","address":"충청북도 옥천군 동이면 금암리 1139-1","placeType":"하천","management":"일반지역","manageCode":"2","sectionM":"400.0","riskSectionM":null,"depthAvg":"4.0","depthMax":"9.0","accidents":"0","safetyAction":null,"note":null,"equipment":{"total":39,"sign":3,"rescueBox":1,"vest":16,"buoy":16,"rope":1,"pole":0},"staff":null,"coordinateCorrected":false,"sourceYear":2025}},{"type":"Feature","geometry":{"type":"Point","coordinates":[127.6945603,36.2794242]},"properties":{"id":474,"name":"신금강4교","detail":"신금강4교 밑","province":"충청북도","district":"옥천군","town":"동이면","address":"충청북도 옥천군 동이면 조령리 322-1","placeType":"하천","management":"일반지역","manageCode":"2","sectionM":"300.0","riskSectionM":null,"depthAvg":"3.0","depthMax":"7.0","accidents":"0","safetyAction":null,"note":null,"equipment":{"total":14,"sign":0,"rescueBox":0,"vest":6,"buoy":6,"rope":0,"pole":0},"staff":null,"coordinateCorrected":false,"sourceYear":2025}},{"type":"Feature","geometry":{"type":"Point","coordinates":[127.6755899,36.2796222]},"properties":{"id":475,"name":"금강4교","detail":"금강4교 밑","province":"충청북도","district":"옥천군","town":"동이면","address":"충청북도 옥천군 동이면 조령리 566-7","placeType":"하천","management":"일반지역","manageCode":"2","sectionM":"300.0","riskSectionM":null,"depthAvg":"5.0","depthMax":"8.0","accidents":"1","safetyAction":null,"note":null,"equipment":{"total":31,"sign":4,"rescueBox":1,"vest":12,"buoy":12,"rope":0,"pole":0},"staff":null,"coordinateCorrected":false,"sourceYear":2025}},{"type":"Feature","geometry":{"type":"Point","coordinates":[127.6621239,36.3051954]},"properties":{"id":476,"name":"마티","detail":"마티교 밑","province":"충청북도","district":"옥천군","town":"동이면","address":"충청북도 옥천군 동이면 청마리 1148-2","placeType":"하천","management":"일반지역","manageCode":"2","sectionM":"200.0","riskSectionM":null,"depthAvg":"4.0","depthMax":"8.0","accidents":"0","safetyAction":null,"note":null,"equipment":{"total":19,"sign":0,"rescueBox":0,"vest":8,"buoy":8,"rope":0,"pole":0},"staff":null,"coordinateCorrected":false,"sourceYear":2025}},{"type":"Feature","geometry":{"type":"Point","coordinates":[127.6903677,36.3085476]},"properties":{"id":477,"name":"가덕","detail":"가덕교 밑","province":"충청북도","district":"옥천군","town":"동이면","address":"충청북도 옥천군 동이면  청마리 288-11","placeType":"하천","management":"일반지역","manageCode":"2","sectionM":"200.0","riskSectionM":null,"depthAvg":"6.0","depthMax":"10.0","accidents":"0","safetyAction":null,"note":null,"equipment":{"total":23,"sign":2,"rescueBox":1,"vest":8,"buoy":8,"rope":2,"pole":0},"staff":null,"coordinateCorrected":false,"sourceYear":2025}},{"type":"Feature","geometry":{"type":"Point","coordinates":[127.678802,36.3205622]},"properties":{"id":479,"name":"수동","detail":"수동","province":"충청북도","district":"옥천군","town":"안남면","address":"충청북도 옥천군 안남면 안남면 지수리 1192-6번지 일원","placeType":"하천","management":"일반지역","manageCode":"2","sectionM":"100.0","riskSectionM":null,"depthAvg":"1.0","depthMax":"1.5","accidents":"0","safetyAction":null,"note":null,"equipment":{"total":17,"sign":3,"rescueBox":1,"vest":4,"buoy":4,"rope":4,"pole":0},"staff":null,"coordinateCorrected":false,"sourceYear":2025}},{"type":"Feature","geometry":{"type":"Point","coordinates":[127.6818212,36.3189371]},"properties":{"id":480,"name":"청마대교","detail":"청마대교","province":"충청북도","district":"옥천군","town":"안남면","address":"충청북도 옥천군 안남면 안남면 지수리 산135번지 일원","placeType":"하천","management":"일반지역","manageCode":"2","sectionM":"100.0","riskSectionM":null,"depthAvg":"1.0","depthMax":"2.0","accidents":"0","safetyAction":null,"note":null,"equipment":{"total":17,"sign":3,"rescueBox":1,"vest":4,"buoy":4,"rope":4,"pole":0},"staff":null,"coordinateCorrected":false,"sourceYear":2025}},{"type":"Feature","geometry":{"type":"Point","coordinates":[127.6908623,36.2931873]},"properties":{"id":481,"name":"원당교","detail":"원당교","province":"충청북도","district":"옥천군","town":"청성면","address":"충청북도 옥천군 청성면 고당리 230-8번지","placeType":"하천","management":"일반지역","manageCode":"2","sectionM":"300.0","riskSectionM":null,"depthAvg":"1.5","depthMax":"4.0","accidents":"0","safetyAction":null,"note":null,"equipment":{"total":31,"sign":7,"rescueBox":1,"vest":6,"buoy":6,"rope":6,"pole":0},"staff":null,"coordinateCorrected":false,"sourceYear":2025}},{"type":"Feature","geometry":{"type":"Point","coordinates":[127.6719231,36.3087797]},"properties":{"id":483,"name":"하금","detail":"하금","province":"충청북도","district":"옥천군","town":"청성면","address":"충청북도 옥천군 청성면 합금리 232-3번지","placeType":"하천","management":"일반지역","manageCode":"2","sectionM":"300.0","riskSectionM":null,"depthAvg":"1.5","depthMax":"4.0","accidents":"0","safetyAction":null,"note":null,"equipment":{"total":29,"sign":5,"rescueBox":2,"vest":6,"buoy":6,"rope":6,"pole":0},"staff":null,"coordinateCorrected":false,"sourceYear":2025}},{"type":"Feature","geometry":{"type":"Point","coordinates":[127.8167011,36.3490597]},"properties":{"id":484,"name":"예곡교","detail":"예곡교","province":"충청북도","district":"옥천군","town":"청산면","address":"충청북도 옥천군 청산면 예곡리 757-94","placeType":"하천","management":"일반지역","manageCode":"2","sectionM":"250.0","riskSectionM":null,"depthAvg":"1.0","depthMax":"1.5","accidents":"0","safetyAction":null,"note":null,"equipment":{"total":37,"sign":2,"rescueBox":2,"vest":10,"buoy":10,"rope":10,"pole":0},"staff":null,"coordinateCorrected":false,"sourceYear":2025}},{"type":"Feature","geometry":{"type":"Point","coordinates":[127.7968902,36.3413266]},"properties":{"id":485,"name":"청산교","detail":"청산교","province":"충청북도","district":"옥천군","town":"청산면","address":"충청북도 옥천군 청산면 인정리 39-4","placeType":"하천","management":"일반지역","manageCode":"2","sectionM":"50.0","riskSectionM":null,"depthAvg":"2.0","depthMax":"3.0","accidents":"0","safetyAction":null,"note":null,"equipment":{"total":15,"sign":1,"rescueBox":1,"vest":4,"buoy":4,"rope":4,"pole":0},"staff":null,"coordinateCorrected":false,"sourceYear":2025}},{"type":"Feature","geometry":{"type":"Point","coordinates":[127.8173666,36.3719748]},"properties":{"id":486,"name":"월남","detail":"월남","province":"충청북도","district":"옥천군","town":"청산면","address":"충청북도 옥천군 청산면 대성리 158-1","placeType":"하천","management":"일반지역","manageCode":"2","sectionM":"50.0","riskSectionM":null,"depthAvg":"2.0","depthMax":"3.0","accidents":"0","safetyAction":null,"note":null,"equipment":{"total":23,"sign":2,"rescueBox":2,"vest":6,"buoy":6,"rope":6,"pole":0},"staff":null,"coordinateCorrected":false,"sourceYear":2025}},{"type":"Feature","geometry":{"type":"Point","coordinates":[127.6711676,36.2403593]},"properties":{"id":487,"name":"이원대교","detail":"이원대교","province":"충청북도","district":"옥천군","town":"이원면","address":"충청북도 옥천군 이원면 백지리 320-5","placeType":"하천","management":"일반지역","manageCode":"2","sectionM":"120.0","riskSectionM":null,"depthAvg":"1.0","depthMax":"3.0","accidents":"1","safetyAction":null,"note":null,"equipment":{"total":28,"sign":4,"rescueBox":2,"vest":6,"buoy":6,"rope":6,"pole":0},"staff":null,"coordinateCorrected":false,"sourceYear":2025}},{"type":"Feature","geometry":{"type":"Point","coordinates":[127.6374475,36.2563959]},"properties":{"id":488,"name":"하칠방","detail":"하칠방","province":"충청북도","district":"옥천군","town":"이원면","address":"충청북도 옥천군 이원면 용방리 1061","placeType":"하천","management":"일반지역","manageCode":"2","sectionM":"920.0","riskSectionM":null,"depthAvg":"1.0","depthMax":"3.0","accidents":"1","safetyAction":null,"note":null,"equipment":{"total":78,"sign":5,"rescueBox":3,"vest":20,"buoy":20,"rope":20,"pole":0},"staff":null,"coordinateCorrected":false,"sourceYear":2025}},{"type":"Feature","geometry":{"type":"Point","coordinates":[127.5400105,36.2703106]},"properties":{"id":489,"name":"금천계곡","detail":"금천계곡","province":"충청북도","district":"옥천군","town":"군서면","address":"충청북도 옥천군 군서면 금산리 509-3","placeType":"하천","management":"일반지역","manageCode":"2","sectionM":"100.0","riskSectionM":null,"depthAvg":"1.0","depthMax":"2.0","accidents":"0","safetyAction":null,"note":null,"equipment":{"total":17,"sign":3,"rescueBox":1,"vest":4,"buoy":4,"rope":4,"pole":0},"staff":null,"coordinateCorrected":false,"sourceYear":2025}},{"type":"Feature","geometry":{"type":"Point","coordinates":[127.5516011,36.2500432]},"properties":{"id":490,"name":"금천교","detail":"금천교","province":"충청북도","district":"옥천군","town":"군서면","address":"충청북도 옥천군 군서면 금산리 63-4","placeType":"하천","management":"일반지역","manageCode":"2","sectionM":"100.0","riskSectionM":null,"depthAvg":"1.0","depthMax":"2.0","accidents":"1","safetyAction":null,"note":null,"equipment":{"total":17,"sign":3,"rescueBox":1,"vest":4,"buoy":4,"rope":4,"pole":0},"staff":null,"coordinateCorrected":false,"sourceYear":2025}},{"type":"Feature","geometry":{"type":"Point","coordinates":[127.5534468,36.24717]},"properties":{"id":491,"name":"거북가든","detail":"거북가든","province":"충청북도","district":"옥천군","town":"군서면","address":"충청북도 옥천군 군서면 금산리 69-7","placeType":"하천","management":"일반지역","manageCode":"2","sectionM":"50.0","riskSectionM":null,"depthAvg":"1.0","depthMax":"2.0","accidents":"0","safetyAction":null,"note":null,"equipment":{"total":9,"sign":2,"rescueBox":0,"vest":2,"buoy":2,"rope":2,"pole":0},"staff":null,"coordinateCorrected":false,"sourceYear":2025}},{"type":"Feature","geometry":{"type":"Point","coordinates":[127.8152926,36.2393848]},"properties":{"id":492,"name":"송담사","detail":"송담사","province":"충청북도","district":"영동군","town":"용산면","address":"충청북도 영동군 용산면 율리 594","placeType":"하천","management":"일반지역","manageCode":"2","sectionM":"100.0","riskSectionM":null,"depthAvg":"1.0","depthMax":"3.0","accidents":"0","safetyAction":null,"note":null,"equipment":{"total":15,"sign":3,"rescueBox":2,"vest":3,"buoy":3,"rope":3,"pole":0},"staff":null,"coordinateCorrected":false,"sourceYear":2025}},{"type":"Feature","geometry":{"type":"Point","coordinates":[127.803243,36.2277399]},"properties":{"id":493,"name":"송천교","detail":"송천교","province":"충청북도","district":"영동군","town":"용산면","address":"충청북도 영동군 용산면 율리 694-6","placeType":"하천","management":"일반지역","manageCode":"2","sectionM":"100.0","riskSectionM":null,"depthAvg":"1.0","depthMax":"3.0","accidents":"0","safetyAction":null,"note":null,"equipment":{"total":24,"sign":8,"rescueBox":4,"vest":4,"buoy":4,"rope":4,"pole":0},"staff":null,"coordinateCorrected":false,"sourceYear":2025}},{"type":"Feature","geometry":{"type":"Point","coordinates":[127.7704015,36.2514732]},"properties":{"id":494,"name":"모래펄","detail":"모래펄","province":"충청북도","district":"영동군","town":"용산면","address":"충청북도 영동군 용산면 한석리 610","placeType":"하천","management":"일반지역","manageCode":"2","sectionM":"100.0","riskSectionM":null,"depthAvg":"1.0","depthMax":"3.0","accidents":"1","safetyAction":null,"note":null,"equipment":{"total":15,"sign":11,"rescueBox":1,"vest":1,"buoy":1,"rope":1,"pole":0},"staff":null,"coordinateCorrected":false,"sourceYear":2025}},{"type":"Feature","geometry":{"type":"Point","coordinates":[127.8381115,36.2396892]},"properties":{"id":495,"name":"산저보","detail":"산저보","province":"충청북도","district":"영동군","town":"용산면","address":"충청북도 영동군 용산면 산저리 134","placeType":"하천","management":"일반지역","manageCode":"2","sectionM":"50.0","riskSectionM":null,"depthAvg":"1.0","depthMax":"3.0","accidents":"0","safetyAction":null,"note":null,"equipment":{"total":17,"sign":9,"rescueBox":2,"vest":2,"buoy":2,"rope":2,"pole":0},"staff":null,"coordinateCorrected":false,"sourceYear":2025}},{"type":"Feature","geometry":{"type":"Point","coordinates":[127.8254651,36.2316226]},"properties":{"id":496,"name":"산저교","detail":"산저교","province":"충청북도","district":"영동군","town":"용산면","address":"충청북도 영동군 용산면 산저리 436","placeType":"하천","management":"일반지역","manageCode":"2","sectionM":"50.0","riskSectionM":null,"depthAvg":"1.0","depthMax":"3.0","accidents":"0","safetyAction":null,"note":null,"equipment":{"total":12,"sign":4,"rescueBox":2,"vest":2,"buoy":2,"rope":2,"pole":0},"staff":null,"coordinateCorrected":false,"sourceYear":2025}},{"type":"Feature","geometry":{"type":"Point","coordinates":[127.889947,36.2342537]},"properties":{"id":497,"name":"월류봉","detail":"월류봉","province":"충청북도","district":"영동군","town":"황간면","address":"충청북도 영동군 황간면 원촌리 240-1","placeType":"하천","management":"일반지역","manageCode":"2","sectionM":"100.0","riskSectionM":null,"depthAvg":"1.0","depthMax":"4.0","accidents":"0","safetyAction":null,"note":null,"equipment":{"total":21,"sign":5,"rescueBox":4,"vest":4,"buoy":4,"rope":4,"pole":0},"staff":null,"coordinateCorrected":false,"sourceYear":2025}},{"type":"Feature","geometry":{"type":"Point","coordinates":[127.8951737,36.2506175]},"properties":{"id":498,"name":"완정교","detail":"완정교","province":"충청북도","district":"영동군","town":"황간면","address":"충청북도 영동군 황간면 우매리 445","placeType":"하천","management":"일반지역","manageCode":"2","sectionM":"50.0","riskSectionM":null,"depthAvg":"1.0","depthMax":"4.0","accidents":"0","safetyAction":null,"note":null,"equipment":{"total":24,"sign":8,"rescueBox":0,"vest":4,"buoy":4,"rope":4,"pole":0},"staff":null,"coordinateCorrected":false,"sourceYear":2025}},{"type":"Feature","geometry":{"type":"Point","coordinates":[127.904693,36.2767153]},"properties":{"id":499,"name":"반야사","detail":"반야사","province":"충청북도","district":"영동군","town":"황간면","address":"충청북도 영동군 황간면 우매리 164-5","placeType":"하천","management":"일반지역","manageCode":"2","sectionM":"100.0","riskSectionM":null,"depthAvg":"1.0","depthMax":"3.0","accidents":"0","safetyAction":null,"note":null,"equipment":{"total":21,"sign":9,"rescueBox":3,"vest":3,"buoy":3,"rope":3,"pole":0},"staff":null,"coordinateCorrected":false,"sourceYear":2025}},{"type":"Feature","geometry":{"type":"Point","coordinates":[127.8914865,36.1069927]},"properties":{"id":500,"name":"물한계곡","detail":"물한계곡","province":"충청북도","district":"영동군","town":"상촌면","address":"충청북도 영동군 상촌면 대해리 산229","placeType":"하천","management":"일반지역","manageCode":"2","sectionM":"250.0","riskSectionM":null,"depthAvg":"1.0","depthMax":"3.0","accidents":"0","safetyAction":null,"note":null,"equipment":{"total":27,"sign":19,"rescueBox":1,"vest":2,"buoy":2,"rope":2,"pole":0},"staff":null,"coordinateCorrected":false,"sourceYear":2025}},{"type":"Feature","geometry":{"type":"Point","coordinates":[127.6073818,36.1315371]},"properties":{"id":504,"name":"장선교","detail":"장선교(수산교)","province":"충청북도","district":"영동군","town":"양산면","address":"충청북도 영동군 양산면 가선리 44-2","placeType":"하천","management":"일반지역","manageCode":"2","sectionM":"100.0","riskSectionM":null,"depthAvg":"1.0","depthMax":"3.0","accidents":"1","safetyAction":null,"note":null,"equipment":{"total":22,"sign":6,"rescueBox":3,"vest":4,"buoy":4,"rope":4,"pole":0},"staff":null,"coordinateCorrected":false,"sourceYear":2025}},{"type":"Feature","geometry":{"type":"Point","coordinates":[127.6431791,36.1324338]},"properties":{"id":505,"name":"호탄교","detail":"호탄교","province":"충청북도","district":"영동군","town":"양산면","address":"충청북도 영동군 양산면 호탄리 263-1","placeType":"하천","management":"일반지역","manageCode":"2","sectionM":"100.0","riskSectionM":null,"depthAvg":"1.0","depthMax":"2.0","accidents":"0","safetyAction":null,"note":null,"equipment":{"total":25,"sign":9,"rescueBox":3,"vest":4,"buoy":4,"rope":4,"pole":0},"staff":null,"coordinateCorrected":false,"sourceYear":2025}},{"type":"Feature","geometry":{"type":"Point","coordinates":[127.6577967,36.1334819]},"properties":{"id":506,"name":"수두리변","detail":"수두리변","province":"충청북도","district":"영동군","town":"양산면","address":"충청북도 영동군 양산면 수두리 348-1","placeType":"하천","management":"일반지역","manageCode":"2","sectionM":"200.0","riskSectionM":null,"depthAvg":"1.0","depthMax":"2.0","accidents":"0","safetyAction":null,"note":null,"equipment":{"total":27,"sign":7,"rescueBox":5,"vest":5,"buoy":5,"rope":5,"pole":0},"staff":null,"coordinateCorrected":false,"sourceYear":2025}},{"type":"Feature","geometry":{"type":"Point","coordinates":[127.6840435,36.131308]},"properties":{"id":507,"name":"봉곡교","detail":"봉곡교","province":"충청북도","district":"영동군","town":"양산면","address":"충청북도 영동군 양산면 봉곡리 407","placeType":"하천","management":"일반지역","manageCode":"2","sectionM":"100.0","riskSectionM":null,"depthAvg":"1.0","depthMax":"3.0","accidents":"0","safetyAction":null,"note":null,"equipment":{"total":20,"sign":4,"rescueBox":4,"vest":4,"buoy":4,"rope":4,"pole":0},"staff":null,"coordinateCorrected":false,"sourceYear":2025}},{"type":"Feature","geometry":{"type":"Point","coordinates":[127.7060922,36.2125137]},"properties":{"id":508,"name":"양강교","detail":"양강교(신교,구교)","province":"충청북도","district":"영동군","town":"심천면","address":"충청북도 영동군 심천면 고당리 446-2","placeType":"하천","management":"일반지역","manageCode":"2","sectionM":"150.0","riskSectionM":null,"depthAvg":"1.0","depthMax":"3.0","accidents":"0","safetyAction":null,"note":null,"equipment":{"total":30,"sign":14,"rescueBox":2,"vest":4,"buoy":4,"rope":4,"pole":0},"staff":null,"coordinateCorrected":false,"sourceYear":2025}},{"type":"Feature","geometry":{"type":"Point","coordinates":[127.7070599,36.2181228]},"properties":{"id":509,"name":"아카시아숲","detail":"아카시아숲","province":"충청북도","district":"영동군","town":"심천면","address":"충청북도 영동군 심천면 고당리 354-1","placeType":"하천","management":"일반지역","manageCode":"2","sectionM":"100.0","riskSectionM":null,"depthAvg":"1.0","depthMax":"3.0","accidents":"0","safetyAction":null,"note":null,"equipment":{"total":16,"sign":8,"rescueBox":2,"vest":2,"buoy":2,"rope":2,"pole":0},"staff":null,"coordinateCorrected":false,"sourceYear":2025}},{"type":"Feature","geometry":{"type":"Point","coordinates":[127.7018497,36.1891702]},"properties":{"id":510,"name":"관어대","detail":"관어대","province":"충청북도","district":"영동군","town":"심천면","address":"충청북도 영동군 심천면 기호리 328","placeType":"하천","management":"일반지역","manageCode":"2","sectionM":"100.0","riskSectionM":null,"depthAvg":"1.0","depthMax":"3.0","accidents":"0","safetyAction":null,"note":null,"equipment":{"total":20,"sign":8,"rescueBox":3,"vest":3,"buoy":3,"rope":3,"pole":0},"staff":null,"coordinateCorrected":false,"sourceYear":2025}},{"type":"Feature","geometry":{"type":"Point","coordinates":[127.7105312,36.2353408]},"properties":{"id":512,"name":"날근이다리","detail":"날근이 다리 밑 (고속철도 밑 포함)","province":"충청북도","district":"영동군","town":"심천면","address":"충청북도 영동군 심천면  고당리 92-10","placeType":"하천","management":"일반지역","manageCode":"2","sectionM":"100.0","riskSectionM":null,"depthAvg":"1.0","depthMax":"3.0","accidents":"0","safetyAction":null,"note":null,"equipment":{"total":54,"sign":22,"rescueBox":6,"vest":8,"buoy":8,"rope":8,"pole":0},"staff":null,"coordinateCorrected":false,"sourceYear":2025}},{"type":"Feature","geometry":{"type":"Point","coordinates":[127.3786185,36.8832106]},"properties":{"id":513,"name":"상송보","detail":"상송보 주변","province":"충청북도","district":"진천군","town":"백곡면","address":"충청북도 진천군 백곡면 석현리 296-2","placeType":"하천","management":"일반지역","manageCode":"2","sectionM":"200.0","riskSectionM":null,"depthAvg":"1.0","depthMax":"2.0","accidents":"0","safetyAction":null,"note":null,"equipment":{"total":9,"sign":3,"rescueBox":1,"vest":2,"buoy":1,"rope":2,"pole":0},"staff":null,"coordinateCorrected":false,"sourceYear":2025}},{"type":"Feature","geometry":{"type":"Point","coordinates":[127.3654478,36.8885731]},"properties":{"id":514,"name":"지곡보","detail":"용진교 밑","province":"충청북도","district":"진천군","town":"백곡면","address":"충청북도 진천군 백곡면 용덕리 89-13","placeType":"하천","management":"일반지역","manageCode":"2","sectionM":"240.0","riskSectionM":null,"depthAvg":"1.0","depthMax":"2.0","accidents":"0","safetyAction":null,"note":null,"equipment":{"total":14,"sign":3,"rescueBox":2,"vest":4,"buoy":2,"rope":3,"pole":0},"staff":null,"coordinateCorrected":false,"sourceYear":2025}},{"type":"Feature","geometry":{"type":"Point","coordinates":[127.8935993,36.7807352]},"properties":{"id":516,"name":"외쌍유원지","detail":"외쌍유원지","province":"충청북도","district":"괴산군","town":"칠성면","address":"충청북도 괴산군 칠성면 칠성면 태성리 583","placeType":"하천","management":"일반지역","manageCode":"2","sectionM":"150.0","riskSectionM":null,"depthAvg":"0.5","depthMax":"1.2","accidents":"0","safetyAction":null,"note":null,"equipment":{"total":31,"sign":3,"rescueBox":3,"vest":20,"buoy":2,"rope":2,"pole":0},"staff":null,"coordinateCorrected":false,"sourceYear":2025}},{"type":"Feature","geometry":{"type":"Point","coordinates":[127.8181419,36.706346]},"properties":{"id":517,"name":"용추폭포","detail":"용추폭포","province":"충청북도","district":"괴산군","town":"청천면","address":"충청북도 괴산군 청천면 청천면 후영리 6-1","placeType":"계곡","management":"일반지역","manageCode":"2","sectionM":"50.0","riskSectionM":null,"depthAvg":"2.0","depthMax":"3.0","accidents":"3","safetyAction":null,"note":null,"equipment":{"total":13,"sign":10,"rescueBox":1,"vest":0,"buoy":1,"rope":1,"pole":0},"staff":null,"coordinateCorrected":false,"sourceYear":2025}},{"type":"Feature","geometry":{"type":"Point","coordinates":[127.8033109,36.7127742]},"properties":{"id":518,"name":"부수머리골","detail":"부수머리골","province":"충청북도","district":"괴산군","town":"청천면","address":"충청북도 괴산군 청천면 청천면 지촌리 28-1","placeType":"하천","management":"일반지역","manageCode":"2","sectionM":"100.0","riskSectionM":null,"depthAvg":"1.2","depthMax":"1.5","accidents":"1","safetyAction":null,"note":null,"equipment":{"total":16,"sign":3,"rescueBox":1,"vest":10,"buoy":1,"rope":1,"pole":0},"staff":null,"coordinateCorrected":false,"sourceYear":2025}},{"type":"Feature","geometry":{"type":"Point","coordinates":[127.8045081,36.6975112]},"properties":{"id":519,"name":"후영나루터","detail":"후영나루터","province":"충청북도","district":"괴산군","town":"청천면","address":"충청북도 괴산군 청천면 청천면 후영리 145-1","placeType":"하천","management":"일반지역","manageCode":"2","sectionM":"100.0","riskSectionM":null,"depthAvg":"1.5","depthMax":"2.0","accidents":"1","safetyAction":null,"note":null,"equipment":{"total":17,"sign":2,"rescueBox":2,"vest":10,"buoy":2,"rope":1,"pole":0},"staff":null,"coordinateCorrected":false,"sourceYear":2025}},{"type":"Feature","geometry":{"type":"Point","coordinates":[127.8047863,36.6810219]},"properties":{"id":520,"name":"화양1교","detail":"화양1교","province":"충청북도","district":"괴산군","town":"청천면","address":"충청북도 괴산군 청천면 청천면 화양리 472","placeType":"계곡","management":"일반지역","manageCode":"2","sectionM":"100.0","riskSectionM":null,"depthAvg":"1.0","depthMax":"2.0","accidents":"3","safetyAction":null,"note":null,"equipment":{"total":23,"sign":2,"rescueBox":2,"vest":15,"buoy":2,"rope":2,"pole":0},"staff":null,"coordinateCorrected":false,"sourceYear":2025}},{"type":"Feature","geometry":{"type":"Point","coordinates":[127.7823931,36.6842002]},"properties":{"id":521,"name":"도원교","detail":"도원교","province":"충청북도","district":"괴산군","town":"청천면","address":"충청북도 괴산군 청천면 도원리 422-1","placeType":"하천","management":"일반지역","manageCode":"2","sectionM":"50.0","riskSectionM":null,"depthAvg":"1.5","depthMax":"2.5","accidents":"1","safetyAction":null,"note":null,"equipment":{"total":15,"sign":6,"rescueBox":2,"vest":5,"buoy":1,"rope":1,"pole":0},"staff":null,"coordinateCorrected":false,"sourceYear":2025}},{"type":"Feature","geometry":{"type":"Point","coordinates":[127.7493819,36.6570876]},"properties":{"id":522,"name":"후평강수욕장","detail":"후평강수욕장","province":"충청북도","district":"괴산군","town":"청천면","address":"충청북도 괴산군 청천면 청천면 후평리 224","placeType":"하천","management":"일반지역","manageCode":"2","sectionM":"50.0","riskSectionM":null,"depthAvg":"1.2","depthMax":"1.5","accidents":"0","safetyAction":null,"note":null,"equipment":{"total":19,"sign":3,"rescueBox":2,"vest":10,"buoy":2,"rope":2,"pole":0},"staff":null,"coordinateCorrected":false,"sourceYear":2025}},{"type":"Feature","geometry":{"type":"Point","coordinates":[127.8089331,36.6248971]},"properties":{"id":523,"name":"사담유원지","detail":"사담유원지","province":"충청북도","district":"괴산군","town":"청천면","address":"충청북도 괴산군 청천면 청천면 사담리 42-8","placeType":"하천","management":"일반지역","manageCode":"2","sectionM":"50.0","riskSectionM":null,"depthAvg":"1.2","depthMax":"2.0","accidents":"4","safetyAction":null,"note":null,"equipment":{"total":25,"sign":4,"rescueBox":2,"vest":15,"buoy":2,"rope":1,"pole":0},"staff":null,"coordinateCorrected":false,"sourceYear":2025}},{"type":"Feature","geometry":{"type":"Point","coordinates":[127.8567213,36.8753204]},"properties":{"id":524,"name":"목도강수욕장","detail":"목도강수욕장","province":"충청북도","district":"괴산군","town":"불정면","address":"충청북도 괴산군 불정면 불정면 목도리 864-19","placeType":"하천","management":"일반지역","manageCode":"2","sectionM":"50.0","riskSectionM":null,"depthAvg":"1.2","depthMax":"1.7","accidents":"0","safetyAction":null,"note":null,"equipment":{"total":21,"sign":3,"rescueBox":4,"vest":10,"buoy":2,"rope":2,"pole":0},"staff":null,"coordinateCorrected":false,"sourceYear":2025}},{"type":"Feature","geometry":{"type":"Point","coordinates":[127.6343734,37.049903]},"properties":{"id":525,"name":"외계수계곡","detail":"차곡리 오얏골","province":"충청북도","district":"음성군","town":"생극면","address":"충청북도 음성군 생극면 차곡리 611-1","placeType":"계곡","management":"일반지역","manageCode":"2","sectionM":"10.0","riskSectionM":null,"depthAvg":"1.0","depthMax":"2.5","accidents":"0","safetyAction":null,"note":null,"equipment":{"total":45,"sign":2,"rescueBox":3,"vest":22,"buoy":17,"rope":1,"pole":0},"staff":null,"coordinateCorrected":false,"sourceYear":2025}},{"type":"Feature","geometry":{"type":"Point","coordinates":[128.5036107,37.0554152]},"properties":{"id":526,"name":"남천계곡","detail":"남천솔밭공원앞","province":"충청북도","district":"단양군","town":"영춘면","address":"충청북도 단양군 영춘면 남천리 483-1","placeType":"계곡","management":"일반지역","manageCode":"2","sectionM":"70.0","riskSectionM":null,"depthAvg":"1.0","depthMax":"1.5","accidents":"0","safetyAction":null,"note":null,"equipment":{"total":81,"sign":7,"rescueBox":2,"vest":54,"buoy":3,"rope":2,"pole":0},"staff":null,"coordinateCorrected":false,"sourceYear":2025}},{"type":"Feature","geometry":{"type":"Point","coordinates":[128.3401766,36.8938492]},"properties":{"id":527,"name":"사인암","detail":"사인암","province":"충청북도","district":"단양군","town":"대강면","address":"충청북도 단양군 대강면 사인암리 22-26","placeType":"하천","management":"일반지역","manageCode":"2","sectionM":"300.0","riskSectionM":null,"depthAvg":"1.0","depthMax":"2.0","accidents":"2","safetyAction":null,"note":null,"equipment":{"total":157,"sign":7,"rescueBox":3,"vest":114,"buoy":9,"rope":6,"pole":0},"staff":null,"coordinateCorrected":false,"sourceYear":2025}},{"type":"Feature","geometry":{"type":"Point","coordinates":[128.3066764,36.9192723]},"properties":{"id":528,"name":"소선암","detail":"소선암휴양지","province":"충청북도","district":"단양군","town":"단성면","address":"충청북도 단양군 단성면 대잠리 356","placeType":"계곡","management":"일반지역","manageCode":"2","sectionM":"50.0","riskSectionM":null,"depthAvg":"1.0","depthMax":"2.0","accidents":"0","safetyAction":null,"note":null,"equipment":{"total":84,"sign":7,"rescueBox":1,"vest":45,"buoy":7,"rope":6,"pole":0},"staff":null,"coordinateCorrected":false,"sourceYear":2025}},{"type":"Feature","geometry":{"type":"Point","coordinates":[128.4146191,36.8481825]},"properties":{"id":529,"name":"사동유원지","detail":"사동유원지","province":"충청북도","district":"단양군","town":"대강면","address":"충청북도 단양군 대강면 사동리 62-4","placeType":"계곡","management":"일반지역","manageCode":"2","sectionM":"30.0","riskSectionM":null,"depthAvg":"0.5","depthMax":"0.5","accidents":"0","safetyAction":null,"note":null,"equipment":{"total":9,"sign":2,"rescueBox":1,"vest":2,"buoy":1,"rope":2,"pole":0},"staff":null,"coordinateCorrected":false,"sourceYear":2025}},{"type":"Feature","geometry":{"type":"Point","coordinates":[127.0931775,36.6976997]},"properties":{"id":530,"name":"풍서천","detail":"원가든 위","province":"충청남도","district":"천안","town":"천안시","address":"충청남도 천안 천안시 대덕리 420-4","placeType":"하천","management":"일반지역","manageCode":"2","sectionM":"200.0","riskSectionM":null,"depthAvg":"1.0","depthMax":"1.5","accidents":"0","safetyAction":null,"note":null,"equipment":{"total":42,"sign":14,"rescueBox":7,"vest":7,"buoy":7,"rope":7,"pole":0},"staff":null,"coordinateCorrected":false,"sourceYear":2025}},{"type":"Feature","geometry":{"type":"Point","coordinates":[127.2713324,36.8307394]},"properties":{"id":531,"name":"병천천","detail":"북면 야영장","province":"충청남도","district":"천안","town":"천안시","address":"충청남도 천안 천안시 오곡리 411-8일원","placeType":"하천","management":"일반지역","manageCode":"2","sectionM":"500.0","riskSectionM":null,"depthAvg":"1.0","depthMax":"2.0","accidents":"1","safetyAction":null,"note":null,"equipment":{"total":58,"sign":18,"rescueBox":10,"vest":10,"buoy":10,"rope":10,"pole":0},"staff":null,"coordinateCorrected":false,"sourceYear":2025}},{"type":"Feature","geometry":{"type":"Point","coordinates":[126.9977689,36.5681333]},"properties":{"id":532,"name":"마곡천","detail":"마곡사 입구","province":"충청남도","district":"공주시","town":"사곡면","address":"충청남도 공주시 사곡면 운암리 651-3","placeType":"하천","management":"일반지역","manageCode":"2","sectionM":"1000.0","riskSectionM":null,"depthAvg":"1.0","depthMax":"2.0","accidents":"0","safetyAction":null,"note":null,"equipment":{"total":8,"sign":1,"rescueBox":1,"vest":2,"buoy":2,"rope":2,"pole":0},"staff":null,"coordinateCorrected":false,"sourceYear":2025}},{"type":"Feature","geometry":{"type":"Point","coordinates":[126.955105,36.5519211]},"properties":{"id":533,"name":"유구천","detail":"유마교일원","province":"충청남도","district":"공주시","town":"유구읍","address":"충청남도 공주시 유구읍 유구리 576-6","placeType":"하천","management":"일반지역","manageCode":"2","sectionM":"50.0","riskSectionM":null,"depthAvg":"1.0","depthMax":"2.0","accidents":"0","safetyAction":null,"note":null,"equipment":{"total":16,"sign":2,"rescueBox":2,"vest":4,"buoy":4,"rope":4,"pole":0},"staff":null,"coordinateCorrected":false,"sourceYear":2025}},{"type":"Feature","geometry":{"type":"Point","coordinates":[126.995525,36.5676791]},"properties":{"id":534,"name":"상월골","detail":"상월골일원","province":"충청남도","district":"공주시","town":"유구읍","address":"충청남도 공주시 유구읍 구계리1-20","placeType":"계곡","management":"일반지역","manageCode":"2","sectionM":"200.0","riskSectionM":null,"depthAvg":"1.0","depthMax":"2.0","accidents":"0","safetyAction":null,"note":null,"equipment":{"total":8,"sign":1,"rescueBox":1,"vest":2,"buoy":2,"rope":2,"pole":0},"staff":null,"coordinateCorrected":false,"sourceYear":2025}},{"type":"Feature","geometry":{"type":"Point","coordinates":[127.0720528,36.6290415]},"properties":{"id":535,"name":"무두리","detail":"무두리 일원","province":"충청남도","district":"공주시","town":"정안면","address":"충청남도 공주시 정안면 문천리 35-1","placeType":"하천","management":"일반지역","manageCode":"2","sectionM":"70.0","riskSectionM":null,"depthAvg":"0.5","depthMax":"1.0","accidents":"0","safetyAction":null,"note":null,"equipment":{"total":14,"sign":2,"rescueBox":2,"vest":4,"buoy":4,"rope":2,"pole":0},"staff":null,"coordinateCorrected":false,"sourceYear":2025}},{"type":"Feature","geometry":{"type":"Point","coordinates":[126.6021659,36.7662018]},"properties":{"id":537,"name":"용현계곡","detail":"산수가든 위","province":"충청남도","district":"서산시","town":"운산면","address":"충청남도 서산시 운산면 용현리 165-3","placeType":"계곡","management":"일반지역","manageCode":"2","sectionM":"1500.0","riskSectionM":null,"depthAvg":"1.0","depthMax":"1.5","accidents":"1","safetyAction":null,"note":null,"equipment":{"total":35,"sign":3,"rescueBox":8,"vest":8,"buoy":8,"rope":8,"pole":0},"staff":null,"coordinateCorrected":false,"sourceYear":2025}},{"type":"Feature","geometry":{"type":"Point","coordinates":[126.5847064,36.7083704]},"properties":{"id":538,"name":"산수계곡","detail":"자연의소리 펜션 근처","province":"충청남도","district":"서산시","town":"해미면","address":"충청남도 서산시 해미면 산수리 산 44-2","placeType":"계곡","management":"일반지역","manageCode":"2","sectionM":"170.0","riskSectionM":null,"depthAvg":"1.0","depthMax":"1.0","accidents":"0","safetyAction":null,"note":null,"equipment":{"total":15,"sign":3,"rescueBox":3,"vest":3,"buoy":3,"rope":3,"pole":0},"staff":null,"coordinateCorrected":false,"sourceYear":2025}},{"type":"Feature","geometry":{"type":"Point","coordinates":[126.5858912,36.724717]},"properties":{"id":539,"name":"황락계곡","detail":"일락사 입구 주차장 근처","province":"충청남도","district":"서산시","town":"해미면","address":"충청남도 서산시 해미면 황락리 12-2","placeType":"계곡","management":"일반지역","manageCode":"2","sectionM":"600.0","riskSectionM":null,"depthAvg":"0.2","depthMax":"0.5","accidents":"0","safetyAction":null,"note":null,"equipment":{"total":1,"sign":1,"rescueBox":0,"vest":0,"buoy":0,"rope":0,"pole":0},"staff":null,"coordinateCorrected":false,"sourceYear":2025}},{"type":"Feature","geometry":{"type":"Point","coordinates":[127.2009699,36.1738275]},"properties":{"id":540,"name":"신흥교, 병암유원지 일원","detail":"병암유원지 인근","province":"충청남도","district":"논산시","town":"가야곡면","address":"충청남도 논산시 가야곡면 병암리 119-10","placeType":"하천","management":"일반지역","manageCode":"2","sectionM":"200.0","riskSectionM":null,"depthAvg":"1.0","depthMax":"2.0","accidents":"0","safetyAction":null,"note":null,"equipment":{"total":10,"sign":2,"rescueBox":2,"vest":2,"buoy":2,"rope":2,"pole":0},"staff":null,"coordinateCorrected":false,"sourceYear":2025}},{"type":"Feature","geometry":{"type":"Point","coordinates":[127.2035875,36.1560988]},"properties":{"id":541,"name":"신흥유원지 일원","detail":"신흥유원지 인근","province":"충청남도","district":"논산시","town":"양촌면","address":"충청남도 논산시 양촌면 모촌리 520","placeType":"하천","management":"일반지역","manageCode":"2","sectionM":"100.0","riskSectionM":null,"depthAvg":"1.0","depthMax":"2.0","accidents":"0","safetyAction":null,"note":null,"equipment":{"total":5,"sign":1,"rescueBox":1,"vest":1,"buoy":1,"rope":1,"pole":0},"staff":null,"coordinateCorrected":false,"sourceYear":2025}},{"type":"Feature","geometry":{"type":"Point","coordinates":[127.2245366,36.1450411]},"properties":{"id":542,"name":"예스민유원지 일원","detail":"설송공원 앞","province":"충청남도","district":"논산시","town":"양촌면","address":"충청남도 논산시 양촌면 도평리 308-1","placeType":"하천","management":"일반지역","manageCode":"2","sectionM":"100.0","riskSectionM":null,"depthAvg":"1.0","depthMax":"2.0","accidents":"0","safetyAction":null,"note":null,"equipment":{"total":5,"sign":1,"rescueBox":1,"vest":1,"buoy":1,"rope":1,"pole":0},"staff":null,"coordinateCorrected":false,"sourceYear":2025}},{"type":"Feature","geometry":{"type":"Point","coordinates":[127.2458382,36.1299381]},"properties":{"id":543,"name":"양임교, 안산보유원지 일원","detail":"양촌유원지 팬션 앞","province":"충청남도","district":"논산시","town":"양촌면","address":"충청남도 논산시 양촌면 양촌리 10","placeType":"하천","management":"일반지역","manageCode":"2","sectionM":"150.0","riskSectionM":null,"depthAvg":"1.0","depthMax":"2.0","accidents":"0","safetyAction":null,"note":null,"equipment":{"total":7,"sign":3,"rescueBox":1,"vest":1,"buoy":1,"rope":1,"pole":0},"staff":null,"coordinateCorrected":false,"sourceYear":2025}},{"type":"Feature","geometry":{"type":"Point","coordinates":[127.2931006,36.1665513]},"properties":{"id":544,"name":"덕곡유원지 일원","detail":"덕곡유원지 일원","province":"충청남도","district":"논산시","town":"벌곡면","address":"충청남도 논산시 벌곡면 덕곡리 253","placeType":"하천","management":"일반지역","manageCode":"2","sectionM":"70.0","riskSectionM":null,"depthAvg":"1.0","depthMax":"2.0","accidents":"0","safetyAction":null,"note":null,"equipment":{"total":9,"sign":1,"rescueBox":2,"vest":2,"buoy":2,"rope":2,"pole":0},"staff":null,"coordinateCorrected":false,"sourceYear":2025}},{"type":"Feature","geometry":{"type":"Point","coordinates":[127.2753434,36.1933505]},"properties":{"id":545,"name":"종점유원지 일원","detail":"유원지가든 앞","province":"충청남도","district":"논산시","town":"벌곡면","address":"충청남도 논산시 벌곡면 사정리 276-4","placeType":"하천","management":"일반지역","manageCode":"2","sectionM":"70.0","riskSectionM":null,"depthAvg":"1.0","depthMax":"2.0","accidents":"0","safetyAction":null,"note":null,"equipment":{"total":6,"sign":2,"rescueBox":1,"vest":1,"buoy":1,"rope":1,"pole":0},"staff":null,"coordinateCorrected":false,"sourceYear":2025}},{"type":"Feature","geometry":{"type":"Point","coordinates":[127.2648891,36.1956471]},"properties":{"id":546,"name":"카페벌곡 일원","detail":"카페벌곡 앞","province":"충청남도","district":"논산시","town":"벌곡면","address":"충청남도 논산시 벌곡면 사정리 461-1","placeType":"하천","management":"일반지역","manageCode":"2","sectionM":"200.0","riskSectionM":null,"depthAvg":"1.0","depthMax":"2.0","accidents":"0","safetyAction":null,"note":null,"equipment":{"total":15,"sign":0,"rescueBox":3,"vest":3,"buoy":6,"rope":3,"pole":0},"staff":null,"coordinateCorrected":false,"sourceYear":2025}},{"type":"Feature","geometry":{"type":"Point","coordinates":[127.5961536,36.1137671]},"properties":{"id":547,"name":"금강","detail":"기러기공원(원골)","province":"충청남도","district":"금산군","town":"제원면","address":"충청남도 금산군 제원면 천내리 1007-24(천)","placeType":"하천","management":"일반지역","manageCode":"2","sectionM":"400.0","riskSectionM":null,"depthAvg":"1.0","depthMax":"4.0","accidents":"2","safetyAction":null,"note":null,"equipment":{"total":43,"sign":6,"rescueBox":5,"vest":7,"buoy":7,"rope":7,"pole":2},"staff":null,"coordinateCorrected":false,"sourceYear":2025}},{"type":"Feature","geometry":{"type":"Point","coordinates":[127.5676305,36.1109207]},"properties":{"id":548,"name":"금강","detail":"난들 다리인근","province":"충청남도","district":"금산군","town":"제원면","address":"충청남도 금산군 제원면 천내리 1007(천)","placeType":"하천","management":"일반지역","manageCode":"2","sectionM":"300.0","riskSectionM":null,"depthAvg":"1.0","depthMax":"3.0","accidents":"0","safetyAction":null,"note":null,"equipment":{"total":25,"sign":5,"rescueBox":2,"vest":3,"buoy":3,"rope":3,"pole":2},"staff":null,"coordinateCorrected":false,"sourceYear":2025}},{"type":"Feature","geometry":{"type":"Point","coordinates":[127.5958812,36.0678604]},"properties":{"id":549,"name":"금강","detail":"강나루식당 앞","province":"충청남도","district":"금산군","town":"부리면","address":"충청남도 금산군 부리면 수통리 199-1(천)","placeType":"하천","management":"일반지역","manageCode":"2","sectionM":"800.0","riskSectionM":null,"depthAvg":"1.0","depthMax":"4.0","accidents":"0","safetyAction":null,"note":null,"equipment":{"total":45,"sign":6,"rescueBox":5,"vest":7,"buoy":7,"rope":7,"pole":2},"staff":null,"coordinateCorrected":false,"sourceYear":2025}},{"type":"Feature","geometry":{"type":"Point","coordinates":[127.5695956,36.0770843]},"properties":{"id":550,"name":"금강","detail":"무지개다리 인근","province":"충청남도","district":"금산군","town":"부리면","address":"충청남도 금산군 부리면 평촌리 119-3(천)","placeType":"하천","management":"일반지역","manageCode":"2","sectionM":"400.0","riskSectionM":null,"depthAvg":"1.0","depthMax":"4.0","accidents":"2","safetyAction":null,"note":null,"equipment":{"total":24,"sign":2,"rescueBox":3,"vest":3,"buoy":3,"rope":3,"pole":2},"staff":null,"coordinateCorrected":false,"sourceYear":2025}},{"type":"Feature","geometry":{"type":"Point","coordinates":[127.3809717,36.2602532]},"properties":{"id":551,"name":"유등천","detail":"구만마을 다리 인근","province":"충청남도","district":"금산군","town":"복수면","address":"충청남도 금산군 복수면 지량리 599(천)","placeType":"하천","management":"일반지역","manageCode":"2","sectionM":"920.0","riskSectionM":null,"depthAvg":"1.0","depthMax":"4.0","accidents":"2","safetyAction":null,"note":null,"equipment":{"total":50,"sign":9,"rescueBox":6,"vest":7,"buoy":7,"rope":7,"pole":2},"staff":null,"coordinateCorrected":false,"sourceYear":2025}},{"type":"Feature","geometry":{"type":"Point","coordinates":[127.6094251,36.0383432]},"properties":{"id":553,"name":"금강","detail":"방우리교 인근","province":"충청남도","district":"금산군","town":"부리면","address":"충청남도 금산군 부리면 방우리 산16-1","placeType":"하천","management":"일반지역","manageCode":"2","sectionM":"900.0","riskSectionM":null,"depthAvg":"1.0","depthMax":"4.0","accidents":"1","safetyAction":null,"note":null,"equipment":{"total":0,"sign":0,"rescueBox":0,"vest":0,"buoy":0,"rope":0,"pole":0},"staff":null,"coordinateCorrected":false,"sourceYear":2025}},{"type":"Feature","geometry":{"type":"Point","coordinates":[126.8382235,36.3984533]},"properties":{"id":554,"name":"돌보상부","detail":"돌보상부","province":"충청남도","district":"청양군","town":"대치면","address":"충청남도 청양군 대치면 대치면 장곡리 322-13","placeType":"하천","management":"일반지역","manageCode":"2","sectionM":"50.0","riskSectionM":null,"depthAvg":"2.0","depthMax":"3.0","accidents":"0","safetyAction":null,"note":null,"equipment":{"total":11,"sign":1,"rescueBox":1,"vest":2,"buoy":2,"rope":2,"pole":2},"staff":null,"coordinateCorrected":false,"sourceYear":2025}},{"type":"Feature","geometry":{"type":"Point","coordinates":[126.8407452,36.3976233]},"properties":{"id":555,"name":"물레방앗간 일원","detail":"물레방앗간 일원","province":"충청남도","district":"청양군","town":"대치면","address":"충청남도 청양군 대치면 대치면 개곡리138-2","placeType":"하천","management":"일반지역","manageCode":"2","sectionM":"200.0","riskSectionM":null,"depthAvg":"1.0","depthMax":"1.0","accidents":"0","safetyAction":null,"note":null,"equipment":{"total":73,"sign":6,"rescueBox":5,"vest":25,"buoy":10,"rope":15,"pole":6},"staff":null,"coordinateCorrected":false,"sourceYear":2025}},{"type":"Feature","geometry":{"type":"Point","coordinates":[126.849203,36.3975486]},"properties":{"id":556,"name":"장곡교 인근","detail":"장곡교인근","province":"충청남도","district":"청양군","town":"대치면","address":"충청남도 청양군 대치면 대치면 작천리 136-2","placeType":"하천","management":"일반지역","manageCode":"2","sectionM":"100.0","riskSectionM":null,"depthAvg":"2.0","depthMax":"2.0","accidents":"0","safetyAction":null,"note":null,"equipment":{"total":15,"sign":1,"rescueBox":2,"vest":4,"buoy":2,"rope":3,"pole":2},"staff":null,"coordinateCorrected":false,"sourceYear":2025}},{"type":"Feature","geometry":{"type":"Point","coordinates":[126.860079,36.392852]},"properties":{"id":557,"name":"까치내 유원지","detail":"까치내유원지","province":"충청남도","district":"청양군","town":"대치면","address":"충청남도 청양군 대치면 대치면 작천리 137","placeType":"하천","management":"일반지역","manageCode":"2","sectionM":"200.0","riskSectionM":null,"depthAvg":"2.0","depthMax":"2.0","accidents":"0","safetyAction":null,"note":null,"equipment":{"total":237,"sign":7,"rescueBox":4,"vest":175,"buoy":20,"rope":15,"pole":7},"staff":null,"coordinateCorrected":false,"sourceYear":2025}},{"type":"Feature","geometry":{"type":"Point","coordinates":[126.8588461,36.3932095]},"properties":{"id":558,"name":"흥부네가든 앞","detail":"흥부네가든 앞","province":"충청남도","district":"청양군","town":"대치면","address":"충청남도 청양군 대치면 대치면 작천리 58-1","placeType":"하천","management":"일반지역","manageCode":"2","sectionM":"100.0","riskSectionM":null,"depthAvg":"2.0","depthMax":"2.0","accidents":"0","safetyAction":null,"note":null,"equipment":{"total":18,"sign":2,"rescueBox":2,"vest":4,"buoy":3,"rope":3,"pole":3},"staff":null,"coordinateCorrected":false,"sourceYear":2025}},{"type":"Feature","geometry":{"type":"Point","coordinates":[126.9655425,35.6188717]},"properties":{"id":559,"name":"대칠교","detail":"대칠교","province":"전북특별자치도","district":"정읍시","town":"옹동","address":"전북특별자치도 정읍시 옹동 산성리 597-11","placeType":"하천","management":"일반지역","manageCode":"2","sectionM":"100.0","riskSectionM":null,"depthAvg":"1.0","depthMax":"2.0","accidents":"0","safetyAction":null,"note":null,"equipment":{"total":37,"sign":2,"rescueBox":1,"vest":17,"buoy":10,"rope":4,"pole":0},"staff":null,"coordinateCorrected":false,"sourceYear":2025}},{"type":"Feature","geometry":{"type":"Point","coordinates":[126.9858084,35.6082376]},"properties":{"id":560,"name":"고현교","detail":"고현교 다리","province":"전북특별자치도","district":"정읍시","town":"칠보","address":"전북특별자치도 정읍시 칠보 무성리 75-27","placeType":"하천","management":"일반지역","manageCode":"2","sectionM":"100.0","riskSectionM":null,"depthAvg":"1.0","depthMax":"2.0","accidents":"0","safetyAction":null,"note":null,"equipment":{"total":70,"sign":2,"rescueBox":2,"vest":46,"buoy":10,"rope":4,"pole":0},"staff":null,"coordinateCorrected":false,"sourceYear":2025}},{"type":"Feature","geometry":{"type":"Point","coordinates":[127.0211383,35.5505325]},"properties":{"id":561,"name":"구절초다리","detail":"구절초다리","province":"전북특별자치도","district":"정읍시","town":"산내","address":"전북특별자치도 정읍시 산내 매죽리 583-2","placeType":"하천","management":"일반지역","manageCode":"2","sectionM":"300.0","riskSectionM":null,"depthAvg":"1.0","depthMax":"2.0","accidents":"1","safetyAction":null,"note":null,"equipment":{"total":56,"sign":2,"rescueBox":1,"vest":35,"buoy":7,"rope":4,"pole":0},"staff":null,"coordinateCorrected":false,"sourceYear":2025}},{"type":"Feature","geometry":{"type":"Point","coordinates":[127.0197463,35.5501171]},"properties":{"id":562,"name":"진상골","detail":"매죽가든앞","province":"전북특별자치도","district":"정읍시","town":"산내","address":"전북특별자치도 정읍시 산내 매죽리 985-18","placeType":"하천","management":"일반지역","manageCode":"2","sectionM":"200.0","riskSectionM":null,"depthAvg":"0.5","depthMax":"0.5","accidents":"0","safetyAction":null,"note":null,"equipment":{"total":33,"sign":2,"rescueBox":0,"vest":16,"buoy":8,"rope":4,"pole":0},"staff":null,"coordinateCorrected":false,"sourceYear":2025}},{"type":"Feature","geometry":{"type":"Point","coordinates":[126.9267854,35.6495501]},"properties":{"id":563,"name":"대각교","detail":"대각교","province":"전북특별자치도","district":"정읍시","town":"태인","address":"전북특별자치도 정읍시 태인 태창리 522-4","placeType":"하천","management":"일반지역","manageCode":"2","sectionM":"100.0","riskSectionM":null,"depthAvg":"0.5","depthMax":"0.5","accidents":"0","safetyAction":null,"note":null,"equipment":{"total":55,"sign":3,"rescueBox":1,"vest":30,"buoy":14,"rope":4,"pole":0},"staff":null,"coordinateCorrected":false,"sourceYear":2025}},{"type":"Feature","geometry":{"type":"Point","coordinates":[127.6195655,35.409436]},"properties":{"id":564,"name":"산내계곡","detail":"털보가든 앞","province":"전북특별자치도","district":"남원시","town":"산내면","address":"전북특별자치도 남원시 산내면 입석리 726","placeType":"계곡","management":"일반지역","manageCode":"2","sectionM":"130.0","riskSectionM":null,"depthAvg":"1.0","depthMax":"2.0","accidents":"0","safetyAction":null,"note":null,"equipment":{"total":11,"sign":2,"rescueBox":2,"vest":2,"buoy":2,"rope":2,"pole":0},"staff":null,"coordinateCorrected":false,"sourceYear":2025}},{"type":"Feature","geometry":{"type":"Point","coordinates":[127.618451,35.4078882]},"properties":{"id":565,"name":"산내계곡","detail":"토비스야영장 앞","province":"전북특별자치도","district":"남원시","town":"산내면","address":"전북특별자치도 남원시 산내면 장항리 324-1","placeType":"계곡","management":"일반지역","manageCode":"2","sectionM":"130.0","riskSectionM":null,"depthAvg":"1.0","depthMax":"2.0","accidents":"0","safetyAction":null,"note":null,"equipment":{"total":10,"sign":1,"rescueBox":2,"vest":2,"buoy":2,"rope":2,"pole":0},"staff":null,"coordinateCorrected":false,"sourceYear":2025}},{"type":"Feature","geometry":{"type":"Point","coordinates":[127.6078616,35.4003783]},"properties":{"id":566,"name":"산내계곡","detail":"소윤정 펜션(구 평생가든)","province":"전북특별자치도","district":"남원시","town":"산내면","address":"전북특별자치도 남원시 산내면 내령리 90-2","placeType":"계곡","management":"일반지역","manageCode":"2","sectionM":"170.0","riskSectionM":null,"depthAvg":"1.0","depthMax":"2.0","accidents":"1","safetyAction":null,"note":null,"equipment":{"total":6,"sign":1,"rescueBox":1,"vest":1,"buoy":1,"rope":1,"pole":0},"staff":null,"coordinateCorrected":false,"sourceYear":2025}},{"type":"Feature","geometry":{"type":"Point","coordinates":[127.5999115,35.3991653]},"properties":{"id":567,"name":"산내계곡","detail":"천왕봉식당 앞(황해소)","province":"전북특별자치도","district":"남원시","town":"산내면","address":"전북특별자치도 남원시 산내면 내령리 414-3","placeType":"계곡","management":"일반지역","manageCode":"2","sectionM":"100.0","riskSectionM":null,"depthAvg":"2.0","depthMax":"2.0","accidents":"0","safetyAction":null,"note":null,"equipment":{"total":10,"sign":1,"rescueBox":2,"vest":2,"buoy":2,"rope":2,"pole":0},"staff":null,"coordinateCorrected":false,"sourceYear":2025}},{"type":"Feature","geometry":{"type":"Point","coordinates":[127.5990147,35.3970456]},"properties":{"id":568,"name":"산내계곡","detail":"빗기재폭포 아래","province":"전북특별자치도","district":"남원시","town":"산내면","address":"전북특별자치도 남원시 산내면 내령리 473","placeType":"계곡","management":"일반지역","manageCode":"2","sectionM":"100.0","riskSectionM":null,"depthAvg":"1.0","depthMax":"2.0","accidents":"0","safetyAction":null,"note":null,"equipment":{"total":6,"sign":1,"rescueBox":1,"vest":1,"buoy":1,"rope":1,"pole":0},"staff":null,"coordinateCorrected":false,"sourceYear":2025}},{"type":"Feature","geometry":{"type":"Point","coordinates":[127.6442994,35.4121379]},"properties":{"id":569,"name":"산내계곡","detail":"산내들펜션 앞","province":"전북특별자치도","district":"남원시","town":"산내면","address":"전북특별자치도 남원시 산내면 백일리 122","placeType":"계곡","management":"일반지역","manageCode":"2","sectionM":"160.0","riskSectionM":null,"depthAvg":"1.0","depthMax":"1.0","accidents":"0","safetyAction":null,"note":null,"equipment":{"total":6,"sign":1,"rescueBox":1,"vest":1,"buoy":1,"rope":1,"pole":0},"staff":null,"coordinateCorrected":false,"sourceYear":2025}},{"type":"Feature","geometry":{"type":"Point","coordinates":[127.4785776,35.5229745]},"properties":{"id":571,"name":"요천","detail":"북치골계곡","province":"전북특별자치도","district":"남원시","town":"산동면","address":"전북특별자치도 남원시 산동면 대상리 715-2","placeType":"계곡","management":"일반지역","manageCode":"2","sectionM":"50.0","riskSectionM":null,"depthAvg":"2.0","depthMax":"3.0","accidents":"1","safetyAction":null,"note":null,"equipment":{"total":8,"sign":1,"rescueBox":1,"vest":1,"buoy":3,"rope":1,"pole":0},"staff":null,"coordinateCorrected":false,"sourceYear":2025}},{"type":"Feature","geometry":{"type":"Point","coordinates":[127.0455967,35.7193435]},"properties":{"id":572,"name":"금산천(금산사 내)","detail":"하천","province":"전북특별자치도","district":"김제시","town":"금산면","address":"전북특별자치도 김제시 금산면 금산리 482","placeType":"하천","management":"일반지역","manageCode":"2","sectionM":"200.0","riskSectionM":null,"depthAvg":"1.0","depthMax":"1.3","accidents":"0","safetyAction":null,"note":"신규지정요청","equipment":{"total":7,"sign":1,"rescueBox":0,"vest":0,"buoy":3,"rope":0,"pole":0},"staff":null,"coordinateCorrected":false,"sourceYear":2025}},{"type":"Feature","geometry":{"type":"Point","coordinates":[127.2045861,35.9718394]},"properties":{"id":573,"name":"남봉교","detail":null,"province":"전북특별자치도","district":"완주군","town":"고산면","address":"전북특별자치도 완주군 고산면 읍내리 934-2","placeType":"하천","management":"일반지역","manageCode":"2","sectionM":"80.0","riskSectionM":null,"depthAvg":"1.0","depthMax":"2.0","accidents":"0","safetyAction":null,"note":null,"equipment":{"total":21,"sign":6,"rescueBox":1,"vest":6,"buoy":5,"rope":1,"pole":0},"staff":null,"coordinateCorrected":false,"sourceYear":2025}},{"type":"Feature","geometry":{"type":"Point","coordinates":[127.2038854,35.9703602]},"properties":{"id":574,"name":"남봉교 2","detail":null,"province":"전북특별자치도","district":"완주군","town":"고산면","address":"전북특별자치도 완주군 고산면 남봉리 1-1","placeType":"하천","management":"일반지역","manageCode":"2","sectionM":"80.0","riskSectionM":null,"depthAvg":"1.0","depthMax":"2.0","accidents":"0","safetyAction":null,"note":null,"equipment":{"total":0,"sign":0,"rescueBox":0,"vest":0,"buoy":0,"rope":0,"pole":0},"staff":null,"coordinateCorrected":false,"sourceYear":2025}},{"type":"Feature","geometry":{"type":"Point","coordinates":[127.2518457,35.9816707]},"properties":{"id":575,"name":"쌍암가든","detail":null,"province":"전북특별자치도","district":"완주군","town":"고산면","address":"전북특별자치도 완주군 고산면 소향리 811-1","placeType":"하천","management":"일반지역","manageCode":"2","sectionM":"100.0","riskSectionM":null,"depthAvg":"1.0","depthMax":"2.5","accidents":"0","safetyAction":null,"note":null,"equipment":{"total":0,"sign":0,"rescueBox":0,"vest":0,"buoy":0,"rope":0,"pole":0},"staff":null,"coordinateCorrected":false,"sourceYear":2025}},{"type":"Feature","geometry":{"type":"Point","coordinates":[127.2149283,35.9752104]},"properties":{"id":576,"name":"오성교","detail":null,"province":"전북특별자치도","district":"완주군","town":"고산면","address":"전북특별자치도 완주군 고산면 읍내리 153-1","placeType":"하천","management":"일반지역","manageCode":"2","sectionM":"100.0","riskSectionM":null,"depthAvg":"1.0","depthMax":"2.0","accidents":"0","safetyAction":null,"note":null,"equipment":{"total":79,"sign":3,"rescueBox":2,"vest":70,"buoy":1,"rope":2,"pole":0},"staff":null,"coordinateCorrected":false,"sourceYear":2025}},{"type":"Feature","geometry":{"type":"Point","coordinates":[127.2361043,35.9895481]},"properties":{"id":577,"name":"청수원","detail":null,"province":"전북특별자치도","district":"완주군","town":"고산면","address":"전북특별자치도 완주군 고산면 삼기리 40-5","placeType":"하천","management":"일반지역","manageCode":"2","sectionM":"50.0","riskSectionM":null,"depthAvg":"1.0","depthMax":"2.0","accidents":"0","safetyAction":null,"note":null,"equipment":{"total":22,"sign":3,"rescueBox":0,"vest":5,"buoy":2,"rope":1,"pole":0},"staff":null,"coordinateCorrected":false,"sourceYear":2025}},{"type":"Feature","geometry":{"type":"Point","coordinates":[127.2512367,35.9826003]},"properties":{"id":578,"name":"대아관광농원","detail":null,"province":"전북특별자치도","district":"완주군","town":"고산면","address":"전북특별자치도 완주군 고산면 소향리 880-73","placeType":"하천","management":"일반지역","manageCode":"2","sectionM":"100.0","riskSectionM":null,"depthAvg":"1.0","depthMax":"2.5","accidents":"1","safetyAction":null,"note":null,"equipment":{"total":45,"sign":10,"rescueBox":1,"vest":8,"buoy":4,"rope":1,"pole":0},"staff":null,"coordinateCorrected":false,"sourceYear":2025}},{"type":"Feature","geometry":{"type":"Point","coordinates":[127.259535,36.1010703]},"properties":{"id":579,"name":"청룡가든","detail":null,"province":"전북특별자치도","district":"완주군","town":"운주면","address":"전북특별자치도 완주군 운주면 완창리 661-8","placeType":"하천","management":"일반지역","manageCode":"2","sectionM":"80.0","riskSectionM":null,"depthAvg":"1.0","depthMax":"1.5","accidents":"0","safetyAction":null,"note":null,"equipment":{"total":11,"sign":2,"rescueBox":1,"vest":2,"buoy":2,"rope":1,"pole":0},"staff":null,"coordinateCorrected":false,"sourceYear":2025}},{"type":"Feature","geometry":{"type":"Point","coordinates":[127.2600751,36.0994601]},"properties":{"id":580,"name":"호성골","detail":null,"province":"전북특별자치도","district":"완주군","town":"운주면","address":"전북특별자치도 완주군 운주면 완창리 664-1","placeType":"하천","management":"일반지역","manageCode":"2","sectionM":"50.0","riskSectionM":null,"depthAvg":"1.0","depthMax":"1.5","accidents":"0","safetyAction":null,"note":null,"equipment":{"total":176,"sign":2,"rescueBox":0,"vest":150,"buoy":2,"rope":1,"pole":0},"staff":null,"coordinateCorrected":false,"sourceYear":2025}},{"type":"Feature","geometry":{"type":"Point","coordinates":[127.2760899,36.0826464]},"properties":{"id":581,"name":"호꼬배기","detail":null,"province":"전북특별자치도","district":"완주군","town":"운주면","address":"전북특별자치도 완주군 운주면 장선리 722-5","placeType":"계곡","management":"일반지역","manageCode":"2","sectionM":"50.0","riskSectionM":null,"depthAvg":"1.0","depthMax":"1.5","accidents":"0","safetyAction":null,"note":null,"equipment":{"total":182,"sign":3,"rescueBox":2,"vest":150,"buoy":5,"rope":1,"pole":0},"staff":null,"coordinateCorrected":false,"sourceYear":2025}},{"type":"Feature","geometry":{"type":"Point","coordinates":[127.2998241,36.070157]},"properties":{"id":582,"name":"금고당계곡","detail":null,"province":"전북특별자치도","district":"완주군","town":"운주면","address":"전북특별자치도 완주군 운주면 금당리 770-1","placeType":"하천","management":"일반지역","manageCode":"2","sectionM":"80.0","riskSectionM":null,"depthAvg":"1.0","depthMax":"1.5","accidents":"0","safetyAction":null,"note":null,"equipment":{"total":38,"sign":1,"rescueBox":0,"vest":33,"buoy":2,"rope":1,"pole":0},"staff":null,"coordinateCorrected":false,"sourceYear":2025}},{"type":"Feature","geometry":{"type":"Point","coordinates":[127.3261827,36.061313]},"properties":{"id":583,"name":"솔뫼농원","detail":null,"province":"전북특별자치도","district":"완주군","town":"운주면","address":"전북특별자치도 완주군 운주면 금당리 96","placeType":"하천","management":"일반지역","manageCode":"2","sectionM":"60.0","riskSectionM":null,"depthAvg":"1.0","depthMax":"1.5","accidents":"1","safetyAction":null,"note":null,"equipment":{"total":7,"sign":1,"rescueBox":0,"vest":0,"buoy":3,"rope":1,"pole":0},"staff":null,"coordinateCorrected":false,"sourceYear":2025}},{"type":"Feature","geometry":{"type":"Point","coordinates":[127.3150861,36.09542]},"properties":{"id":584,"name":"옥계정","detail":null,"province":"전북특별자치도","district":"완주군","town":"운주면","address":"전북특별자치도 완주군 운주면 산북리 819-2","placeType":"계곡","management":"일반지역","manageCode":"2","sectionM":"60.0","riskSectionM":null,"depthAvg":"1.0","depthMax":"3.0","accidents":"1","safetyAction":null,"note":null,"equipment":{"total":28,"sign":3,"rescueBox":1,"vest":20,"buoy":2,"rope":1,"pole":0},"staff":null,"coordinateCorrected":false,"sourceYear":2025}},{"type":"Feature","geometry":{"type":"Point","coordinates":[127.3117403,36.0964709]},"properties":{"id":585,"name":"옥계천","detail":null,"province":"전북특별자치도","district":"완주군","town":"운주면","address":"전북특별자치도 완주군 운주면 산북리 산 124","placeType":"계곡","management":"일반지역","manageCode":"2","sectionM":"30.0","riskSectionM":null,"depthAvg":"1.0","depthMax":"3.0","accidents":"1","safetyAction":null,"note":null,"equipment":{"total":6,"sign":1,"rescueBox":0,"vest":2,"buoy":2,"rope":0,"pole":0},"staff":null,"coordinateCorrected":false,"sourceYear":2025}},{"type":"Feature","geometry":{"type":"Point","coordinates":[127.2639653,36.0968673]},"properties":{"id":586,"name":"솔밭가든","detail":null,"province":"전북특별자치도","district":"완주군","town":"운주면","address":"전북특별자치도 완주군 운주면 완창리 359-1","placeType":"계곡","management":"일반지역","manageCode":"2","sectionM":"100.0","riskSectionM":null,"depthAvg":"1.0","depthMax":"1.5","accidents":"1","safetyAction":null,"note":null,"equipment":{"total":10,"sign":1,"rescueBox":0,"vest":4,"buoy":2,"rope":1,"pole":0},"staff":null,"coordinateCorrected":false,"sourceYear":2025}},{"type":"Feature","geometry":{"type":"Point","coordinates":[127.3310519,36.0927418]},"properties":{"id":587,"name":"강변가든","detail":null,"province":"전북특별자치도","district":"완주군","town":"운주면","address":"전북특별자치도 완주군 운주면 산북리 689","placeType":"계곡","management":"일반지역","manageCode":"2","sectionM":"50.0","riskSectionM":null,"depthAvg":"1.0","depthMax":"2.0","accidents":"0","safetyAction":null,"note":"신규지정요청","equipment":{"total":0,"sign":0,"rescueBox":0,"vest":0,"buoy":0,"rope":0,"pole":0},"staff":null,"coordinateCorrected":false,"sourceYear":2025}},{"type":"Feature","geometry":{"type":"Point","coordinates":[127.2958878,35.9612346]},"properties":{"id":588,"name":"용소계곡","detail":null,"province":"전북특별자치도","district":"완주군","town":"동상면","address":"전북특별자치도 완주군 동상면 신월리 282-6","placeType":"계곡","management":"일반지역","manageCode":"2","sectionM":"50.0","riskSectionM":null,"depthAvg":"1.0","depthMax":"2.0","accidents":"1","safetyAction":null,"note":null,"equipment":{"total":11,"sign":3,"rescueBox":0,"vest":2,"buoy":2,"rope":1,"pole":0},"staff":null,"coordinateCorrected":false,"sourceYear":2025}},{"type":"Feature","geometry":{"type":"Point","coordinates":[127.3353204,35.9243817]},"properties":{"id":589,"name":"운장산계곡","detail":null,"province":"전북특별자치도","district":"완주군","town":"동상면","address":"전북특별자치도 완주군 동상면 신월리 889","placeType":"계곡","management":"일반지역","manageCode":"2","sectionM":"20.0","riskSectionM":null,"depthAvg":"1.0","depthMax":"1.5","accidents":"0","safetyAction":null,"note":null,"equipment":{"total":7,"sign":1,"rescueBox":0,"vest":2,"buoy":1,"rope":1,"pole":0},"staff":null,"coordinateCorrected":false,"sourceYear":2025}},{"type":"Feature","geometry":{"type":"Point","coordinates":[127.322175,35.9412543]},"properties":{"id":590,"name":"검태오남매가든","detail":null,"province":"전북특별자치도","district":"완주군","town":"동상면","address":"전북특별자치도 완주군 동상면 신월리 산54-20","placeType":"계곡","management":"일반지역","manageCode":"2","sectionM":"50.0","riskSectionM":null,"depthAvg":"1.0","depthMax":"2.5","accidents":"0","safetyAction":null,"note":"신규지정요청","equipment":{"total":0,"sign":0,"rescueBox":0,"vest":0,"buoy":0,"rope":0,"pole":0},"staff":null,"coordinateCorrected":false,"sourceYear":2025}},{"type":"Feature","geometry":{"type":"Point","coordinates":[127.5155311,35.8019634]},"properties":{"id":591,"name":"가막천","detail":"하가막마을 안쪽","province":"전북특별자치도","district":"진안군","town":"진안읍","address":"전북특별자치도 진안군 진안읍 가막리 364-1","placeType":"하천","management":"일반지역","manageCode":"2","sectionM":"200.0","riskSectionM":null,"depthAvg":"1.0","depthMax":"3.0","accidents":"1","safetyAction":null,"note":null,"equipment":{"total":56,"sign":2,"rescueBox":1,"vest":10,"buoy":6,"rope":2,"pole":0},"staff":null,"coordinateCorrected":false,"sourceYear":2025}},{"type":"Feature","geometry":{"type":"Point","coordinates":[127.5290099,35.9521962]},"properties":{"id":592,"name":"섬바위","detail":"안천 섬바위","province":"전북특별자치도","district":"진안군","town":"안천면","address":"전북특별자치도 진안군 안천면 삼락리 1595","placeType":"하천","management":"일반지역","manageCode":"2","sectionM":"250.0","riskSectionM":null,"depthAvg":"1.8","depthMax":"3.0","accidents":"0","safetyAction":null,"note":null,"equipment":{"total":34,"sign":3,"rescueBox":2,"vest":17,"buoy":5,"rope":5,"pole":0},"staff":null,"coordinateCorrected":false,"sourceYear":2025}},{"type":"Feature","geometry":{"type":"Point","coordinates":[127.2967344,35.7277204]},"properties":{"id":593,"name":"풍혈냉천(양산교)","detail":"풍혈냉천옆 양산교 밑","province":"전북특별자치도","district":"진안군","town":"성수면","address":"전북특별자치도 진안군 성수면 좌포리 1480-12","placeType":"하천","management":"일반지역","manageCode":"2","sectionM":"100.0","riskSectionM":null,"depthAvg":"1.0","depthMax":"3.0","accidents":"0","safetyAction":null,"note":null,"equipment":{"total":113,"sign":1,"rescueBox":1,"vest":4,"buoy":2,"rope":2,"pole":0},"staff":null,"coordinateCorrected":false,"sourceYear":2025}},{"type":"Feature","geometry":{"type":"Point","coordinates":[127.4301442,35.8522409]},"properties":{"id":594,"name":"정자천1구역(숲속캠핑장)","detail":"숲속캠핑장","province":"전북특별자치도","district":"진안군","town":"부귀면","address":"전북특별자치도 진안군 부귀면 두남리 32-1","placeType":"하천","management":"일반지역","manageCode":"2","sectionM":"100.0","riskSectionM":null,"depthAvg":"1.0","depthMax":"2.0","accidents":"0","safetyAction":null,"note":null,"equipment":{"total":8,"sign":1,"rescueBox":1,"vest":3,"buoy":1,"rope":1,"pole":0},"staff":null,"coordinateCorrected":false,"sourceYear":2025}},{"type":"Feature","geometry":{"type":"Point","coordinates":[127.4068565,35.8428817]},"properties":{"id":595,"name":"정자천2구역(별빛두레펜션)","detail":"별빛두레펜션앞","province":"전북특별자치도","district":"진안군","town":"부귀면","address":"전북특별자치도 진안군 부귀면 두남리 497-10","placeType":"하천","management":"일반지역","manageCode":"2","sectionM":"100.0","riskSectionM":null,"depthAvg":"1.0","depthMax":"2.0","accidents":"1","safetyAction":null,"note":null,"equipment":{"total":7,"sign":1,"rescueBox":1,"vest":2,"buoy":2,"rope":0,"pole":0},"staff":null,"coordinateCorrected":false,"sourceYear":2025}},{"type":"Feature","geometry":{"type":"Point","coordinates":[127.4399927,35.8571893]},"properties":{"id":596,"name":"정자천3구역(구암사)","detail":"구암사앞","province":"전북특별자치도","district":"진안군","town":"정천면","address":"전북특별자치도 진안군 정천면 월평리 971-4","placeType":"하천","management":"일반지역","manageCode":"2","sectionM":"150.0","riskSectionM":null,"depthAvg":"1.0","depthMax":"1.5","accidents":"0","safetyAction":null,"note":null,"equipment":{"total":26,"sign":2,"rescueBox":2,"vest":9,"buoy":8,"rope":3,"pole":0},"staff":null,"coordinateCorrected":false,"sourceYear":2025}},{"type":"Feature","geometry":{"type":"Point","coordinates":[127.3886737,35.9826588]},"properties":{"id":597,"name":"운일암반일암1구역(노적봉주차장)","detail":"노적봉 주차장","province":"전북특별자치도","district":"진안군","town":"주천면","address":"전북특별자치도 진안군 주천면 대불리 84","placeType":"하천","management":"일반지역","manageCode":"2","sectionM":"100.0","riskSectionM":null,"depthAvg":"1.0","depthMax":"3.0","accidents":"0","safetyAction":null,"note":null,"equipment":{"total":11,"sign":1,"rescueBox":0,"vest":2,"buoy":3,"rope":2,"pole":0},"staff":null,"coordinateCorrected":false,"sourceYear":2025}},{"type":"Feature","geometry":{"type":"Point","coordinates":[127.4140906,35.9755276]},"properties":{"id":599,"name":"운일암반일암3구역(운일암반일암생태숲)","detail":"운일암반일암생태숲","province":"전북특별자치도","district":"진안군","town":"주천면","address":"전북특별자치도 진안군 주천면 주양리 612","placeType":"하천","management":"일반지역","manageCode":"2","sectionM":"420.0","riskSectionM":null,"depthAvg":"0.6","depthMax":"1.5","accidents":"0","safetyAction":null,"note":null,"equipment":{"total":35,"sign":1,"rescueBox":1,"vest":28,"buoy":3,"rope":2,"pole":0},"staff":null,"coordinateCorrected":false,"sourceYear":2025}},{"type":"Feature","geometry":{"type":"Point","coordinates":[127.4111241,35.976147]},"properties":{"id":600,"name":"운일암반일암4구역(주차장매점)","detail":"운일암반일암주차장매점","province":"전북특별자치도","district":"진안군","town":"주천면","address":"전북특별자치도 진안군 주천면 주양리 666-7","placeType":"하천","management":"일반지역","manageCode":"2","sectionM":"600.0","riskSectionM":null,"depthAvg":"1.0","depthMax":"2.0","accidents":"0","safetyAction":null,"note":null,"equipment":{"total":21,"sign":3,"rescueBox":2,"vest":6,"buoy":6,"rope":3,"pole":0},"staff":null,"coordinateCorrected":false,"sourceYear":2025}},{"type":"Feature","geometry":{"type":"Point","coordinates":[127.3880838,35.9829152]},"properties":{"id":601,"name":"운일암반일암5구역(노적교)","detail":"노적교 다리 밑","province":"전북특별자치도","district":"진안군","town":"주천면","address":"전북특별자치도 진안군 주천면 대불리 2088-109","placeType":"하천","management":"일반지역","manageCode":"2","sectionM":"100.0","riskSectionM":null,"depthAvg":"0.6","depthMax":"1.6","accidents":"0","safetyAction":null,"note":null,"equipment":{"total":35,"sign":1,"rescueBox":1,"vest":27,"buoy":3,"rope":2,"pole":0},"staff":null,"coordinateCorrected":false,"sourceYear":2025}},{"type":"Feature","geometry":{"type":"Point","coordinates":[127.4087678,35.9759285]},"properties":{"id":602,"name":"운일암반일암8구역(명천보)","detail":"명천보(명천식당 뒤)","province":"전북특별자치도","district":"진안군","town":"주천면","address":"전북특별자치도 진안군 주천면 주양리 630","placeType":"하천","management":"일반지역","manageCode":"2","sectionM":"400.0","riskSectionM":null,"depthAvg":"1.4","depthMax":"2.2","accidents":"0","safetyAction":null,"note":null,"equipment":{"total":10,"sign":1,"rescueBox":1,"vest":3,"buoy":3,"rope":1,"pole":0},"staff":null,"coordinateCorrected":false,"sourceYear":2025}},{"type":"Feature","geometry":{"type":"Point","coordinates":[127.5450176,35.9521532]},"properties":{"id":603,"name":"감동천","detail":"감동마을 앞","province":"전북특별자치도","district":"진안군","town":"용담면","address":"전북특별자치도 진안군 용담면 송풍리","placeType":"하천","management":"일반지역","manageCode":"2","sectionM":"200.0","riskSectionM":null,"depthAvg":"1.5","depthMax":"2.5","accidents":"0","safetyAction":null,"note":null,"equipment":{"total":17,"sign":2,"rescueBox":2,"vest":4,"buoy":4,"rope":2,"pole":0},"staff":null,"coordinateCorrected":false,"sourceYear":2025}},{"type":"Feature","geometry":{"type":"Point","coordinates":[127.5348254,35.8233817]},"properties":{"id":604,"name":"천반산자연휴양림캠핑장","detail":"천반산자연휴양림캠핑장 앞","province":"전북특별자치도","district":"진안군","town":"동향면","address":"전북특별자치도 진안군 동향면 성산리 산 180","placeType":"하천","management":"일반지역","manageCode":"2","sectionM":"160.0","riskSectionM":null,"depthAvg":"0.6","depthMax":"1.0","accidents":"1","safetyAction":null,"note":"신규지정요청","equipment":{"total":18,"sign":3,"rescueBox":6,"vest":3,"buoy":3,"rope":0,"pole":0},"staff":null,"coordinateCorrected":false,"sourceYear":2025}},{"type":"Feature","geometry":{"type":"Point","coordinates":[127.7442128,36.02793]},"properties":{"id":605,"name":"지전지구","detail":"지전마을앞","province":"전북특별자치도","district":"무주군","town":"설천","address":"전북특별자치도 무주군 설천 길산리 106번지 일원","placeType":"하천","management":"일반지역","manageCode":"2","sectionM":"100.0","riskSectionM":null,"depthAvg":"1.0","depthMax":"1.5","accidents":"1","safetyAction":null,"note":null,"equipment":{"total":146,"sign":2,"rescueBox":1,"vest":90,"buoy":30,"rope":17,"pole":0},"staff":null,"coordinateCorrected":false,"sourceYear":2025}},{"type":"Feature","geometry":{"type":"Point","coordinates":[127.6501881,36.0262665]},"properties":{"id":607,"name":"후도지구","detail":"후도교 밑","province":"전북특별자치도","district":"무주군","town":"무주읍","address":"무주군 무주읍 내도리 2215 일원","placeType":"하천","management":"일반지역","manageCode":"2","sectionM":"70.0","riskSectionM":null,"depthAvg":"1.5","depthMax":"3.0","accidents":"0","safetyAction":null,"note":null,"equipment":{"total":111,"sign":1,"rescueBox":1,"vest":55,"buoy":28,"rope":20,"pole":0},"staff":null,"coordinateCorrected":false,"sourceYear":2025}},{"type":"Feature","geometry":{"type":"Point","coordinates":[127.5398325,35.6063673]},"properties":{"id":608,"name":"덕산계곡","detail":"용소주변","province":"전북특별자치도","district":"장수군","town":"장수읍","address":"전북특별자치도 장수군 장수읍 덕산리 산 54-3","placeType":"계곡","management":"일반지역","manageCode":"2","sectionM":"30.0","riskSectionM":null,"depthAvg":"1.0","depthMax":"4.0","accidents":"0","safetyAction":null,"note":null,"equipment":{"total":10,"sign":2,"rescueBox":2,"vest":2,"buoy":2,"rope":2,"pole":0},"staff":null,"coordinateCorrected":false,"sourceYear":2025}},{"type":"Feature","geometry":{"type":"Point","coordinates":[127.5315339,35.5990245]},"properties":{"id":609,"name":"방화동계곡","detail":"방화동","province":"전북특별자치도","district":"장수군","town":"번암면","address":"전북특별자치도 장수군 번암면 사암리 686-1","placeType":"계곡","management":"일반지역","manageCode":"2","sectionM":"30.0","riskSectionM":null,"depthAvg":"2.0","depthMax":"3.0","accidents":"0","safetyAction":null,"note":null,"equipment":{"total":10,"sign":2,"rescueBox":2,"vest":2,"buoy":2,"rope":2,"pole":0},"staff":null,"coordinateCorrected":false,"sourceYear":2025}},{"type":"Feature","geometry":{"type":"Point","coordinates":[127.6344013,35.8070298]},"properties":{"id":610,"name":"토옥동계곡","detail":"토옥동","province":"전북특별자치도","district":"장수군","town":"계북면","address":"전북특별자치도 장수군 계북면 양악리 889","placeType":"계곡","management":"일반지역","manageCode":"2","sectionM":"100.0","riskSectionM":null,"depthAvg":"2.0","depthMax":"4.0","accidents":"0","safetyAction":null,"note":null,"equipment":{"total":36,"sign":6,"rescueBox":6,"vest":8,"buoy":8,"rope":8,"pole":0},"staff":null,"coordinateCorrected":false,"sourceYear":2025}},{"type":"Feature","geometry":{"type":"Point","coordinates":[127.4811962,35.6899798]},"properties":{"id":611,"name":"와룡리계곡","detail":"와룡계곡","province":"전북특별자치도","district":"장수군","town":"천천면","address":"전북특별자치도 장수군 천천면 비룡리 636","placeType":"계곡","management":"일반지역","manageCode":"2","sectionM":"20.0","riskSectionM":null,"depthAvg":"1.0","depthMax":"3.0","accidents":"0","safetyAction":null,"note":null,"equipment":{"total":25,"sign":5,"rescueBox":5,"vest":5,"buoy":5,"rope":5,"pole":0},"staff":null,"coordinateCorrected":false,"sourceYear":2025}},{"type":"Feature","geometry":{"type":"Point","coordinates":[127.5279469,35.7858652]},"properties":{"id":612,"name":"연평신기하천","detail":"용광~연평","province":"전북특별자치도","district":"장수군","town":"천천면","address":"전북특별자치도 장수군 천천면 연평리 2222","placeType":"하천","management":"일반지역","manageCode":"2","sectionM":"2000.0","riskSectionM":null,"depthAvg":"2.0","depthMax":"3.0","accidents":"0","safetyAction":null,"note":null,"equipment":{"total":30,"sign":6,"rescueBox":6,"vest":6,"buoy":6,"rope":6,"pole":0},"staff":null,"coordinateCorrected":false,"sourceYear":2025}},{"type":"Feature","geometry":{"type":"Point","coordinates":[127.5346964,35.5036982]},"properties":{"id":613,"name":"요천","detail":"원촌마을앞(요천천)","province":"전북특별자치도","district":"장수군","town":"번암면","address":"전북특별자치도 장수군 번암면 대론리 1143-1","placeType":"하천","management":"일반지역","manageCode":"2","sectionM":"100.0","riskSectionM":null,"depthAvg":"2.0","depthMax":"3.0","accidents":"0","safetyAction":null,"note":null,"equipment":{"total":9,"sign":1,"rescueBox":2,"vest":2,"buoy":2,"rope":2,"pole":0},"staff":null,"coordinateCorrected":false,"sourceYear":2025}},{"type":"Feature","geometry":{"type":"Point","coordinates":[127.6056508,35.6024888]},"properties":{"id":614,"name":"지지계곡","detail":"지지계곡","province":"전북특별자치도","district":"장수군","town":"번암면","address":"전북특별자치도 장수군 번암면 지지리 438-3","placeType":"계곡","management":"일반지역","manageCode":"2","sectionM":"30.0","riskSectionM":null,"depthAvg":"2.0","depthMax":"3.0","accidents":"0","safetyAction":null,"note":null,"equipment":{"total":5,"sign":1,"rescueBox":1,"vest":1,"buoy":1,"rope":1,"pole":0},"staff":null,"coordinateCorrected":false,"sourceYear":2025}},{"type":"Feature","geometry":{"type":"Point","coordinates":[127.1444173,35.4879452]},"properties":{"id":615,"name":"섬안","detail":"섬안","province":"전북특별자치도","district":"임실군","town":"덕치면","address":"전북특별자치도 임실군 덕치면 일중리 125","placeType":"하천","management":"일반지역","manageCode":"2","sectionM":"135.0","riskSectionM":null,"depthAvg":"0.7","depthMax":"1.2","accidents":"0","safetyAction":null,"note":null,"equipment":{"total":24,"sign":1,"rescueBox":2,"vest":15,"buoy":2,"rope":3,"pole":0},"staff":null,"coordinateCorrected":false,"sourceYear":2025}},{"type":"Feature","geometry":{"type":"Point","coordinates":[127.1633703,35.4850605]},"properties":{"id":616,"name":"강변사리캠핑장앞","detail":"강변사리캠핑장앞","province":"전북특별자치도","district":"임실군","town":"덕치면","address":"전북특별자치도 임실군 덕치면 장암리 129-2","placeType":"하천","management":"일반지역","manageCode":"2","sectionM":"267.0","riskSectionM":null,"depthAvg":"0.7","depthMax":"1.2","accidents":"0","safetyAction":null,"note":null,"equipment":{"total":36,"sign":2,"rescueBox":2,"vest":25,"buoy":2,"rope":4,"pole":0},"staff":null,"coordinateCorrected":false,"sourceYear":2025}},{"type":"Feature","geometry":{"type":"Point","coordinates":[127.1898265,35.4694388]},"properties":{"id":617,"name":"장군목","detail":"장군목유원지","province":"전북특별자치도","district":"순창군","town":"동계면","address":"전북특별자치도 순창군 동계면 어치리 814","placeType":"하천","management":"일반지역","manageCode":"2","sectionM":"100.0","riskSectionM":null,"depthAvg":"1.0","depthMax":"3.0","accidents":"1","safetyAction":null,"note":null,"equipment":{"total":26,"sign":2,"rescueBox":2,"vest":4,"buoy":4,"rope":0,"pole":1},"staff":null,"coordinateCorrected":false,"sourceYear":2025}},{"type":"Feature","geometry":{"type":"Point","coordinates":[127.2028651,35.4502013]},"properties":{"id":618,"name":"구미교","detail":"강경마을 입구","province":"전북특별자치도","district":"순창군","town":"적성면","address":"전북특별자치도 순창군 적성면 석산리 708","placeType":"하천","management":"일반지역","manageCode":"2","sectionM":"110.0","riskSectionM":null,"depthAvg":"1.5","depthMax":"3.0","accidents":"0","safetyAction":null,"note":null,"equipment":{"total":34,"sign":1,"rescueBox":3,"vest":8,"buoy":8,"rope":1,"pole":1},"staff":null,"coordinateCorrected":false,"sourceYear":2025}},{"type":"Feature","geometry":{"type":"Point","coordinates":[127.1963663,35.372319]},"properties":{"id":619,"name":"섬진강체육공원","detail":"유천대교 아래","province":"전북특별자치도","district":"순창군","town":"유등면","address":"전북특별자치도 순창군 유등면 오교리 524-96","placeType":"하천","management":"일반지역","manageCode":"2","sectionM":"40.0","riskSectionM":null,"depthAvg":"1.0","depthMax":"2.3","accidents":"0","safetyAction":null,"note":null,"equipment":{"total":34,"sign":2,"rescueBox":1,"vest":15,"buoy":8,"rope":4,"pole":0},"staff":null,"coordinateCorrected":false,"sourceYear":2025}},{"type":"Feature","geometry":{"type":"Point","coordinates":[127.1948584,35.3766667]},"properties":{"id":620,"name":"섬진강교","detail":"섬진강교 밑","province":"전북특별자치도","district":"순창군","town":"유등면","address":"전북특별자치도 순창군 유등면 오교리 990","placeType":"하천","management":"일반지역","manageCode":"2","sectionM":"110.0","riskSectionM":null,"depthAvg":"1.0","depthMax":"2.0","accidents":"0","safetyAction":null,"note":null,"equipment":{"total":32,"sign":1,"rescueBox":1,"vest":18,"buoy":7,"rope":4,"pole":0},"staff":null,"coordinateCorrected":false,"sourceYear":2025}},{"type":"Feature","geometry":{"type":"Point","coordinates":[127.1920725,35.3381704]},"properties":{"id":621,"name":"향가유원지","detail":"향가유원지","province":"전북특별자치도","district":"순창군","town":"풍산면","address":"전북특별자치도 순창군 풍산면 대가리 1072","placeType":"하천","management":"일반지역","manageCode":"2","sectionM":"300.0","riskSectionM":null,"depthAvg":"2.0","depthMax":"4.0","accidents":"0","safetyAction":null,"note":null,"equipment":{"total":19,"sign":1,"rescueBox":1,"vest":8,"buoy":4,"rope":3,"pole":0},"staff":null,"coordinateCorrected":false,"sourceYear":2025}},{"type":"Feature","geometry":{"type":"Point","coordinates":[127.1876602,35.3466309]},"properties":{"id":622,"name":"대풍교","detail":"대풍교","province":"전북특별자치도","district":"순창군","town":"풍산면","address":"전북특별자치도 순창군 풍산면 대가리 1076","placeType":"하천","management":"일반지역","manageCode":"2","sectionM":"150.0","riskSectionM":null,"depthAvg":"1.0","depthMax":"2.0","accidents":"0","safetyAction":null,"note":null,"equipment":{"total":17,"sign":1,"rescueBox":0,"vest":8,"buoy":4,"rope":3,"pole":0},"staff":null,"coordinateCorrected":false,"sourceYear":2025}},{"type":"Feature","geometry":{"type":"Point","coordinates":[126.9760928,35.464244]},"properties":{"id":623,"name":"석보유원지","detail":"석보유원지","province":"전북특별자치도","district":"순창군","town":"복흥면","address":"전북특별자치도 순창군 복흥면 석보리 387","placeType":"하천","management":"일반지역","manageCode":"2","sectionM":"200.0","riskSectionM":null,"depthAvg":"0.8","depthMax":"1.5","accidents":"0","safetyAction":null,"note":null,"equipment":{"total":45,"sign":1,"rescueBox":0,"vest":13,"buoy":15,"rope":2,"pole":1},"staff":null,"coordinateCorrected":false,"sourceYear":2025}},{"type":"Feature","geometry":{"type":"Point","coordinates":[126.9902409,35.4625847]},"properties":{"id":624,"name":"석보교","detail":"석보교 밑","province":"전북특별자치도","district":"순창군","town":"복흥면","address":"전북특별자치도 순창군 복흥면 석보리 400","placeType":"하천","management":"일반지역","manageCode":"2","sectionM":"110.0","riskSectionM":null,"depthAvg":"1.0","depthMax":"2.0","accidents":"0","safetyAction":null,"note":null,"equipment":{"total":47,"sign":1,"rescueBox":1,"vest":13,"buoy":15,"rope":2,"pole":1},"staff":null,"coordinateCorrected":false,"sourceYear":2025}},{"type":"Feature","geometry":{"type":"Point","coordinates":[127.0240225,35.5176175]},"properties":{"id":625,"name":"용전교","detail":"용전교","province":"전북특별자치도","district":"순창군","town":"쌍치면","address":"전북특별자치도 순창군 쌍치면 용전리 676","placeType":"하천","management":"일반지역","manageCode":"2","sectionM":"110.0","riskSectionM":null,"depthAvg":"1.0","depthMax":"2.0","accidents":"0","safetyAction":null,"note":null,"equipment":{"total":27,"sign":1,"rescueBox":0,"vest":8,"buoy":3,"rope":2,"pole":1},"staff":null,"coordinateCorrected":false,"sourceYear":2025}},{"type":"Feature","geometry":{"type":"Point","coordinates":[126.9708345,35.4752256]},"properties":{"id":626,"name":"훈몽재","detail":"훈몽재","province":"전북특별자치도","district":"순창군","town":"쌍치면","address":"전북특별자치도 순창군 쌍치면 둔전리 425","placeType":"하천","management":"일반지역","manageCode":"2","sectionM":"100.0","riskSectionM":null,"depthAvg":"1.0","depthMax":"3.0","accidents":"0","safetyAction":null,"note":null,"equipment":{"total":25,"sign":2,"rescueBox":0,"vest":8,"buoy":1,"rope":1,"pole":1},"staff":null,"coordinateCorrected":false,"sourceYear":2025}},{"type":"Feature","geometry":{"type":"Point","coordinates":[126.9784137,35.4885009]},"properties":{"id":627,"name":"영광정","detail":"영광정","province":"전북특별자치도","district":"순창군","town":"쌍치면","address":"전북특별자치도 순창군 쌍치면 시산리 358-5","placeType":"하천","management":"일반지역","manageCode":"2","sectionM":"50.0","riskSectionM":null,"depthAvg":"2.0","depthMax":"3.0","accidents":"0","safetyAction":null,"note":null,"equipment":{"total":25,"sign":2,"rescueBox":0,"vest":8,"buoy":1,"rope":1,"pole":1},"staff":null,"coordinateCorrected":false,"sourceYear":2025}},{"type":"Feature","geometry":{"type":"Point","coordinates":[126.9966494,35.4877491]},"properties":{"id":628,"name":"보평보","detail":"보평보","province":"전북특별자치도","district":"순창군","town":"쌍치면","address":"전북특별자치도 순창군 쌍치면 금평리 811-20","placeType":"하천","management":"일반지역","manageCode":"2","sectionM":"50.0","riskSectionM":null,"depthAvg":"1.0","depthMax":"2.0","accidents":"0","safetyAction":null,"note":null,"equipment":{"total":25,"sign":2,"rescueBox":0,"vest":8,"buoy":1,"rope":1,"pole":1},"staff":null,"coordinateCorrected":false,"sourceYear":2025}},{"type":"Feature","geometry":{"type":"Point","coordinates":[127.0164159,35.5290799]},"properties":{"id":629,"name":"삼장교","detail":"먹우실교","province":"전북특별자치도","district":"순창군","town":"쌍치면","address":"전북특별자치도 순창군 쌍치면 오봉리 116-1","placeType":"하천","management":"일반지역","manageCode":"2","sectionM":"50.0","riskSectionM":null,"depthAvg":"1.0","depthMax":"1.5","accidents":"0","safetyAction":null,"note":null,"equipment":{"total":24,"sign":1,"rescueBox":0,"vest":8,"buoy":1,"rope":1,"pole":1},"staff":null,"coordinateCorrected":false,"sourceYear":2025}},{"type":"Feature","geometry":{"type":"Point","coordinates":[127.1156204,35.4704775]},"properties":{"id":630,"name":"호정소","detail":"호정소","province":"전북특별자치도","district":"순창군","town":"구림면","address":"전북특별자치도 순창군 구림면 금천리 558","placeType":"하천","management":"일반지역","manageCode":"2","sectionM":"400.0","riskSectionM":null,"depthAvg":"2.0","depthMax":"3.0","accidents":"0","safetyAction":null,"note":null,"equipment":{"total":36,"sign":2,"rescueBox":1,"vest":10,"buoy":8,"rope":2,"pole":1},"staff":null,"coordinateCorrected":false,"sourceYear":2025}},{"type":"Feature","geometry":{"type":"Point","coordinates":[127.1190645,35.4774617]},"properties":{"id":631,"name":"산내입구","detail":"산내마을 입구 삼거리","province":"전북특별자치도","district":"순창군","town":"구림면","address":"전북특별자치도 순창군 구림면 안정리 산212-1","placeType":"하천","management":"일반지역","manageCode":"2","sectionM":"200.0","riskSectionM":null,"depthAvg":"1.0","depthMax":"1.0","accidents":"0","safetyAction":null,"note":null,"equipment":{"total":37,"sign":2,"rescueBox":1,"vest":10,"buoy":8,"rope":2,"pole":1},"staff":null,"coordinateCorrected":false,"sourceYear":2025}},{"type":"Feature","geometry":{"type":"Point","coordinates":[127.1010338,35.4879319]},"properties":{"id":632,"name":"미륵정이","detail":"회문산장 옆","province":"전북특별자치도","district":"순창군","town":"구림면","address":"전북특별자치도 순창군 구림면 안정리 895","placeType":"하천","management":"일반지역","manageCode":"2","sectionM":"200.0","riskSectionM":null,"depthAvg":"1.0","depthMax":"2.0","accidents":"0","safetyAction":null,"note":null,"equipment":{"total":35,"sign":1,"rescueBox":0,"vest":10,"buoy":8,"rope":2,"pole":1},"staff":null,"coordinateCorrected":false,"sourceYear":2025}},{"type":"Feature","geometry":{"type":"Point","coordinates":[127.1074363,35.4602204]},"properties":{"id":633,"name":"치천유원지","detail":"치천마을 앞","province":"전북특별자치도","district":"순창군","town":"구림면","address":"전북특별자치도 순창군 구림면 금천리 89-2","placeType":"하천","management":"일반지역","manageCode":"2","sectionM":"50.0","riskSectionM":null,"depthAvg":"1.0","depthMax":"1.0","accidents":"0","safetyAction":null,"note":null,"equipment":{"total":36,"sign":1,"rescueBox":1,"vest":10,"buoy":8,"rope":2,"pole":1},"staff":null,"coordinateCorrected":false,"sourceYear":2025}},{"type":"Feature","geometry":{"type":"Point","coordinates":[127.2359632,35.0729933]},"properties":{"id":634,"name":"광천수중보","detail":"광천수중보","province":"전라남도","district":"순천시","town":"주암면","address":"전라남도 순천시 주암면 광천리 568-48번지 일원","placeType":"하천","management":"일반지역","manageCode":"2","sectionM":"50.0","riskSectionM":null,"depthAvg":"1.0","depthMax":"1.5","accidents":"0","safetyAction":null,"note":null,"equipment":{"total":18,"sign":2,"rescueBox":3,"vest":4,"buoy":4,"rope":2,"pole":0},"staff":null,"coordinateCorrected":false,"sourceYear":2025}},{"type":"Feature","geometry":{"type":"Point","coordinates":[127.2043323,35.0885266]},"properties":{"id":635,"name":"용오름마을","detail":"용오름마을일원","province":"전라남도","district":"순천시","town":"주암면","address":"전라남도 순천시 주암면 운룡리 609번지 일원","placeType":"하천","management":"일반지역","manageCode":"2","sectionM":"500.0","riskSectionM":null,"depthAvg":"1.0","depthMax":"2.0","accidents":"0","safetyAction":null,"note":null,"equipment":{"total":8,"sign":2,"rescueBox":1,"vest":1,"buoy":1,"rope":1,"pole":0},"staff":null,"coordinateCorrected":false,"sourceYear":2025}},{"type":"Feature","geometry":{"type":"Point","coordinates":[127.4658991,34.9274318]},"properties":{"id":636,"name":"상사우산보","detail":"우산보","province":"전라남도","district":"순천시","town":"상사면","address":"전라남도 순천시 상사면 마륜리 39-7","placeType":"하천","management":"일반지역","manageCode":"2","sectionM":"80.0","riskSectionM":null,"depthAvg":"1.0","depthMax":"1.5","accidents":"0","safetyAction":null,"note":null,"equipment":{"total":12,"sign":2,"rescueBox":2,"vest":2,"buoy":2,"rope":2,"pole":0},"staff":null,"coordinateCorrected":false,"sourceYear":2025}},{"type":"Feature","geometry":{"type":"Point","coordinates":[127.4560125,34.9349478]},"properties":{"id":637,"name":"상사황금어장입구","detail":"당촌교","province":"전라남도","district":"순천시","town":"상사면","address":"전라남도 순천시 상사면 흘산리 347-6","placeType":"하천","management":"일반지역","manageCode":"2","sectionM":"50.0","riskSectionM":null,"depthAvg":"1.0","depthMax":"1.2","accidents":"0","safetyAction":null,"note":null,"equipment":{"total":8,"sign":1,"rescueBox":1,"vest":1,"buoy":1,"rope":1,"pole":0},"staff":null,"coordinateCorrected":false,"sourceYear":2025}},{"type":"Feature","geometry":{"type":"Point","coordinates":[127.5026989,35.0680718]},"properties":{"id":638,"name":"청소골남생이소","detail":"남생이소","province":"전라남도","district":"순천시","town":"서면","address":"전라남도 순천시 서면 청소리 172-1번지","placeType":"계곡","management":"일반지역","manageCode":"2","sectionM":"20.0","riskSectionM":null,"depthAvg":"1.0","depthMax":"1.0","accidents":"0","safetyAction":null,"note":null,"equipment":{"total":7,"sign":2,"rescueBox":1,"vest":1,"buoy":1,"rope":1,"pole":0},"staff":null,"coordinateCorrected":false,"sourceYear":2025}},{"type":"Feature","geometry":{"type":"Point","coordinates":[127.5044182,35.0241077]},"properties":{"id":639,"name":"만추산장 앞","detail":"만추산장","province":"전라남도","district":"순천시","town":"서면","address":"전라남도 순천시 서면 판교리285","placeType":"계곡","management":"일반지역","manageCode":"2","sectionM":"60.0","riskSectionM":null,"depthAvg":"1.5","depthMax":"1.7","accidents":"0","safetyAction":null,"note":null,"equipment":{"total":7,"sign":2,"rescueBox":1,"vest":1,"buoy":1,"rope":1,"pole":0},"staff":null,"coordinateCorrected":false,"sourceYear":2025}},{"type":"Feature","geometry":{"type":"Point","coordinates":[127.5471481,35.026907]},"properties":{"id":640,"name":"구상계곡","detail":"구랑실계곡","province":"전라남도","district":"순천시","town":"서면","address":"전라남도 순천시 서면 구상리 산23번지","placeType":"계곡","management":"일반지역","manageCode":"2","sectionM":"20.0","riskSectionM":null,"depthAvg":"1.3","depthMax":"2.0","accidents":"0","safetyAction":null,"note":null,"equipment":{"total":6,"sign":1,"rescueBox":1,"vest":1,"buoy":1,"rope":1,"pole":0},"staff":null,"coordinateCorrected":false,"sourceYear":2025}},{"type":"Feature","geometry":{"type":"Point","coordinates":[127.551717,35.0124355]},"properties":{"id":641,"name":"성광수목원 앞","detail":"성광수목원","province":"전라남도","district":"순천시","town":"서면","address":"전라남도 순천시 서면  구상리 828번지","placeType":"계곡","management":"일반지역","manageCode":"2","sectionM":"20.0","riskSectionM":null,"depthAvg":"1.5","depthMax":"2.0","accidents":"0","safetyAction":null,"note":null,"equipment":{"total":7,"sign":1,"rescueBox":1,"vest":1,"buoy":2,"rope":1,"pole":0},"staff":null,"coordinateCorrected":false,"sourceYear":2025}},{"type":"Feature","geometry":{"type":"Point","coordinates":[127.4324427,35.0946381]},"properties":{"id":642,"name":"황전수평교","detail":"수평교","province":"전라남도","district":"순천시","town":"황전면","address":"전라남도 순천시 황전면 수평리 492-2번지","placeType":"하천","management":"일반지역","manageCode":"2","sectionM":"100.0","riskSectionM":null,"depthAvg":"1.0","depthMax":"2.0","accidents":"0","safetyAction":null,"note":null,"equipment":{"total":10,"sign":1,"rescueBox":1,"vest":2,"buoy":2,"rope":2,"pole":0},"staff":null,"coordinateCorrected":false,"sourceYear":2025}},{"type":"Feature","geometry":{"type":"Point","coordinates":[127.5702737,35.0331624]},"properties":{"id":643,"name":"성불계곡1","detail":"진펜션","province":"전라남도","district":"광양시","town":"봉강면","address":"전라남도 광양시 봉강면 구서리 524-2","placeType":"하천","management":"일반지역","manageCode":"2","sectionM":"100.0","riskSectionM":null,"depthAvg":"1.0","depthMax":"2.0","accidents":"0","safetyAction":null,"note":null,"equipment":{"total":6,"sign":1,"rescueBox":1,"vest":1,"buoy":1,"rope":1,"pole":0},"staff":null,"coordinateCorrected":false,"sourceYear":2025}},{"type":"Feature","geometry":{"type":"Point","coordinates":[127.5776081,35.0165007]},"properties":{"id":645,"name":"성불계곡3","detail":"버스승강장(공중화장실)","province":"전라남도","district":"광양시","town":"봉강면","address":"전라남도 광양시 봉강면 구서리 34-2","placeType":"계곡","management":"일반지역","manageCode":"2","sectionM":"50.0","riskSectionM":null,"depthAvg":"1.0","depthMax":"2.0","accidents":"0","safetyAction":null,"note":null,"equipment":{"total":4,"sign":1,"rescueBox":0,"vest":0,"buoy":1,"rope":0,"pole":0},"staff":null,"coordinateCorrected":false,"sourceYear":2025}},{"type":"Feature","geometry":{"type":"Point","coordinates":[127.5678935,35.0833753]},"properties":{"id":647,"name":"성불계곡5","detail":"성불산장 앞","province":"전라남도","district":"광양시","town":"봉강면","address":"전라남도 광양시 봉강면 조령리 834-3","placeType":"계곡","management":"일반지역","manageCode":"2","sectionM":"200.0","riskSectionM":null,"depthAvg":"1.0","depthMax":"2.0","accidents":"0","safetyAction":null,"note":null,"equipment":{"total":8,"sign":3,"rescueBox":1,"vest":0,"buoy":1,"rope":1,"pole":0},"staff":null,"coordinateCorrected":false,"sourceYear":2025}},{"type":"Feature","geometry":{"type":"Point","coordinates":[127.5549097,35.0762749]},"properties":{"id":648,"name":"성불계곡6","detail":"새재산장","province":"전라남도","district":"광양시","town":"봉강면","address":"전라남도 광양시 봉강면 조령리 748-4","placeType":"계곡","management":"일반지역","manageCode":"2","sectionM":"250.0","riskSectionM":null,"depthAvg":"1.0","depthMax":"2.0","accidents":"0","safetyAction":null,"note":null,"equipment":{"total":10,"sign":1,"rescueBox":2,"vest":2,"buoy":2,"rope":2,"pole":0},"staff":null,"coordinateCorrected":false,"sourceYear":2025}},{"type":"Feature","geometry":{"type":"Point","coordinates":[127.5665668,35.0803604]},"properties":{"id":649,"name":"성불계곡7","detail":"봉강산장","province":"전라남도","district":"광양시","town":"봉강면","address":"전라남도 광양시 봉강면 조령리 832-4","placeType":"계곡","management":"일반지역","manageCode":"2","sectionM":"250.0","riskSectionM":null,"depthAvg":"1.0","depthMax":"2.0","accidents":"1","safetyAction":null,"note":null,"equipment":{"total":12,"sign":1,"rescueBox":2,"vest":2,"buoy":2,"rope":2,"pole":0},"staff":null,"coordinateCorrected":false,"sourceYear":2025}},{"type":"Feature","geometry":{"type":"Point","coordinates":[127.5965517,35.0948366]},"properties":{"id":650,"name":"동곡계곡1(진틀마을)","detail":"진틀 화장실 일원","province":"전라남도","district":"광양시","town":"옥룡면","address":"전라남도 광양시 옥룡면 동곡리 산155-2","placeType":"계곡","management":"일반지역","manageCode":"2","sectionM":"100.0","riskSectionM":null,"depthAvg":"1.0","depthMax":"2.0","accidents":"0","safetyAction":null,"note":null,"equipment":{"total":7,"sign":1,"rescueBox":0,"vest":1,"buoy":1,"rope":1,"pole":0},"staff":null,"coordinateCorrected":false,"sourceYear":2025}},{"type":"Feature","geometry":{"type":"Point","coordinates":[127.6005954,35.0824784]},"properties":{"id":651,"name":"동곡계곡2(백운산휴양타운)","detail":"백운산휴양타운 일원","province":"전라남도","district":"광양시","town":"옥룡면","address":"전라남도 광양시 옥룡면 동곡리 722-3","placeType":"계곡","management":"일반지역","manageCode":"2","sectionM":"80.0","riskSectionM":null,"depthAvg":"1.0","depthMax":"2.0","accidents":"0","safetyAction":null,"note":null,"equipment":{"total":10,"sign":1,"rescueBox":2,"vest":2,"buoy":2,"rope":2,"pole":0},"staff":null,"coordinateCorrected":false,"sourceYear":2025}},{"type":"Feature","geometry":{"type":"Point","coordinates":[127.6148637,35.0697247]},"properties":{"id":652,"name":"동곡계곡3(푸른산장)","detail":"푸른산장 앞","province":"전라남도","district":"광양시","town":"옥룡면","address":"전라남도 광양시 옥룡면 동곡리 483","placeType":"계곡","management":"일반지역","manageCode":"2","sectionM":"120.0","riskSectionM":null,"depthAvg":"1.0","depthMax":"1.5","accidents":"1","safetyAction":null,"note":null,"equipment":{"total":9,"sign":2,"rescueBox":1,"vest":1,"buoy":1,"rope":1,"pole":0},"staff":null,"coordinateCorrected":false,"sourceYear":2025}},{"type":"Feature","geometry":{"type":"Point","coordinates":[127.6224456,35.0599175]},"properties":{"id":653,"name":"동곡계곡4(미소펜션)","detail":"미소펜션 송림산장 앞","province":"전라남도","district":"광양시","town":"옥룡면","address":"전라남도 광양시 옥룡면 동곡리 122","placeType":"계곡","management":"일반지역","manageCode":"2","sectionM":"90.0","riskSectionM":null,"depthAvg":"1.5","depthMax":"3.5","accidents":"0","safetyAction":null,"note":null,"equipment":{"total":11,"sign":2,"rescueBox":1,"vest":2,"buoy":2,"rope":1,"pole":0},"staff":null,"coordinateCorrected":false,"sourceYear":2025}},{"type":"Feature","geometry":{"type":"Point","coordinates":[127.5991727,35.0877479]},"properties":{"id":654,"name":"반석민박","detail":"반석민박 일원","province":"전라남도","district":"광양시","town":"옥룡면","address":"전라남도 광양시 옥룡면 동곡리 769","placeType":"계곡","management":"일반지역","manageCode":"2","sectionM":"50.0","riskSectionM":null,"depthAvg":"1.0","depthMax":"1.5","accidents":"0","safetyAction":null,"note":null,"equipment":{"total":0,"sign":0,"rescueBox":0,"vest":0,"buoy":0,"rope":0,"pole":0},"staff":null,"coordinateCorrected":false,"sourceYear":2025}},{"type":"Feature","geometry":{"type":"Point","coordinates":[127.6019637,35.0823561]},"properties":{"id":655,"name":"산수가든","detail":"산수가든 일원","province":"전라남도","district":"광양시","town":"옥룡면","address":"전라남도 광양시 옥룡면 동곡리 709-1","placeType":"계곡","management":"일반지역","manageCode":"2","sectionM":"50.0","riskSectionM":null,"depthAvg":"1.5","depthMax":"3.0","accidents":"0","safetyAction":null,"note":null,"equipment":{"total":6,"sign":1,"rescueBox":1,"vest":1,"buoy":1,"rope":1,"pole":0},"staff":null,"coordinateCorrected":false,"sourceYear":2025}},{"type":"Feature","geometry":{"type":"Point","coordinates":[127.6025357,35.0808015]},"properties":{"id":656,"name":"타잔바위","detail":"타잔바위 일원","province":"전라남도","district":"광양시","town":"옥룡면","address":"전라남도 광양시 옥룡면 동곡리 676","placeType":"계곡","management":"일반지역","manageCode":"2","sectionM":"40.0","riskSectionM":null,"depthAvg":"2.0","depthMax":"3.0","accidents":"0","safetyAction":null,"note":null,"equipment":{"total":6,"sign":1,"rescueBox":1,"vest":1,"buoy":1,"rope":1,"pole":0},"staff":null,"coordinateCorrected":false,"sourceYear":2025}},{"type":"Feature","geometry":{"type":"Point","coordinates":[127.6187474,35.0640628]},"properties":{"id":657,"name":"두메산장","detail":"두메산장 일원","province":"전라남도","district":"광양시","town":"옥룡면","address":"전라남도 광양시 옥룡면 동곡리 527","placeType":"계곡","management":"일반지역","manageCode":"2","sectionM":"50.0","riskSectionM":null,"depthAvg":"1.5","depthMax":"2.0","accidents":"0","safetyAction":null,"note":null,"equipment":{"total":6,"sign":1,"rescueBox":1,"vest":1,"buoy":1,"rope":1,"pole":0},"staff":null,"coordinateCorrected":false,"sourceYear":2025}},{"type":"Feature","geometry":{"type":"Point","coordinates":[127.6831438,35.0810608]},"properties":{"id":658,"name":"어치계곡1","detail":"계곡여행 아래","province":"전라남도","district":"광양시","town":"진상면","address":"전라남도 광양시 진상면 어치리 836","placeType":"계곡","management":"일반지역","manageCode":"2","sectionM":"50.0","riskSectionM":null,"depthAvg":"2.0","depthMax":"3.0","accidents":"0","safetyAction":null,"note":null,"equipment":{"total":5,"sign":0,"rescueBox":0,"vest":1,"buoy":2,"rope":1,"pole":0},"staff":null,"coordinateCorrected":false,"sourceYear":2025}},{"type":"Feature","geometry":{"type":"Point","coordinates":[127.6766082,35.085985]},"properties":{"id":659,"name":"어치계곡2","detail":"천수암","province":"전라남도","district":"광양시","town":"진상면","address":"전라남도 광양시 진상면 어치리 산14-4","placeType":"계곡","management":"일반지역","manageCode":"2","sectionM":"100.0","riskSectionM":null,"depthAvg":"1.0","depthMax":"2.0","accidents":"0","safetyAction":null,"note":null,"equipment":{"total":4,"sign":1,"rescueBox":0,"vest":0,"buoy":1,"rope":1,"pole":0},"staff":null,"coordinateCorrected":false,"sourceYear":2025}},{"type":"Feature","geometry":{"type":"Point","coordinates":[127.678194,35.088443]},"properties":{"id":660,"name":"어치계곡3","detail":"길농원","province":"전라남도","district":"광양시","town":"진상면","address":"전라남도 광양시 진상면 어치리 908","placeType":"계곡","management":"일반지역","manageCode":"2","sectionM":"100.0","riskSectionM":null,"depthAvg":"1.0","depthMax":"2.0","accidents":"0","safetyAction":null,"note":null,"equipment":{"total":6,"sign":1,"rescueBox":1,"vest":1,"buoy":1,"rope":1,"pole":0},"staff":null,"coordinateCorrected":false,"sourceYear":2025}},{"type":"Feature","geometry":{"type":"Point","coordinates":[127.6779729,35.0887992]},"properties":{"id":661,"name":"어치계곡4","detail":"명일민박(다리)","province":"전라남도","district":"광양시","town":"진상면","address":"전라남도 광양시 진상면 어치리 908-5","placeType":"계곡","management":"일반지역","manageCode":"2","sectionM":"50.0","riskSectionM":null,"depthAvg":"1.0","depthMax":"3.0","accidents":"0","safetyAction":null,"note":null,"equipment":{"total":6,"sign":1,"rescueBox":1,"vest":1,"buoy":1,"rope":1,"pole":0},"staff":null,"coordinateCorrected":false,"sourceYear":2025}},{"type":"Feature","geometry":{"type":"Point","coordinates":[127.6718478,35.0977377]},"properties":{"id":662,"name":"어치계곡5","detail":"회두화장실","province":"전라남도","district":"광양시","town":"진상면","address":"전라남도 광양시 진상면 어치리 1165-1","placeType":"계곡","management":"일반지역","manageCode":"2","sectionM":"100.0","riskSectionM":null,"depthAvg":"1.0","depthMax":"2.0","accidents":"1","safetyAction":null,"note":null,"equipment":{"total":7,"sign":2,"rescueBox":0,"vest":1,"buoy":1,"rope":1,"pole":0},"staff":null,"coordinateCorrected":false,"sourceYear":2025}},{"type":"Feature","geometry":{"type":"Point","coordinates":[127.6648853,35.1039359]},"properties":{"id":663,"name":"어치계곡6","detail":"남도휴양소앞","province":"전라남도","district":"광양시","town":"진상면","address":"전라남도 광양시 진상면 어치리 1193-5","placeType":"계곡","management":"일반지역","manageCode":"2","sectionM":"50.0","riskSectionM":null,"depthAvg":"1.0","depthMax":"2.0","accidents":"0","safetyAction":null,"note":null,"equipment":{"total":6,"sign":1,"rescueBox":1,"vest":1,"buoy":1,"rope":1,"pole":0},"staff":null,"coordinateCorrected":false,"sourceYear":2025}},{"type":"Feature","geometry":{"type":"Point","coordinates":[127.6577173,35.1044628]},"properties":{"id":664,"name":"어치계곡7","detail":"푸른숲펜션","province":"전라남도","district":"광양시","town":"진상면","address":"전라남도 광양시 진상면 어치리 1207","placeType":"계곡","management":"일반지역","manageCode":"2","sectionM":"80.0","riskSectionM":null,"depthAvg":"1.0","depthMax":"3.0","accidents":"0","safetyAction":null,"note":null,"equipment":{"total":6,"sign":1,"rescueBox":1,"vest":1,"buoy":1,"rope":1,"pole":0},"staff":null,"coordinateCorrected":false,"sourceYear":2025}},{"type":"Feature","geometry":{"type":"Point","coordinates":[127.652094,35.1025727]},"properties":{"id":665,"name":"어치계곡8","detail":"선녀탕","province":"전라남도","district":"광양시","town":"진상면","address":"전라남도 광양시 진상면 어치리 1255-5 일원","placeType":"계곡","management":"일반지역","manageCode":"2","sectionM":"50.0","riskSectionM":null,"depthAvg":"1.0","depthMax":"2.0","accidents":"0","safetyAction":null,"note":null,"equipment":{"total":5,"sign":0,"rescueBox":1,"vest":1,"buoy":1,"rope":1,"pole":0},"staff":null,"coordinateCorrected":false,"sourceYear":2025}},{"type":"Feature","geometry":{"type":"Point","coordinates":[127.652094,35.1025727]},"properties":{"id":666,"name":"어치계곡9","detail":"오로대","province":"전라남도","district":"광양시","town":"진상면","address":"전라남도 광양시 진상면 어치리 1255-5 오로대 아래","placeType":"계곡","management":"일반지역","manageCode":"2","sectionM":"50.0","riskSectionM":null,"depthAvg":"1.0","depthMax":"2.0","accidents":"0","safetyAction":null,"note":null,"equipment":{"total":6,"sign":1,"rescueBox":1,"vest":1,"buoy":1,"rope":1,"pole":0},"staff":null,"coordinateCorrected":false,"sourceYear":2025}},{"type":"Feature","geometry":{"type":"Point","coordinates":[127.6713591,35.0899544]},"properties":{"id":667,"name":"어치계곡10","detail":"어치에서좋은집펜션 아래","province":"전라남도","district":"광양시","town":"진상면","address":"전라남도 광양시 진상면 어치리 964","placeType":"계곡","management":"일반지역","manageCode":"2","sectionM":"50.0","riskSectionM":null,"depthAvg":"1.0","depthMax":"3.0","accidents":"0","safetyAction":null,"note":null,"equipment":{"total":7,"sign":2,"rescueBox":1,"vest":0,"buoy":2,"rope":1,"pole":0},"staff":null,"coordinateCorrected":false,"sourceYear":2025}},{"type":"Feature","geometry":{"type":"Point","coordinates":[127.6663559,35.0904976]},"properties":{"id":668,"name":"어치계곡11","detail":"시냇물농원펜션","province":"전라남도","district":"광양시","town":"진상면","address":"전라남도 광양시 진상면 어치리 1089","placeType":"계곡","management":"일반지역","manageCode":"2","sectionM":"50.0","riskSectionM":null,"depthAvg":"1.0","depthMax":"2.0","accidents":"0","safetyAction":null,"note":null,"equipment":{"total":4,"sign":0,"rescueBox":1,"vest":1,"buoy":1,"rope":1,"pole":0},"staff":null,"coordinateCorrected":false,"sourceYear":2025}},{"type":"Feature","geometry":{"type":"Point","coordinates":[127.6529398,35.1566532]},"properties":{"id":669,"name":"금천계곡1","detail":"제일가든 앞","province":"전라남도","district":"광양시","town":"다압면","address":"전라남도 광양시 다압면 금천리 1541","placeType":"계곡","management":"일반지역","manageCode":"2","sectionM":"30.0","riskSectionM":null,"depthAvg":"1.0","depthMax":"2.0","accidents":"0","safetyAction":null,"note":null,"equipment":{"total":7,"sign":1,"rescueBox":1,"vest":3,"buoy":0,"rope":2,"pole":0},"staff":null,"coordinateCorrected":false,"sourceYear":2025}},{"type":"Feature","geometry":{"type":"Point","coordinates":[127.6473039,35.1485384]},"properties":{"id":670,"name":"금천계곡2","detail":"농바위계곡휴양소","province":"전라남도","district":"광양시","town":"다압면","address":"전라남도 광양시 다압면 금천리 1135","placeType":"계곡","management":"일반지역","manageCode":"2","sectionM":"90.0","riskSectionM":null,"depthAvg":"1.0","depthMax":"2.0","accidents":"0","safetyAction":null,"note":null,"equipment":{"total":4,"sign":0,"rescueBox":1,"vest":2,"buoy":1,"rope":0,"pole":0},"staff":null,"coordinateCorrected":false,"sourceYear":2025}},{"type":"Feature","geometry":{"type":"Point","coordinates":[127.6426248,35.1457048]},"properties":{"id":671,"name":"금천계곡3","detail":"금천계곡","province":"전라남도","district":"광양시","town":"다압면","address":"전라남도 광양시 다압면 금천리 1047","placeType":"계곡","management":"일반지역","manageCode":"2","sectionM":"80.0","riskSectionM":null,"depthAvg":"1.0","depthMax":"1.0","accidents":"0","safetyAction":null,"note":null,"equipment":{"total":10,"sign":2,"rescueBox":1,"vest":3,"buoy":2,"rope":2,"pole":0},"staff":null,"coordinateCorrected":false,"sourceYear":2025}},{"type":"Feature","geometry":{"type":"Point","coordinates":[127.6390225,35.1427765]},"properties":{"id":672,"name":"금천계곡4","detail":"서동민박","province":"전라남도","district":"광양시","town":"다압면","address":"전라남도 광양시 다압면 금천리 1025-2","placeType":"계곡","management":"일반지역","manageCode":"2","sectionM":"100.0","riskSectionM":null,"depthAvg":"1.0","depthMax":"1.0","accidents":"0","safetyAction":null,"note":null,"equipment":{"total":7,"sign":1,"rescueBox":1,"vest":3,"buoy":2,"rope":0,"pole":0},"staff":null,"coordinateCorrected":false,"sourceYear":2025}},{"type":"Feature","geometry":{"type":"Point","coordinates":[127.6509072,35.1499449]},"properties":{"id":673,"name":"금천계곡5","detail":"동동교","province":"전라남도","district":"광양시","town":"다압면","address":"전라남도 광양시 다압면 금천리 1453-1","placeType":"계곡","management":"일반지역","manageCode":"2","sectionM":"50.0","riskSectionM":null,"depthAvg":"1.0","depthMax":"2.0","accidents":"0","safetyAction":null,"note":null,"equipment":{"total":0,"sign":0,"rescueBox":0,"vest":0,"buoy":0,"rope":0,"pole":0},"staff":null,"coordinateCorrected":false,"sourceYear":2025}},{"type":"Feature","geometry":{"type":"Point","coordinates":[126.8758039,35.3038391]},"properties":{"id":674,"name":"한재골","detail":"계곡사방댐","province":"전라남도","district":"담양군","town":"대전면","address":"전라남도 담양군 대전면 평장리 산 85-8","placeType":"계곡","management":"일반지역","manageCode":"2","sectionM":"100.0","riskSectionM":null,"depthAvg":"1.0","depthMax":"2.0","accidents":"1","safetyAction":null,"note":null,"equipment":{"total":28,"sign":4,"rescueBox":1,"vest":6,"buoy":10,"rope":4,"pole":1},"staff":null,"coordinateCorrected":false,"sourceYear":2025}},{"type":"Feature","geometry":{"type":"Point","coordinates":[127.3693203,35.2309409]},"properties":{"id":675,"name":"청소년야영장","detail":"두가세월교아래","province":"전라남도","district":"곡성군","town":"오곡면","address":"전라남도 곡성군  오곡면 송정리 64","placeType":"하천","management":"일반지역","manageCode":"2","sectionM":"70.0","riskSectionM":null,"depthAvg":"1.0","depthMax":"3.0","accidents":"2","safetyAction":null,"note":null,"equipment":{"total":24,"sign":6,"rescueBox":1,"vest":3,"buoy":3,"rope":3,"pole":0},"staff":null,"coordinateCorrected":false,"sourceYear":2025}},{"type":"Feature","geometry":{"type":"Point","coordinates":[127.3702925,35.1879342]},"properties":{"id":676,"name":"압록유원지","detail":"압록교 아래","province":"전라남도","district":"곡성군","town":"죽곡면","address":"전라남도 곡성군  죽곡면 하한리1039","placeType":"하천","management":"일반지역","manageCode":"2","sectionM":"100.0","riskSectionM":null,"depthAvg":"1.0","depthMax":"4.0","accidents":"0","safetyAction":null,"note":"어린이구역","equipment":{"total":38,"sign":11,"rescueBox":2,"vest":5,"buoy":5,"rope":5,"pole":0},"staff":null,"coordinateCorrected":false,"sourceYear":2025}},{"type":"Feature","geometry":{"type":"Point","coordinates":[127.3857276,35.1903763]},"properties":{"id":677,"name":"유곡","detail":"유곡유원지","province":"전라남도","district":"구례군","town":"구례읍","address":"전라남도 구례군 구례읍  계산리 1332","placeType":"하천","management":"일반지역","manageCode":"2","sectionM":"400.0","riskSectionM":null,"depthAvg":"1.0","depthMax":"4.0","accidents":"0","safetyAction":null,"note":null,"equipment":{"total":43,"sign":2,"rescueBox":2,"vest":23,"buoy":4,"rope":10,"pole":0},"staff":null,"coordinateCorrected":false,"sourceYear":2025}},{"type":"Feature","geometry":{"type":"Point","coordinates":[127.4652026,35.1674211]},"properties":{"id":678,"name":"병방","detail":"병방유원지","province":"전라남도","district":"구례군","town":"구례읍","address":"전라남도 구례군 구례읍  원방리 676-4","placeType":"하천","management":"일반지역","manageCode":"2","sectionM":"670.0","riskSectionM":null,"depthAvg":"1.0","depthMax":"3.0","accidents":"0","safetyAction":null,"note":null,"equipment":{"total":55,"sign":2,"rescueBox":1,"vest":29,"buoy":10,"rope":10,"pole":0},"staff":null,"coordinateCorrected":false,"sourceYear":2025}},{"type":"Feature","geometry":{"type":"Point","coordinates":[127.5440493,35.1296344]},"properties":{"id":679,"name":"용지동","detail":"용소산장위","province":"전라남도","district":"구례군","town":"간전면","address":"전라남도 구례군 간전면 금산리","placeType":"계곡","management":"일반지역","manageCode":"2","sectionM":"75.0","riskSectionM":null,"depthAvg":"1.0","depthMax":"3.0","accidents":"1","safetyAction":null,"note":null,"equipment":{"total":14,"sign":1,"rescueBox":1,"vest":6,"buoy":2,"rope":2,"pole":0},"staff":null,"coordinateCorrected":false,"sourceYear":2025}},{"type":"Feature","geometry":{"type":"Point","coordinates":[127.6023972,35.2027419]},"properties":{"id":680,"name":"외곡","detail":"외곡유원지","province":"전라남도","district":"구례군","town":"토지면","address":"전라남도 구례군 토지면 외곡리 1102-20","placeType":"하천","management":"일반지역","manageCode":"2","sectionM":"450.0","riskSectionM":null,"depthAvg":"1.0","depthMax":"5.0","accidents":"2","safetyAction":null,"note":null,"equipment":{"total":34,"sign":3,"rescueBox":1,"vest":20,"buoy":5,"rope":3,"pole":0},"staff":null,"coordinateCorrected":false,"sourceYear":2025}},{"type":"Feature","geometry":{"type":"Point","coordinates":[127.6052846,35.2627847]},"properties":{"id":681,"name":"피아골","detail":"신촌교옆","province":"전라남도","district":"구례군","town":"토지면","address":"전라남도 구례군 토지면 내동리","placeType":"계곡","management":"일반지역","manageCode":"2","sectionM":"150.0","riskSectionM":null,"depthAvg":"1.0","depthMax":"3.0","accidents":"1","safetyAction":null,"note":null,"equipment":{"total":15,"sign":3,"rescueBox":2,"vest":5,"buoy":1,"rope":3,"pole":0},"staff":null,"coordinateCorrected":false,"sourceYear":2025}},{"type":"Feature","geometry":{"type":"Point","coordinates":[127.5393228,35.2532719]},"properties":{"id":682,"name":"문수","detail":"문수슈퍼앞","province":"전라남도","district":"구례군","town":"토지면","address":"전라남도 구례군 토지면 문수리","placeType":"계곡","management":"일반지역","manageCode":"2","sectionM":"250.0","riskSectionM":null,"depthAvg":"1.0","depthMax":"3.0","accidents":"0","safetyAction":null,"note":null,"equipment":{"total":16,"sign":2,"rescueBox":2,"vest":6,"buoy":2,"rope":1,"pole":0},"staff":null,"coordinateCorrected":false,"sourceYear":2025}},{"type":"Feature","geometry":{"type":"Point","coordinates":[127.6052846,35.2627847]},"properties":{"id":683,"name":"연곡사보도교","detail":"연곡사보도교","province":"전라남도","district":"구례군","town":"토지면","address":"전라남도 구례군 토지면 내동리","placeType":"계곡","management":"일반지역","manageCode":"2","sectionM":"250.0","riskSectionM":null,"depthAvg":"1.0","depthMax":"2.0","accidents":"0","safetyAction":null,"note":null,"equipment":{"total":11,"sign":1,"rescueBox":1,"vest":6,"buoy":2,"rope":1,"pole":0},"staff":null,"coordinateCorrected":false,"sourceYear":2025}},{"type":"Feature","geometry":{"type":"Point","coordinates":[127.5016168,35.2613924]},"properties":{"id":684,"name":"화엄사","detail":"샘골계곡","province":"전라남도","district":"구례군","town":"마산면","address":"전라남도 구례군 마산면 황전리","placeType":"계곡","management":"일반지역","manageCode":"2","sectionM":"60.0","riskSectionM":null,"depthAvg":"1.0","depthMax":"3.0","accidents":"0","safetyAction":null,"note":null,"equipment":{"total":13,"sign":1,"rescueBox":1,"vest":6,"buoy":2,"rope":1,"pole":0},"staff":null,"coordinateCorrected":false,"sourceYear":2025}},{"type":"Feature","geometry":{"type":"Point","coordinates":[127.4882511,35.3296084]},"properties":{"id":685,"name":"상위","detail":"상위교아래","province":"전라남도","district":"구례군","town":"산동면","address":"전라남도 구례군 산동면 위안리 235-1","placeType":"계곡","management":"일반지역","manageCode":"2","sectionM":"100.0","riskSectionM":null,"depthAvg":"1.0","depthMax":"3.0","accidents":"0","safetyAction":null,"note":null,"equipment":{"total":10,"sign":1,"rescueBox":1,"vest":6,"buoy":0,"rope":1,"pole":0},"staff":null,"coordinateCorrected":false,"sourceYear":2025}},{"type":"Feature","geometry":{"type":"Point","coordinates":[127.4581593,35.3462209]},"properties":{"id":686,"name":"수락","detail":"수락폭포","province":"전라남도","district":"구례군","town":"산동면","address":"전라남도 구례군 산동면 수기리 243-9","placeType":"계곡","management":"일반지역","manageCode":"2","sectionM":"100.0","riskSectionM":null,"depthAvg":"1.0","depthMax":"4.0","accidents":"0","safetyAction":null,"note":null,"equipment":{"total":9,"sign":1,"rescueBox":1,"vest":6,"buoy":0,"rope":1,"pole":0},"staff":null,"coordinateCorrected":false,"sourceYear":2025}},{"type":"Feature","geometry":{"type":"Point","coordinates":[127.1540951,34.8259259]},"properties":{"id":687,"name":"다락금솔밭공원","detail":"솔밭공원","province":"전라남도","district":"보성군","town":"겸백면","address":"전라남도 보성군 겸백면 도안리 산 31-1","placeType":"하천","management":"일반지역","manageCode":"2","sectionM":"0.0","riskSectionM":null,"depthAvg":"1.0","depthMax":"1.5","accidents":"0","safetyAction":null,"note":null,"equipment":{"total":13,"sign":5,"rescueBox":2,"vest":2,"buoy":2,"rope":2,"pole":0},"staff":null,"coordinateCorrected":false,"sourceYear":2025}},{"type":"Feature","geometry":{"type":"Point","coordinates":[126.9890799,34.6996943]},"properties":{"id":688,"name":"제암산자연휴양림","detail":"제암산자연휴양림","province":"전라남도","district":"보성군","town":"웅치면","address":"전라남도 보성군 웅치면 대산리 산 67","placeType":"하천","management":"일반지역","manageCode":"2","sectionM":"0.0","riskSectionM":null,"depthAvg":"2.0","depthMax":"3.0","accidents":"0","safetyAction":null,"note":null,"equipment":{"total":10,"sign":2,"rescueBox":2,"vest":2,"buoy":2,"rope":2,"pole":0},"staff":null,"coordinateCorrected":false,"sourceYear":2025}},{"type":"Feature","geometry":{"type":"Point","coordinates":[127.0954491,34.7902572]},"properties":{"id":689,"name":"자연생태체험학습장","detail":"정자교 아래","province":"전라남도","district":"보성군","town":"보성읍","address":"전라남도 보성군 보성읍 용문리 488","placeType":"계곡","management":"일반지역","manageCode":"2","sectionM":"0.0","riskSectionM":null,"depthAvg":"0.0","depthMax":"0.0","accidents":"0","safetyAction":null,"note":null,"equipment":{"total":11,"sign":2,"rescueBox":2,"vest":2,"buoy":2,"rope":2,"pole":1},"staff":null,"coordinateCorrected":false,"sourceYear":2025}},{"type":"Feature","geometry":{"type":"Point","coordinates":[127.0151374,34.6911133]},"properties":{"id":690,"name":"용추계곡","detail":"용추계곡","province":"전라남도","district":"보성군","town":"웅치면","address":"전라남도 보성군 웅치면 용반리 산 142","placeType":"계곡","management":"일반지역","manageCode":"2","sectionM":"0.0","riskSectionM":null,"depthAvg":"0.0","depthMax":"0.0","accidents":"0","safetyAction":null,"note":null,"equipment":{"total":16,"sign":4,"rescueBox":3,"vest":3,"buoy":3,"rope":3,"pole":0},"staff":null,"coordinateCorrected":false,"sourceYear":2025}},{"type":"Feature","geometry":{"type":"Point","coordinates":[126.9787854,34.9418669]},"properties":{"id":691,"name":"베틀바위","detail":"베틀바위 유원지","province":"전라남도","district":"화순군","town":"춘양면","address":"전라남도 화순군 춘양면 용두리 401","placeType":"하천","management":"일반지역","manageCode":"2","sectionM":"800.0","riskSectionM":null,"depthAvg":"2.0","depthMax":"3.0","accidents":"0","safetyAction":null,"note":null,"equipment":{"total":21,"sign":4,"rescueBox":3,"vest":6,"buoy":3,"rope":4,"pole":0},"staff":null,"coordinateCorrected":false,"sourceYear":2025}},{"type":"Feature","geometry":{"type":"Point","coordinates":[126.9934637,34.8813815]},"properties":{"id":692,"name":"귀미뜰","detail":"귀미뜰 유원지","province":"전라남도","district":"화순군","town":"청풍면","address":"전라남도 화순군 청풍면 신리 2-1","placeType":"하천","management":"일반지역","manageCode":"2","sectionM":"100.0","riskSectionM":null,"depthAvg":"1.0","depthMax":"2.0","accidents":"0","safetyAction":null,"note":null,"equipment":{"total":65,"sign":4,"rescueBox":2,"vest":18,"buoy":27,"rope":13,"pole":0},"staff":null,"coordinateCorrected":false,"sourceYear":2025}},{"type":"Feature","geometry":{"type":"Point","coordinates":[127.1140474,35.0739513]},"properties":{"id":693,"name":"만경대","detail":"만경대 유원지","province":"전라남도","district":"화순군","town":"동복면","address":"전라남도 화순군 동복면 연월리 974-2","placeType":"하천","management":"일반지역","manageCode":"2","sectionM":"50.0","riskSectionM":null,"depthAvg":"1.0","depthMax":"3.0","accidents":"0","safetyAction":null,"note":null,"equipment":{"total":16,"sign":2,"rescueBox":2,"vest":4,"buoy":3,"rope":4,"pole":0},"staff":null,"coordinateCorrected":false,"sourceYear":2025}},{"type":"Feature","geometry":{"type":"Point","coordinates":[127.1223196,35.0427897]},"properties":{"id":694,"name":"숲정이","detail":"숲정이 유원지","province":"전라남도","district":"화순군","town":"동복면","address":"전라남도 화순군 동복면 연둔리 158","placeType":"하천","management":"일반지역","manageCode":"2","sectionM":"50.0","riskSectionM":null,"depthAvg":"1.0","depthMax":"2.0","accidents":"0","safetyAction":null,"note":null,"equipment":{"total":16,"sign":2,"rescueBox":2,"vest":4,"buoy":3,"rope":4,"pole":0},"staff":null,"coordinateCorrected":false,"sourceYear":2025}},{"type":"Feature","geometry":{"type":"Point","coordinates":[127.104152,35.0170586]},"properties":{"id":695,"name":"봉황대","detail":"봉황가든 앞","province":"전라남도","district":"화순군","town":"사평면","address":"전라남도 화순군 사평면 장전리 639-33","placeType":"하천","management":"일반지역","manageCode":"2","sectionM":"500.0","riskSectionM":null,"depthAvg":"2.0","depthMax":"2.0","accidents":"0","safetyAction":null,"note":null,"equipment":{"total":43,"sign":10,"rescueBox":6,"vest":14,"buoy":7,"rope":5,"pole":0},"staff":null,"coordinateCorrected":false,"sourceYear":2025}},{"type":"Feature","geometry":{"type":"Point","coordinates":[127.0651283,34.9641557]},"properties":{"id":696,"name":"동가리 유원지","detail":"동가리 유원지","province":"전라남도","district":"화순군","town":"한천면","address":"전라남도 화순군 한천면 동가리 382-3","placeType":"하천","management":"일반지역","manageCode":"2","sectionM":"200.0","riskSectionM":null,"depthAvg":"1.0","depthMax":"2.0","accidents":"0","safetyAction":null,"note":null,"equipment":{"total":17,"sign":1,"rescueBox":1,"vest":4,"buoy":4,"rope":6,"pole":0},"staff":null,"coordinateCorrected":false,"sourceYear":2025}},{"type":"Feature","geometry":{"type":"Point","coordinates":[126.979329,34.5720447]},"properties":{"id":697,"name":"장천재계곡","detail":"장천재계곡","province":"전라남도","district":"장흥군","town":"관산읍","address":"전라남도 장흥군 관산읍","placeType":"계곡","management":"일반지역","manageCode":"2","sectionM":"35.0","riskSectionM":null,"depthAvg":"0.7","depthMax":"1.0","accidents":"1","safetyAction":null,"note":null,"equipment":{"total":7,"sign":3,"rescueBox":1,"vest":1,"buoy":1,"rope":1,"pole":0},"staff":null,"coordinateCorrected":false,"sourceYear":2025}},{"type":"Feature","geometry":{"type":"Point","coordinates":[126.9032573,34.5148657]},"properties":{"id":698,"name":"용둠벙계곡","detail":"용둥벙계곡","province":"전라남도","district":"장흥군","town":"대덕읍","address":"전라남도 장흥군 대덕읍 연지리 801-6","placeType":"계곡","management":"일반지역","manageCode":"2","sectionM":"18.0","riskSectionM":null,"depthAvg":"1.0","depthMax":"1.0","accidents":"0","safetyAction":null,"note":null,"equipment":{"total":8,"sign":4,"rescueBox":1,"vest":1,"buoy":1,"rope":1,"pole":0},"staff":null,"coordinateCorrected":false,"sourceYear":2025}},{"type":"Feature","geometry":{"type":"Point","coordinates":[126.8913309,34.8170903]},"properties":{"id":699,"name":"봉덕계곡","detail":"봉덕계곡","province":"전라남도","district":"장흥군","town":"유치면","address":"전라남도 장흥군 유치면 봉덕리 514","placeType":"계곡","management":"일반지역","manageCode":"2","sectionM":"80.0","riskSectionM":null,"depthAvg":"0.6","depthMax":"1.2","accidents":"0","safetyAction":null,"note":null,"equipment":{"total":20,"sign":4,"rescueBox":4,"vest":4,"buoy":4,"rope":4,"pole":0},"staff":null,"coordinateCorrected":false,"sourceYear":2025}},{"type":"Feature","geometry":{"type":"Point","coordinates":[126.9049709,34.6784039]},"properties":{"id":700,"name":"탐진강","detail":"탐진강(장흥대교~석대보)","province":"전라남도","district":"장흥군","town":"장흥읍","address":"전라남도 장흥군 장흥읍 건산리805","placeType":"하천","management":"일반지역","manageCode":"2","sectionM":"1400.0","riskSectionM":null,"depthAvg":"1.0","depthMax":"1.5","accidents":"1","safetyAction":null,"note":null,"equipment":{"total":29,"sign":13,"rescueBox":4,"vest":4,"buoy":4,"rope":4,"pole":0},"staff":null,"coordinateCorrected":false,"sourceYear":2025}},{"type":"Feature","geometry":{"type":"Point","coordinates":[126.8619004,34.568461]},"properties":{"id":701,"name":"초당림","detail":"초당림","province":"전라남도","district":"강진군","town":"칠량면","address":"전라남도 강진군 칠량면 명주리 275-1","placeType":"계곡","management":"일반지역","manageCode":"2","sectionM":"100.0","riskSectionM":null,"depthAvg":"1.0","depthMax":"1.0","accidents":"0","safetyAction":null,"note":null,"equipment":{"total":33,"sign":1,"rescueBox":1,"vest":12,"buoy":10,"rope":5,"pole":0},"staff":null,"coordinateCorrected":false,"sourceYear":2025}},{"type":"Feature","geometry":{"type":"Point","coordinates":[126.762714,34.6523831]},"properties":{"id":702,"name":"보은산V-랜드","detail":"V-랜드","province":"전라남도","district":"강진군","town":"강진읍","address":"전라남도 강진군 강진읍  남성리 342","placeType":"계곡","management":"일반지역","manageCode":"2","sectionM":"150.0","riskSectionM":null,"depthAvg":"0.9","depthMax":"1.0","accidents":"0","safetyAction":null,"note":null,"equipment":{"total":33,"sign":5,"rescueBox":2,"vest":10,"buoy":6,"rope":6,"pole":0},"staff":null,"coordinateCorrected":false,"sourceYear":2025}},{"type":"Feature","geometry":{"type":"Point","coordinates":[126.5526326,34.5252452]},"properties":{"id":703,"name":"어성교","detail":"어성교다리 인근","province":"전라남도","district":"해남군","town":"삼산","address":"전라남도 해남군 삼산 봉학리 733","placeType":"하천","management":"일반지역","manageCode":"2","sectionM":"100.0","riskSectionM":null,"depthAvg":"1.0","depthMax":"2.0","accidents":"0","safetyAction":null,"note":null,"equipment":{"total":34,"sign":3,"rescueBox":2,"vest":14,"buoy":5,"rope":8,"pole":0},"staff":null,"coordinateCorrected":false,"sourceYear":2025}},{"type":"Feature","geometry":{"type":"Point","coordinates":[126.5946328,34.4542417]},"properties":{"id":704,"name":"봉동계곡","detail":"봉동계곡","province":"전라남도","district":"해남군","town":"현산","address":"전라남도 해남군 현산 황산리 19","placeType":"계곡","management":"일반지역","manageCode":"2","sectionM":"100.0","riskSectionM":null,"depthAvg":"1.0","depthMax":"2.0","accidents":"0","safetyAction":null,"note":null,"equipment":{"total":38,"sign":5,"rescueBox":1,"vest":22,"buoy":4,"rope":4,"pole":0},"staff":null,"coordinateCorrected":false,"sourceYear":2025}},{"type":"Feature","geometry":{"type":"Point","coordinates":[126.6867726,34.7916892]},"properties":{"id":705,"name":"월출산기찬랜드 야외물놀이장","detail":"회의촌마을","province":"전라남도","district":"영암군","town":"영암읍","address":"전라남도 영암군 영암읍 영암읍 회문리 91","placeType":"계곡","management":"일반지역","manageCode":"2","sectionM":"147.0","riskSectionM":null,"depthAvg":"1.0","depthMax":"1.0","accidents":"0","safetyAction":null,"note":null,"equipment":{"total":227,"sign":9,"rescueBox":4,"vest":200,"buoy":10,"rope":3,"pole":0},"staff":null,"coordinateCorrected":false,"sourceYear":2025}},{"type":"Feature","geometry":{"type":"Point","coordinates":[126.8410068,35.4605238]},"properties":{"id":706,"name":"남창계곡","detail":"형제농원 앞","province":"전라남도","district":"장성군","town":"북하면","address":"전라남도 장성군 북하면 신성리 464","placeType":"계곡","management":"일반지역","manageCode":"2","sectionM":"1000.0","riskSectionM":null,"depthAvg":"1.0","depthMax":"1.0","accidents":"0","safetyAction":null,"note":null,"equipment":{"total":43,"sign":5,"rescueBox":5,"vest":17,"buoy":10,"rope":5,"pole":0},"staff":null,"coordinateCorrected":false,"sourceYear":2025}},{"type":"Feature","geometry":{"type":"Point","coordinates":[129.2349417,36.2700726]},"properties":{"id":707,"name":"하옥계곡","detail":"향로교일원","province":"경상북도","district":"포항시 북구","town":"죽장면","address":"경상북도 포항시 북구 죽장면 하옥리 산301","placeType":"계곡","management":"일반지역","manageCode":"2","sectionM":"300.0","riskSectionM":null,"depthAvg":"1.0","depthMax":"3.0","accidents":"0","safetyAction":null,"note":null,"equipment":{"total":17,"sign":4,"rescueBox":3,"vest":3,"buoy":4,"rope":3,"pole":0},"staff":null,"coordinateCorrected":false,"sourceYear":2025}},{"type":"Feature","geometry":{"type":"Point","coordinates":[129.2480962,36.2964899]},"properties":{"id":708,"name":"하옥계곡","detail":"정솔펜션 일원","province":"경상북도","district":"포항시 북구","town":"죽장면","address":"경상북도 포항시 북구 죽장면 하옥리 667-2","placeType":"계곡","management":"일반지역","manageCode":"2","sectionM":"300.0","riskSectionM":null,"depthAvg":"1.0","depthMax":"3.0","accidents":"0","safetyAction":null,"note":null,"equipment":{"total":13,"sign":1,"rescueBox":1,"vest":3,"buoy":3,"rope":3,"pole":0},"staff":null,"coordinateCorrected":false,"sourceYear":2025}},{"type":"Feature","geometry":{"type":"Point","coordinates":[129.2509268,36.3079014]},"properties":{"id":709,"name":"하옥계곡","detail":"물댄동산 수양관 일원","province":"경상북도","district":"포항시 북구","town":"죽장면","address":"경상북도 포항시 북구 죽장면 하옥리 563","placeType":"계곡","management":"일반지역","manageCode":"2","sectionM":"300.0","riskSectionM":null,"depthAvg":"1.0","depthMax":"3.0","accidents":"2","safetyAction":null,"note":null,"equipment":{"total":31,"sign":3,"rescueBox":2,"vest":7,"buoy":7,"rope":7,"pole":0},"staff":null,"coordinateCorrected":false,"sourceYear":2025}},{"type":"Feature","geometry":{"type":"Point","coordinates":[129.2404204,36.2794957]},"properties":{"id":710,"name":"하옥계곡","detail":"곡산공방","province":"경상북도","district":"포항시 북구","town":"죽장면","address":"경상북도 포항시 북구 죽장면 하옥리 921","placeType":"계곡","management":"일반지역","manageCode":"2","sectionM":"300.0","riskSectionM":null,"depthAvg":"1.0","depthMax":"3.0","accidents":"0","safetyAction":null,"note":null,"equipment":{"total":10,"sign":2,"rescueBox":2,"vest":2,"buoy":2,"rope":2,"pole":0},"staff":null,"coordinateCorrected":false,"sourceYear":2025}},{"type":"Feature","geometry":{"type":"Point","coordinates":[129.0771271,36.152284]},"properties":{"id":711,"name":"자호천","detail":"자호천","province":"경상북도","district":"포항시 북구","town":"죽장면","address":"경상북도 포항시 북구 죽장면 일광리 산141","placeType":"하천","management":"일반지역","manageCode":"2","sectionM":"50.0","riskSectionM":null,"depthAvg":"1.0","depthMax":"2.0","accidents":"0","safetyAction":null,"note":null,"equipment":{"total":13,"sign":5,"rescueBox":2,"vest":2,"buoy":2,"rope":2,"pole":0},"staff":null,"coordinateCorrected":false,"sourceYear":2025}},{"type":"Feature","geometry":{"type":"Point","coordinates":[129.1724889,36.2067285]},"properties":{"id":712,"name":"가사천변","detail":"가사천변","province":"경상북도","district":"포항시 북구","town":"죽장면","address":"경상북도 포항시 북구 죽장면 가사리 산6-6","placeType":"하천","management":"일반지역","manageCode":"2","sectionM":"100.0","riskSectionM":null,"depthAvg":"1.0","depthMax":"2.0","accidents":"0","safetyAction":null,"note":null,"equipment":{"total":9,"sign":1,"rescueBox":1,"vest":2,"buoy":2,"rope":2,"pole":0},"staff":null,"coordinateCorrected":false,"sourceYear":2025}},{"type":"Feature","geometry":{"type":"Point","coordinates":[129.0585828,36.1764264]},"properties":{"id":713,"name":"현내천변","detail":"현내천변","province":"경상북도","district":"포항시 북구","town":"죽장면","address":"경상북도 포항시 북구 죽장면 현내리 산80","placeType":"하천","management":"일반지역","manageCode":"2","sectionM":"100.0","riskSectionM":null,"depthAvg":"1.0","depthMax":"2.0","accidents":"0","safetyAction":null,"note":null,"equipment":{"total":5,"sign":1,"rescueBox":1,"vest":1,"buoy":1,"rope":1,"pole":0},"staff":null,"coordinateCorrected":false,"sourceYear":2025}},{"type":"Feature","geometry":{"type":"Point","coordinates":[129.2608734,36.2855494]},"properties":{"id":714,"name":"마두교","detail":"마두교","province":"경상북도","district":"포항시 북구","town":"죽장면","address":"경상북도 포항시 북구 죽장면 하옥리 산273","placeType":"계곡","management":"일반지역","manageCode":"2","sectionM":"200.0","riskSectionM":null,"depthAvg":"1.0","depthMax":"2.0","accidents":"0","safetyAction":null,"note":null,"equipment":{"total":22,"sign":2,"rescueBox":3,"vest":5,"buoy":5,"rope":5,"pole":0},"staff":null,"coordinateCorrected":false,"sourceYear":2025}},{"type":"Feature","geometry":{"type":"Point","coordinates":[129.3155099,36.252626]},"properties":{"id":715,"name":"보경사계곡","detail":"보경사계곡","province":"경상북도","district":"포항시 북구","town":"송라면","address":"경상북도 포항시 북구 송라면 중산리638","placeType":"계곡","management":"일반지역","manageCode":"2","sectionM":"2000.0","riskSectionM":null,"depthAvg":"1.0","depthMax":"4.0","accidents":"1","safetyAction":null,"note":null,"equipment":{"total":49,"sign":3,"rescueBox":3,"vest":7,"buoy":15,"rope":15,"pole":0},"staff":null,"coordinateCorrected":false,"sourceYear":2025}},{"type":"Feature","geometry":{"type":"Point","coordinates":[129.3838943,35.932652]},"properties":{"id":716,"name":"항사리","detail":"항사리(수정사 입구)","province":"경상북도","district":"포항시 남구","town":"오천읍","address":"경상북도 포항시 남구 오천읍 항사리 448","placeType":"계곡","management":"일반지역","manageCode":"2","sectionM":"100.0","riskSectionM":null,"depthAvg":"1.0","depthMax":"2.0","accidents":"0","safetyAction":null,"note":null,"equipment":{"total":320,"sign":2,"rescueBox":1,"vest":15,"buoy":1,"rope":300,"pole":1},"staff":null,"coordinateCorrected":false,"sourceYear":2025}},{"type":"Feature","geometry":{"type":"Point","coordinates":[129.4773861,35.7438316]},"properties":{"id":717,"name":"대종천","detail":"대종천","province":"경상북도","district":"경주시","town":"문무대왕면","address":"경상북도 경주시 문무대왕면 봉길리 502","placeType":"하천","management":"일반지역","manageCode":"2","sectionM":"300.0","riskSectionM":null,"depthAvg":"1.0","depthMax":"1.5","accidents":"0","safetyAction":null,"note":null,"equipment":{"total":15,"sign":1,"rescueBox":1,"vest":5,"buoy":2,"rope":2,"pole":0},"staff":null,"coordinateCorrected":false,"sourceYear":2025}},{"type":"Feature","geometry":{"type":"Point","coordinates":[129.044678,35.7588478]},"properties":{"id":718,"name":"동창천(1)","detail":"청룡폭포","province":"경상북도","district":"경주시","town":"산내면","address":"경상북도 경주시 산내면 의곡리591-39","placeType":"하천","management":"일반지역","manageCode":"2","sectionM":"200.0","riskSectionM":null,"depthAvg":"1.0","depthMax":"2.0","accidents":"1","safetyAction":null,"note":null,"equipment":{"total":30,"sign":2,"rescueBox":5,"vest":10,"buoy":4,"rope":4,"pole":0},"staff":null,"coordinateCorrected":false,"sourceYear":2025}},{"type":"Feature","geometry":{"type":"Point","coordinates":[128.9837172,35.7599079]},"properties":{"id":719,"name":"동창천(2)","detail":"매곡교하부","province":"경상북도","district":"경주시","town":"산내면","address":"경상북도 경주시 산내면 신원리1347","placeType":"하천","management":"일반지역","manageCode":"2","sectionM":"100.0","riskSectionM":null,"depthAvg":"1.0","depthMax":"2.0","accidents":"0","safetyAction":null,"note":null,"equipment":{"total":15,"sign":1,"rescueBox":2,"vest":5,"buoy":2,"rope":2,"pole":0},"staff":null,"coordinateCorrected":false,"sourceYear":2025}},{"type":"Feature","geometry":{"type":"Point","coordinates":[129.0653304,35.7234458]},"properties":{"id":720,"name":"동창천(3)","detail":"그린하우스앞","province":"경상북도","district":"경주시","town":"산내면","address":"경상북도 경주시 산내면 대현리 494-1","placeType":"계곡","management":"일반지역","manageCode":"2","sectionM":"100.0","riskSectionM":null,"depthAvg":"1.0","depthMax":"2.0","accidents":"0","safetyAction":null,"note":null,"equipment":{"total":13,"sign":1,"rescueBox":1,"vest":5,"buoy":1,"rope":2,"pole":0},"staff":null,"coordinateCorrected":false,"sourceYear":2025}},{"type":"Feature","geometry":{"type":"Point","coordinates":[129.0777935,35.7008562]},"properties":{"id":721,"name":"동창천(4)","detail":"태종계곡","province":"경상북도","district":"경주시","town":"산내면","address":"경상북도 경주시 산내면 대현리 109","placeType":"계곡","management":"일반지역","manageCode":"2","sectionM":"100.0","riskSectionM":null,"depthAvg":"1.0","depthMax":"2.0","accidents":"0","safetyAction":null,"note":null,"equipment":{"total":13,"sign":1,"rescueBox":2,"vest":5,"buoy":1,"rope":2,"pole":0},"staff":null,"coordinateCorrected":false,"sourceYear":2025}},{"type":"Feature","geometry":{"type":"Point","coordinates":[128.1127927,36.0538664]},"properties":{"id":722,"name":"장암교","detail":"장암교","province":"경상북도","district":"김천시","town":"조마","address":"경상북도 김천시 조마  장암리","placeType":"하천","management":"일반지역","manageCode":"2","sectionM":"150.0","riskSectionM":null,"depthAvg":"1.0","depthMax":"1.5","accidents":"0","safetyAction":null,"note":null,"equipment":{"total":16,"sign":4,"rescueBox":1,"vest":3,"buoy":4,"rope":3,"pole":0},"staff":null,"coordinateCorrected":false,"sourceYear":2025}},{"type":"Feature","geometry":{"type":"Point","coordinates":[127.9657379,35.9979804]},"properties":{"id":723,"name":"구남천","detail":"구남천","province":"경상북도","district":"김천시","town":"부항","address":"경상북도 김천시 부항 두산리","placeType":"하천","management":"일반지역","manageCode":"2","sectionM":"200.0","riskSectionM":null,"depthAvg":"0.5","depthMax":"1.5","accidents":"0","safetyAction":null,"note":null,"equipment":{"total":18,"sign":5,"rescueBox":2,"vest":4,"buoy":4,"rope":3,"pole":0},"staff":null,"coordinateCorrected":false,"sourceYear":2025}},{"type":"Feature","geometry":{"type":"Point","coordinates":[128.0588331,35.9058003]},"properties":{"id":724,"name":"사인암","detail":"사인암","province":"경상북도","district":"김천시","town":"증산","address":"경상북도 김천시 증산 유성리 741","placeType":"하천","management":"일반지역","manageCode":"2","sectionM":"100.0","riskSectionM":null,"depthAvg":"1.0","depthMax":"2.0","accidents":"0","safetyAction":null,"note":null,"equipment":{"total":8,"sign":0,"rescueBox":1,"vest":2,"buoy":2,"rope":3,"pole":0},"staff":null,"coordinateCorrected":false,"sourceYear":2025}},{"type":"Feature","geometry":{"type":"Point","coordinates":[128.0536728,35.8632579]},"properties":{"id":725,"name":"대가천","detail":"대가천","province":"경상북도","district":"김천시","town":"증산","address":"경상북도 김천시 증산 황점리 261-1","placeType":"하천","management":"일반지역","manageCode":"2","sectionM":"300.0","riskSectionM":null,"depthAvg":"0.5","depthMax":"1.5","accidents":"0","safetyAction":null,"note":null,"equipment":{"total":15,"sign":5,"rescueBox":0,"vest":2,"buoy":3,"rope":3,"pole":0},"staff":null,"coordinateCorrected":false,"sourceYear":2025}},{"type":"Feature","geometry":{"type":"Point","coordinates":[128.0446427,35.8990645]},"properties":{"id":726,"name":"옥류정(백천교)","detail":"대가천","province":"경상북도","district":"김천시","town":"증산","address":"경상북도 김천시 증산 유성리 195-1","placeType":"하천","management":"일반지역","manageCode":"2","sectionM":"200.0","riskSectionM":null,"depthAvg":"1.0","depthMax":"2.0","accidents":"0","safetyAction":null,"note":null,"equipment":{"total":9,"sign":1,"rescueBox":1,"vest":3,"buoy":2,"rope":2,"pole":0},"staff":null,"coordinateCorrected":false,"sourceYear":2025}},{"type":"Feature","geometry":{"type":"Point","coordinates":[128.0154781,35.8822115]},"properties":{"id":727,"name":"와룡암","detail":"와룡암","province":"경상북도","district":"김천시","town":"증산","address":"경상북도 김천시 증산 평촌리 산 78","placeType":"하천","management":"일반지역","manageCode":"2","sectionM":"500.0","riskSectionM":null,"depthAvg":"1.0","depthMax":"1.5","accidents":"0","safetyAction":null,"note":null,"equipment":{"total":14,"sign":3,"rescueBox":1,"vest":3,"buoy":3,"rope":3,"pole":0},"staff":null,"coordinateCorrected":false,"sourceYear":2025}},{"type":"Feature","geometry":{"type":"Point","coordinates":[128.0119605,35.8644056]},"properties":{"id":728,"name":"용추폭포","detail":"용추폭포","province":"경상북도","district":"김천시","town":"증산","address":"경상북도 김천시 증산 수도리 21-4","placeType":"계곡","management":"일반지역","manageCode":"2","sectionM":"100.0","riskSectionM":null,"depthAvg":"1.0","depthMax":"2.5","accidents":"0","safetyAction":null,"note":null,"equipment":{"total":8,"sign":1,"rescueBox":0,"vest":2,"buoy":2,"rope":2,"pole":0},"staff":null,"coordinateCorrected":false,"sourceYear":2025}},{"type":"Feature","geometry":{"type":"Point","coordinates":[128.0514786,35.895206]},"properties":{"id":729,"name":"장군묘","detail":"대가천","province":"경상북도","district":"김천시","town":"증산","address":"경상북도 김천시 증산 유성리 산60-2","placeType":"하천","management":"일반지역","manageCode":"2","sectionM":"300.0","riskSectionM":null,"depthAvg":"1.0","depthMax":"2.5","accidents":"0","safetyAction":null,"note":null,"equipment":{"total":5,"sign":2,"rescueBox":0,"vest":0,"buoy":1,"rope":1,"pole":0},"staff":null,"coordinateCorrected":false,"sourceYear":2025}},{"type":"Feature","geometry":{"type":"Point","coordinates":[128.5903848,36.5525886]},"properties":{"id":730,"name":"마애유원지","detail":"마애유원지","province":"경상북도","district":"안동시","town":"풍산읍","address":"경상북도 안동시 풍산읍 마애리 60","placeType":"유원지","management":"일반지역","manageCode":"2","sectionM":"200.0","riskSectionM":null,"depthAvg":"1.0","depthMax":"3.0","accidents":"0","safetyAction":null,"note":null,"equipment":{"total":5,"sign":1,"rescueBox":1,"vest":1,"buoy":1,"rope":1,"pole":0},"staff":null,"coordinateCorrected":false,"sourceYear":2025}},{"type":"Feature","geometry":{"type":"Point","coordinates":[128.5183556,36.5413309]},"properties":{"id":731,"name":"하회마을","detail":"섶다리","province":"경상북도","district":"안동시","town":"풍천면","address":"경상북도 안동시 풍천면 하회리 769","placeType":"하천","management":"일반지역","manageCode":"2","sectionM":"200.0","riskSectionM":null,"depthAvg":"1.0","depthMax":"3.0","accidents":"0","safetyAction":null,"note":null,"equipment":{"total":5,"sign":1,"rescueBox":1,"vest":1,"buoy":1,"rope":1,"pole":0},"staff":null,"coordinateCorrected":false,"sourceYear":2025}},{"type":"Feature","geometry":{"type":"Point","coordinates":[128.5534994,36.5401491]},"properties":{"id":732,"name":"병산서원","detail":"서원앞","province":"경상북도","district":"안동시","town":"풍천면","address":"경상북도 안동시 풍천면 병산리 34-1","placeType":"하천","management":"일반지역","manageCode":"2","sectionM":"200.0","riskSectionM":null,"depthAvg":"1.0","depthMax":"3.0","accidents":"0","safetyAction":null,"note":null,"equipment":{"total":5,"sign":1,"rescueBox":1,"vest":1,"buoy":1,"rope":1,"pole":0},"staff":null,"coordinateCorrected":false,"sourceYear":2025}},{"type":"Feature","geometry":{"type":"Point","coordinates":[128.6805417,36.5088169]},"properties":{"id":733,"name":"미천생태공원","detail":"미천생태공원","province":"경상북도","district":"안동시","town":"남후면","address":"경상북도 안동시 남후면 광음리 45","placeType":"하천","management":"일반지역","manageCode":"2","sectionM":"150.0","riskSectionM":null,"depthAvg":"1.0","depthMax":"1.0","accidents":"0","safetyAction":null,"note":null,"equipment":{"total":5,"sign":1,"rescueBox":1,"vest":1,"buoy":1,"rope":1,"pole":0},"staff":null,"coordinateCorrected":false,"sourceYear":2025}},{"type":"Feature","geometry":{"type":"Point","coordinates":[128.8403114,36.5195742]},"properties":{"id":734,"name":"신덕교","detail":"신덕교","province":"경상북도","district":"안동시","town":"임하면","address":"경상북도 안동시 임하면 금소리 889-2","placeType":"하천","management":"일반지역","manageCode":"2","sectionM":"100.0","riskSectionM":null,"depthAvg":"1.0","depthMax":"1.0","accidents":"0","safetyAction":null,"note":null,"equipment":{"total":10,"sign":2,"rescueBox":2,"vest":2,"buoy":2,"rope":2,"pole":0},"staff":null,"coordinateCorrected":false,"sourceYear":2025}},{"type":"Feature","geometry":{"type":"Point","coordinates":[128.8553195,36.5015146]},"properties":{"id":735,"name":"금소교","detail":"금소교","province":"경상북도","district":"안동시","town":"임하면","address":"경상북도 안동시 임하면 금소리 407-3","placeType":"하천","management":"일반지역","manageCode":"2","sectionM":"200.0","riskSectionM":null,"depthAvg":"1.0","depthMax":"1.0","accidents":"0","safetyAction":null,"note":null,"equipment":{"total":15,"sign":2,"rescueBox":3,"vest":3,"buoy":3,"rope":3,"pole":0},"staff":null,"coordinateCorrected":false,"sourceYear":2025}},{"type":"Feature","geometry":{"type":"Point","coordinates":[128.883879,36.7650246]},"properties":{"id":737,"name":"농암종택","detail":"농암종택","province":"경상북도","district":"안동시","town":"도산면","address":"경상북도 안동시 도산면 가송리 613-3","placeType":"하천","management":"일반지역","manageCode":"2","sectionM":"200.0","riskSectionM":null,"depthAvg":"1.0","depthMax":"2.0","accidents":"0","safetyAction":null,"note":null,"equipment":{"total":10,"sign":2,"rescueBox":2,"vest":2,"buoy":2,"rope":2,"pole":0},"staff":null,"coordinateCorrected":false,"sourceYear":2025}},{"type":"Feature","geometry":{"type":"Point","coordinates":[128.8937429,36.7612697]},"properties":{"id":738,"name":"월명담","detail":"월명담","province":"경상북도","district":"안동시","town":"도산면","address":"경상북도 안동시 도산면 가송리 903","placeType":"하천","management":"일반지역","manageCode":"2","sectionM":"100.0","riskSectionM":null,"depthAvg":"1.0","depthMax":"2.0","accidents":"0","safetyAction":null,"note":null,"equipment":{"total":5,"sign":1,"rescueBox":1,"vest":1,"buoy":1,"rope":1,"pole":0},"staff":null,"coordinateCorrected":false,"sourceYear":2025}},{"type":"Feature","geometry":{"type":"Point","coordinates":[128.8936262,36.439854]},"properties":{"id":740,"name":"용소","detail":"용소","province":"경상북도","district":"안동시","town":"길안면","address":"경상북도 안동시 길안면 만음리 117-1","placeType":"하천","management":"일반지역","manageCode":"2","sectionM":"50.0","riskSectionM":null,"depthAvg":"1.0","depthMax":"2.0","accidents":"0","safetyAction":null,"note":null,"equipment":{"total":6,"sign":2,"rescueBox":1,"vest":1,"buoy":1,"rope":1,"pole":0},"staff":null,"coordinateCorrected":false,"sourceYear":2025}},{"type":"Feature","geometry":{"type":"Point","coordinates":[128.9014574,36.4371567]},"properties":{"id":741,"name":"만음교","detail":"만음교","province":"경상북도","district":"안동시","town":"길안면","address":"경상북도 안동시 길안면 만음리 358","placeType":"하천","management":"일반지역","manageCode":"2","sectionM":"50.0","riskSectionM":null,"depthAvg":"1.0","depthMax":"2.0","accidents":"0","safetyAction":null,"note":null,"equipment":{"total":11,"sign":3,"rescueBox":2,"vest":2,"buoy":2,"rope":2,"pole":0},"staff":null,"coordinateCorrected":false,"sourceYear":2025}},{"type":"Feature","geometry":{"type":"Point","coordinates":[128.9104925,36.4318142]},"properties":{"id":742,"name":"묵계교","detail":"묵계교","province":"경상북도","district":"안동시","town":"길안면","address":"경상북도 안동시 길안면 묵계리 1127-50","placeType":"하천","management":"일반지역","manageCode":"2","sectionM":"200.0","riskSectionM":null,"depthAvg":"1.0","depthMax":"2.0","accidents":"0","safetyAction":null,"note":null,"equipment":{"total":5,"sign":1,"rescueBox":1,"vest":1,"buoy":1,"rope":1,"pole":0},"staff":null,"coordinateCorrected":false,"sourceYear":2025}},{"type":"Feature","geometry":{"type":"Point","coordinates":[128.9129894,36.4288825]},"properties":{"id":743,"name":"만음보","detail":"가람농원","province":"경상북도","district":"안동시","town":"길안면","address":"경상북도 안동시 길안면 묵계리 1127-80","placeType":"하천","management":"일반지역","manageCode":"2","sectionM":"50.0","riskSectionM":null,"depthAvg":"1.0","depthMax":"2.0","accidents":"0","safetyAction":null,"note":null,"equipment":{"total":5,"sign":1,"rescueBox":1,"vest":1,"buoy":1,"rope":1,"pole":0},"staff":null,"coordinateCorrected":false,"sourceYear":2025}},{"type":"Feature","geometry":{"type":"Point","coordinates":[128.9108373,36.4185148]},"properties":{"id":744,"name":"묵계초교뒤","detail":"묵계초교뒤","province":"경상북도","district":"안동시","town":"길안면","address":"경상북도 안동시 길안면 묵계리 1127-70","placeType":"하천","management":"일반지역","manageCode":"2","sectionM":"30.0","riskSectionM":null,"depthAvg":"1.0","depthMax":"2.0","accidents":"1","safetyAction":null,"note":null,"equipment":{"total":7,"sign":3,"rescueBox":1,"vest":1,"buoy":1,"rope":1,"pole":0},"staff":null,"coordinateCorrected":false,"sourceYear":2025}},{"type":"Feature","geometry":{"type":"Point","coordinates":[128.913597,36.4151804]},"properties":{"id":745,"name":"하리교","detail":"하리교","province":"경상북도","district":"안동시","town":"길안면","address":"경상북도 안동시 길안면 묵계리 1174-1","placeType":"하천","management":"일반지역","manageCode":"2","sectionM":"150.0","riskSectionM":null,"depthAvg":"1.0","depthMax":"1.0","accidents":"0","safetyAction":null,"note":null,"equipment":{"total":6,"sign":2,"rescueBox":1,"vest":1,"buoy":1,"rope":1,"pole":0},"staff":null,"coordinateCorrected":false,"sourceYear":2025}},{"type":"Feature","geometry":{"type":"Point","coordinates":[128.9171248,36.4147901]},"properties":{"id":746,"name":"국만이보","detail":"국만이보","province":"경상북도","district":"안동시","town":"길안면","address":"경상북도 안동시 길안면 묵계리 1187-5","placeType":"하천","management":"일반지역","manageCode":"2","sectionM":"80.0","riskSectionM":null,"depthAvg":"1.0","depthMax":"2.0","accidents":"0","safetyAction":null,"note":null,"equipment":{"total":5,"sign":1,"rescueBox":1,"vest":1,"buoy":1,"rope":1,"pole":0},"staff":null,"coordinateCorrected":false,"sourceYear":2025}},{"type":"Feature","geometry":{"type":"Point","coordinates":[128.9102491,36.3811288]},"properties":{"id":748,"name":"용담계곡1","detail":"용담계곡1","province":"경상북도","district":"안동시","town":"길안면","address":"경상북도 안동시 길안면 금곡리 산162","placeType":"계곡","management":"일반지역","manageCode":"2","sectionM":"30.0","riskSectionM":null,"depthAvg":"1.0","depthMax":"1.0","accidents":"0","safetyAction":null,"note":null,"equipment":{"total":5,"sign":1,"rescueBox":1,"vest":1,"buoy":1,"rope":1,"pole":0},"staff":null,"coordinateCorrected":false,"sourceYear":2025}},{"type":"Feature","geometry":{"type":"Point","coordinates":[128.9138466,36.385481]},"properties":{"id":749,"name":"용담계곡2","detail":"용담계곡2","province":"경상북도","district":"안동시","town":"길안면","address":"경상북도 안동시 길안면 금곡리 601","placeType":"계곡","management":"일반지역","manageCode":"2","sectionM":"30.0","riskSectionM":null,"depthAvg":"1.0","depthMax":"1.0","accidents":"0","safetyAction":null,"note":null,"equipment":{"total":5,"sign":1,"rescueBox":1,"vest":1,"buoy":1,"rope":1,"pole":0},"staff":null,"coordinateCorrected":false,"sourceYear":2025}},{"type":"Feature","geometry":{"type":"Point","coordinates":[128.9199696,36.3892626]},"properties":{"id":750,"name":"용담계곡3","detail":"용담계곡3","province":"경상북도","district":"안동시","town":"길안면","address":"경상북도 안동시 길안면 금곡리 91","placeType":"계곡","management":"일반지역","manageCode":"2","sectionM":"30.0","riskSectionM":null,"depthAvg":"1.0","depthMax":"1.0","accidents":"1","safetyAction":null,"note":null,"equipment":{"total":5,"sign":1,"rescueBox":1,"vest":1,"buoy":1,"rope":1,"pole":0},"staff":null,"coordinateCorrected":false,"sourceYear":2025}},{"type":"Feature","geometry":{"type":"Point","coordinates":[128.9251231,36.3894438]},"properties":{"id":751,"name":"용담사","detail":"용담사","province":"경상북도","district":"안동시","town":"길안면","address":"경상북도 안동시 길안면 금곡리 83-1","placeType":"계곡","management":"일반지역","manageCode":"2","sectionM":"20.0","riskSectionM":null,"depthAvg":"1.0","depthMax":"1.0","accidents":"0","safetyAction":null,"note":null,"equipment":{"total":6,"sign":1,"rescueBox":1,"vest":1,"buoy":1,"rope":1,"pole":0},"staff":null,"coordinateCorrected":false,"sourceYear":2025}},{"type":"Feature","geometry":{"type":"Point","coordinates":[128.9333207,36.3735037]},"properties":{"id":752,"name":"대사초입","detail":"대사초입","province":"경상북도","district":"안동시","town":"길안면","address":"경상북도 안동시 길안면 대사리 623-1","placeType":"하천","management":"일반지역","manageCode":"2","sectionM":"100.0","riskSectionM":null,"depthAvg":"1.0","depthMax":"2.0","accidents":"0","safetyAction":null,"note":null,"equipment":{"total":0,"sign":0,"rescueBox":0,"vest":0,"buoy":0,"rope":0,"pole":0},"staff":null,"coordinateCorrected":false,"sourceYear":2025}},{"type":"Feature","geometry":{"type":"Point","coordinates":[128.9536205,36.3650508]},"properties":{"id":753,"name":"대사1교","detail":"대사1교","province":"경상북도","district":"안동시","town":"길안면","address":"경상북도 안동시 길안면 대사리 247-1","placeType":"하천","management":"일반지역","manageCode":"2","sectionM":"80.0","riskSectionM":null,"depthAvg":"1.0","depthMax":"2.0","accidents":"0","safetyAction":null,"note":null,"equipment":{"total":5,"sign":1,"rescueBox":1,"vest":1,"buoy":1,"rope":1,"pole":0},"staff":null,"coordinateCorrected":false,"sourceYear":2025}},{"type":"Feature","geometry":{"type":"Point","coordinates":[128.9580269,36.3679977]},"properties":{"id":754,"name":"대사2교","detail":"대사2교","province":"경상북도","district":"안동시","town":"길안면","address":"경상북도 안동시 길안면 대사리 산 163-1","placeType":"하천","management":"일반지역","manageCode":"2","sectionM":"80.0","riskSectionM":null,"depthAvg":"1.0","depthMax":"2.0","accidents":"0","safetyAction":null,"note":null,"equipment":{"total":5,"sign":1,"rescueBox":1,"vest":1,"buoy":1,"rope":1,"pole":0},"staff":null,"coordinateCorrected":false,"sourceYear":2025}},{"type":"Feature","geometry":{"type":"Point","coordinates":[128.9621547,36.3675864]},"properties":{"id":756,"name":"중사교","detail":"중사교","province":"경상북도","district":"안동시","town":"길안면","address":"경상북도 안동시 길안면 대사리230-3","placeType":"하천","management":"일반지역","manageCode":"2","sectionM":"100.0","riskSectionM":null,"depthAvg":"1.0","depthMax":"2.0","accidents":"0","safetyAction":null,"note":null,"equipment":{"total":6,"sign":2,"rescueBox":1,"vest":1,"buoy":1,"rope":1,"pole":0},"staff":null,"coordinateCorrected":false,"sourceYear":2025}},{"type":"Feature","geometry":{"type":"Point","coordinates":[128.5423448,36.8596998]},"properties":{"id":757,"name":"풍기읍(남원천,금계천)","detail":"남원천,금계천","province":"경상북도","district":"영주시","town":"동부리","address":"경상북도 영주시  동부리42","placeType":"하천","management":"일반지역","manageCode":"2","sectionM":"100.0","riskSectionM":null,"depthAvg":"1.0","depthMax":"1.5","accidents":"0","safetyAction":null,"note":null,"equipment":{"total":10,"sign":2,"rescueBox":2,"vest":2,"buoy":2,"rope":2,"pole":0},"staff":null,"coordinateCorrected":false,"sourceYear":2025}},{"type":"Feature","geometry":{"type":"Point","coordinates":[128.6136633,36.8264004]},"properties":{"id":758,"name":"영주2동 게이트볼장 앞","detail":"영주교 밑","province":"경상북도","district":"영주시","town":"영주동","address":"경상북도 영주시  영주동 470-1","placeType":"하천","management":"일반지역","manageCode":"2","sectionM":"100.0","riskSectionM":null,"depthAvg":"1.0","depthMax":"1.0","accidents":"0","safetyAction":null,"note":null,"equipment":{"total":10,"sign":2,"rescueBox":2,"vest":2,"buoy":2,"rope":2,"pole":0},"staff":null,"coordinateCorrected":false,"sourceYear":2025}},{"type":"Feature","geometry":{"type":"Point","coordinates":[128.6131392,36.8298804]},"properties":{"id":759,"name":"가흥2동 주민센터 앞","detail":"서천교 밑","province":"경상북도","district":"영주시","town":"가흥동","address":"경상북도 영주시  가흥동 1381-1","placeType":"하천","management":"일반지역","manageCode":"2","sectionM":"100.0","riskSectionM":null,"depthAvg":"1.0","depthMax":"1.0","accidents":"0","safetyAction":null,"note":null,"equipment":{"total":10,"sign":2,"rescueBox":2,"vest":2,"buoy":2,"rope":2,"pole":0},"staff":null,"coordinateCorrected":false,"sourceYear":2025}},{"type":"Feature","geometry":{"type":"Point","coordinates":[128.614911,36.8200819]},"properties":{"id":760,"name":"가흥1동 육각정 앞","detail":"가흥1동 육각정 앞","province":"경상북도","district":"영주시","town":"가흥동","address":"경상북도 영주시  가흥동 18","placeType":"하천","management":"일반지역","manageCode":"2","sectionM":"50.0","riskSectionM":null,"depthAvg":"1.0","depthMax":"1.0","accidents":"0","safetyAction":null,"note":null,"equipment":{"total":10,"sign":2,"rescueBox":2,"vest":2,"buoy":2,"rope":2,"pole":0},"staff":null,"coordinateCorrected":false,"sourceYear":2025}},{"type":"Feature","geometry":{"type":"Point","coordinates":[128.6272434,36.7312219]},"properties":{"id":761,"name":"문수면 수도교 밑","detail":"문수면 수도교 밑","province":"경상북도","district":"영주시","town":"문수면","address":"경상북도 영주시 문수면 수도리 290-1","placeType":"하천","management":"일반지역","manageCode":"2","sectionM":"200.0","riskSectionM":null,"depthAvg":"1.0","depthMax":"2.0","accidents":"0","safetyAction":null,"note":null,"equipment":{"total":10,"sign":2,"rescueBox":2,"vest":2,"buoy":2,"rope":2,"pole":0},"staff":null,"coordinateCorrected":false,"sourceYear":2025}},{"type":"Feature","geometry":{"type":"Point","coordinates":[128.5276348,36.893716]},"properties":{"id":762,"name":"풍기 금선정","detail":"풍기 금선정","province":"경상북도","district":"영주시","town":"풍기읍","address":"경상북도 영주시 풍기읍 금계리 813","placeType":"하천","management":"일반지역","manageCode":"2","sectionM":"30.0","riskSectionM":null,"depthAvg":"1.0","depthMax":"2.0","accidents":"0","safetyAction":null,"note":null,"equipment":{"total":10,"sign":2,"rescueBox":2,"vest":2,"buoy":2,"rope":2,"pole":0},"staff":null,"coordinateCorrected":false,"sourceYear":2025}},{"type":"Feature","geometry":{"type":"Point","coordinates":[128.6152593,36.8004731]},"properties":{"id":763,"name":"한정교 밑","detail":"한정교 밑","province":"경상북도","district":"영주시","town":"문정동","address":"경상북도 영주시  문정동 706","placeType":"하천","management":"일반지역","manageCode":"2","sectionM":"100.0","riskSectionM":null,"depthAvg":"1.0","depthMax":"1.0","accidents":"0","safetyAction":null,"note":null,"equipment":{"total":10,"sign":2,"rescueBox":2,"vest":2,"buoy":2,"rope":2,"pole":0},"staff":null,"coordinateCorrected":false,"sourceYear":2025}},{"type":"Feature","geometry":{"type":"Point","coordinates":[128.6268403,36.7503537]},"properties":{"id":764,"name":"문수면 무섬교 밑","detail":"문수면 무섬교 밑","province":"경상북도","district":"영주시","town":"문수면","address":"경상북도 영주시 문수면 승문리 1817-1","placeType":"하천","management":"일반지역","manageCode":"2","sectionM":"300.0","riskSectionM":null,"depthAvg":"1.0","depthMax":"1.0","accidents":"0","safetyAction":null,"note":null,"equipment":{"total":10,"sign":2,"rescueBox":2,"vest":2,"buoy":2,"rope":2,"pole":0},"staff":null,"coordinateCorrected":false,"sourceYear":2025}},{"type":"Feature","geometry":{"type":"Point","coordinates":[128.6129536,36.8077896]},"properties":{"id":765,"name":"제2가흥교 밑","detail":"제2가흥교 밑","province":"경상북도","district":"영주시","town":"가흥동","address":"경상북도 영주시  가흥동 1381-164","placeType":"하천","management":"일반지역","manageCode":"2","sectionM":"100.0","riskSectionM":null,"depthAvg":"1.0","depthMax":"1.0","accidents":"0","safetyAction":null,"note":null,"equipment":{"total":10,"sign":2,"rescueBox":2,"vest":2,"buoy":2,"rope":2,"pole":0},"staff":null,"coordinateCorrected":false,"sourceYear":2025}},{"type":"Feature","geometry":{"type":"Point","coordinates":[128.6467116,36.7188114]},"properties":{"id":766,"name":"평은면 미림교 밑","detail":"미림교 밑","province":"경상북도","district":"영주시","town":"평은면","address":"경상북도 영주시 평은면 용혈리 1311-1","placeType":"하천","management":"일반지역","manageCode":"2","sectionM":"100.0","riskSectionM":null,"depthAvg":"1.0","depthMax":"2.0","accidents":"0","safetyAction":null,"note":null,"equipment":{"total":10,"sign":2,"rescueBox":2,"vest":2,"buoy":2,"rope":2,"pole":0},"staff":null,"coordinateCorrected":false,"sourceYear":2025}},{"type":"Feature","geometry":{"type":"Point","coordinates":[128.9683818,35.9753337]},"properties":{"id":767,"name":"단포교","detail":"단포교밑","province":"경상북도","district":"영천시","town":"고경면","address":"경상북도 영천시 고경면 단포리 407-144","placeType":"하천","management":"일반지역","manageCode":"2","sectionM":"250.0","riskSectionM":null,"depthAvg":"1.0","depthMax":"1.0","accidents":"0","safetyAction":null,"note":null,"equipment":{"total":66,"sign":4,"rescueBox":4,"vest":47,"buoy":4,"rope":7,"pole":0},"staff":null,"coordinateCorrected":false,"sourceYear":2025}},{"type":"Feature","geometry":{"type":"Point","coordinates":[128.9915238,36.0463318]},"properties":{"id":768,"name":"임고강변공원","detail":"평천보내","province":"경상북도","district":"영천시","town":"임고면","address":"경상북도 영천시 임고면 덕연리 132-8","placeType":"하천","management":"일반지역","manageCode":"2","sectionM":"200.0","riskSectionM":null,"depthAvg":"1.0","depthMax":"2.0","accidents":"0","safetyAction":null,"note":null,"equipment":{"total":108,"sign":5,"rescueBox":5,"vest":88,"buoy":5,"rope":5,"pole":0},"staff":null,"coordinateCorrected":false,"sourceYear":2025}},{"type":"Feature","geometry":{"type":"Point","coordinates":[128.9711332,36.034901]},"properties":{"id":769,"name":"곰들덤보","detail":"양향교밑","province":"경상북도","district":"영천시","town":"임고면","address":"경상북도 영천시 임고면 선원리 909-64","placeType":"하천","management":"일반지역","manageCode":"2","sectionM":"300.0","riskSectionM":null,"depthAvg":"1.0","depthMax":"1.0","accidents":"0","safetyAction":null,"note":null,"equipment":{"total":80,"sign":5,"rescueBox":5,"vest":57,"buoy":5,"rope":8,"pole":0},"staff":null,"coordinateCorrected":false,"sourceYear":2025}},{"type":"Feature","geometry":{"type":"Point","coordinates":[128.7128038,36.0493553]},"properties":{"id":770,"name":"치산계곡상류","detail":"치산계곡","province":"경상북도","district":"영천시","town":"신녕면","address":"경상북도 영천시 신녕면 치산리 1323","placeType":"계곡","management":"일반지역","manageCode":"2","sectionM":"650.0","riskSectionM":null,"depthAvg":"1.0","depthMax":"1.0","accidents":"0","safetyAction":null,"note":null,"equipment":{"total":49,"sign":4,"rescueBox":6,"vest":26,"buoy":6,"rope":7,"pole":0},"staff":null,"coordinateCorrected":false,"sourceYear":2025}},{"type":"Feature","geometry":{"type":"Point","coordinates":[129.0113275,36.0568483]},"properties":{"id":771,"name":"영천댐하류공원","detail":"영천댐하류공원","province":"경상북도","district":"영천시","town":"임고면","address":"경상북도 영천시  임고면 삼매리 68-5","placeType":"하천","management":"일반지역","manageCode":"2","sectionM":"90.0","riskSectionM":null,"depthAvg":"1.0","depthMax":"1.0","accidents":"0","safetyAction":null,"note":null,"equipment":{"total":26,"sign":3,"rescueBox":5,"vest":5,"buoy":6,"rope":5,"pole":0},"staff":null,"coordinateCorrected":false,"sourceYear":2025}},{"type":"Feature","geometry":{"type":"Point","coordinates":[127.9588615,36.4880786]},"properties":{"id":772,"name":"청계사계곡","detail":"청계사-맑은개울 캠핑장 인근 계곡","province":"경상북도","district":"상주시","town":"화서면","address":"경상북도 상주시 화서면 하송리412","placeType":"계곡","management":"일반지역","manageCode":"2","sectionM":"80.0","riskSectionM":null,"depthAvg":"1.2","depthMax":"2.1","accidents":"1","safetyAction":null,"note":null,"equipment":{"total":11,"sign":3,"rescueBox":2,"vest":2,"buoy":2,"rope":1,"pole":0},"staff":null,"coordinateCorrected":false,"sourceYear":2025}},{"type":"Feature","geometry":{"type":"Point","coordinates":[128.0949418,36.5181423]},"properties":{"id":773,"name":"이안천12","detail":"공검 중소리 경계","province":"경상북도","district":"상주시","town":"은척면","address":"경상북도 상주시 은척면 하흘리936-22","placeType":"하천","management":"일반지역","manageCode":"2","sectionM":"20.0","riskSectionM":null,"depthAvg":"0.1","depthMax":"2.0","accidents":"0","safetyAction":null,"note":null,"equipment":{"total":11,"sign":1,"rescueBox":1,"vest":3,"buoy":3,"rope":2,"pole":0},"staff":null,"coordinateCorrected":false,"sourceYear":2025}},{"type":"Feature","geometry":{"type":"Point","coordinates":[128.0840259,36.5171201]},"properties":{"id":774,"name":"이안천18","detail":"하흘리 방앗보 상류 70M","province":"경상북도","district":"상주시","town":"은척면","address":"경상북도 상주시 은척면 하흘리384","placeType":"하천","management":"일반지역","manageCode":"2","sectionM":"50.0","riskSectionM":null,"depthAvg":"0.1","depthMax":"1.0","accidents":"0","safetyAction":null,"note":null,"equipment":{"total":11,"sign":1,"rescueBox":1,"vest":3,"buoy":3,"rope":2,"pole":0},"staff":null,"coordinateCorrected":false,"sourceYear":2025}},{"type":"Feature","geometry":{"type":"Point","coordinates":[128.0662256,36.4668887]},"properties":{"id":775,"name":"이안천5","detail":"노루목교 상류 700m 지점","province":"경상북도","district":"상주시","town":"외서면","address":"경상북도 상주시 외서면 우산리 291-78","placeType":"하천","management":"일반지역","manageCode":"2","sectionM":"45.0","riskSectionM":null,"depthAvg":"1.0","depthMax":"1.5","accidents":"0","safetyAction":null,"note":null,"equipment":{"total":11,"sign":1,"rescueBox":2,"vest":2,"buoy":2,"rope":2,"pole":0},"staff":null,"coordinateCorrected":false,"sourceYear":2025}},{"type":"Feature","geometry":{"type":"Point","coordinates":[128.0630713,36.4770798]},"properties":{"id":776,"name":"이안천8","detail":"우복종가 상류 400m 지점","province":"경상북도","district":"상주시","town":"외서면","address":"경상북도 상주시 외서면 우산리 291-5","placeType":"하천","management":"일반지역","manageCode":"2","sectionM":"50.0","riskSectionM":null,"depthAvg":"1.0","depthMax":"1.3","accidents":"0","safetyAction":null,"note":null,"equipment":{"total":9,"sign":1,"rescueBox":1,"vest":2,"buoy":2,"rope":2,"pole":0},"staff":null,"coordinateCorrected":false,"sourceYear":2025}},{"type":"Feature","geometry":{"type":"Point","coordinates":[128.0677528,36.4930353]},"properties":{"id":777,"name":"이안천11","detail":"이천2교 옆","province":"경상북도","district":"상주시","town":"외서면","address":"경상북도 상주시 외서면 이촌리 202-6","placeType":"하천","management":"일반지역","manageCode":"2","sectionM":"50.0","riskSectionM":null,"depthAvg":"1.0","depthMax":"1.2","accidents":"0","safetyAction":null,"note":null,"equipment":{"total":9,"sign":1,"rescueBox":1,"vest":2,"buoy":2,"rope":2,"pole":0},"staff":null,"coordinateCorrected":false,"sourceYear":2025}},{"type":"Feature","geometry":{"type":"Point","coordinates":[127.9230201,36.5563211]},"properties":{"id":778,"name":"화북중학교 상류(야영장)","detail":"문장대야영장 농구장앞","province":"경상북도","district":"상주시","town":"화북면","address":"경상북도 상주시 화북면 용유리 278번지 인근","placeType":"하천","management":"일반지역","manageCode":"2","sectionM":"50.0","riskSectionM":null,"depthAvg":"1.0","depthMax":"1.5","accidents":"0","safetyAction":null,"note":null,"equipment":{"total":15,"sign":1,"rescueBox":1,"vest":10,"buoy":1,"rope":1,"pole":0},"staff":null,"coordinateCorrected":false,"sourceYear":2025}},{"type":"Feature","geometry":{"type":"Point","coordinates":[127.922814,36.5650564]},"properties":{"id":779,"name":"거북바위옆(시비공원)","detail":"산수화 펜션 앞","province":"경상북도","district":"상주시","town":"화북면","address":"경상북도 상주시 화북면 용유리 401-10번지 인근","placeType":"하천","management":"일반지역","manageCode":"2","sectionM":"50.0","riskSectionM":null,"depthAvg":"2.0","depthMax":"2.0","accidents":"0","safetyAction":null,"note":null,"equipment":{"total":15,"sign":1,"rescueBox":1,"vest":10,"buoy":1,"rope":1,"pole":0},"staff":null,"coordinateCorrected":false,"sourceYear":2025}},{"type":"Feature","geometry":{"type":"Point","coordinates":[127.9173962,36.5416647]},"properties":{"id":780,"name":"장각폭포","detail":"장각폭포 밑","province":"경상북도","district":"상주시","town":"화북면","address":"경상북도 상주시 화북면 상오리 517-1번지 인근","placeType":"하천","management":"일반지역","manageCode":"2","sectionM":"30.0","riskSectionM":null,"depthAvg":"2.0","depthMax":"6.0","accidents":"2","safetyAction":null,"note":null,"equipment":{"total":15,"sign":1,"rescueBox":1,"vest":10,"buoy":1,"rope":1,"pole":0},"staff":null,"coordinateCorrected":false,"sourceYear":2025}},{"type":"Feature","geometry":{"type":"Point","coordinates":[128.128659,36.5442203]},"properties":{"id":781,"name":"이안천","detail":"여물1리(오수가든 앞)","province":"경상북도","district":"상주시","town":"이안면","address":"경상북도 상주시 이안면 여물리 595-1","placeType":"하천","management":"일반지역","manageCode":"2","sectionM":"150.0","riskSectionM":null,"depthAvg":"2.0","depthMax":"3.0","accidents":"1","safetyAction":null,"note":null,"equipment":{"total":28,"sign":3,"rescueBox":2,"vest":9,"buoy":6,"rope":6,"pole":1},"staff":null,"coordinateCorrected":false,"sourceYear":2025}},{"type":"Feature","geometry":{"type":"Point","coordinates":[127.9352662,36.3058257]},"properties":{"id":782,"name":"백화산계곡","detail":"용추폭포옆","province":"경상북도","district":"상주시","town":"모동면","address":"경상북도 상주시 모동면 수봉리 산92","placeType":"계곡","management":"일반지역","manageCode":"2","sectionM":"30.0","riskSectionM":null,"depthAvg":"2.0","depthMax":"4.0","accidents":"0","safetyAction":null,"note":null,"equipment":{"total":35,"sign":2,"rescueBox":3,"vest":10,"buoy":14,"rope":5,"pole":0},"staff":null,"coordinateCorrected":false,"sourceYear":2025}},{"type":"Feature","geometry":{"type":"Point","coordinates":[127.9380884,36.296427]},"properties":{"id":783,"name":"백화산계곡 하류","detail":"보문사 앞 계곡","province":"경상북도","district":"상주시","town":"모동면","address":"경상북도 상주시 모동면 수봉리 618-1","placeType":"계곡","management":"일반지역","manageCode":"2","sectionM":"20.0","riskSectionM":null,"depthAvg":"1.0","depthMax":"1.0","accidents":"1","safetyAction":null,"note":null,"equipment":{"total":26,"sign":0,"rescueBox":0,"vest":10,"buoy":10,"rope":5,"pole":0},"staff":null,"coordinateCorrected":false,"sourceYear":2025}},{"type":"Feature","geometry":{"type":"Point","coordinates":[128.0402587,36.4544915]},"properties":{"id":784,"name":"구마이감테마 녹색체험마을 보 옆","detail":"구마이감테마 녹색체험마을","province":"경상북도","district":"상주시","town":"내서면","address":"경상북도 상주시 내서면 서만리 1013","placeType":"하천","management":"일반지역","manageCode":"2","sectionM":"20.0","riskSectionM":null,"depthAvg":"1.0","depthMax":"2.0","accidents":"0","safetyAction":null,"note":null,"equipment":{"total":14,"sign":1,"rescueBox":1,"vest":4,"buoy":4,"rope":3,"pole":0},"staff":null,"coordinateCorrected":false,"sourceYear":2025}},{"type":"Feature","geometry":{"type":"Point","coordinates":[128.0769243,36.4080625]},"properties":{"id":785,"name":"신촌2교 옆","detail":"신촌2교","province":"경상북도","district":"상주시","town":"내서면","address":"경상북도 상주시 내서면 신촌리 350-1","placeType":"하천","management":"일반지역","manageCode":"2","sectionM":"25.0","riskSectionM":null,"depthAvg":"2.0","depthMax":"2.0","accidents":"0","safetyAction":null,"note":null,"equipment":{"total":14,"sign":1,"rescueBox":1,"vest":4,"buoy":4,"rope":3,"pole":0},"staff":null,"coordinateCorrected":false,"sourceYear":2025}},{"type":"Feature","geometry":{"type":"Point","coordinates":[128.0871062,36.4071261]},"properties":{"id":786,"name":"능암교 상류 770m 옆","detail":"능암교 상류 770m 옆","province":"경상북도","district":"상주시","town":"내서면","address":"경상북도 상주시 내서면 능암리 147-1","placeType":"하천","management":"일반지역","manageCode":"2","sectionM":"100.0","riskSectionM":null,"depthAvg":"2.0","depthMax":"4.0","accidents":"0","safetyAction":null,"note":null,"equipment":{"total":14,"sign":1,"rescueBox":1,"vest":4,"buoy":4,"rope":3,"pole":0},"staff":null,"coordinateCorrected":false,"sourceYear":2025}},{"type":"Feature","geometry":{"type":"Point","coordinates":[128.0101841,36.4386121]},"properties":{"id":787,"name":"밤원체험마을 입구","detail":"밤원체험마을 입구","province":"경상북도","district":"상주시","town":"내서면","address":"경상북도 상주시 내서면 서원리 59-1","placeType":"하천","management":"일반지역","manageCode":"2","sectionM":"100.0","riskSectionM":null,"depthAvg":"1.0","depthMax":"3.0","accidents":"0","safetyAction":null,"note":null,"equipment":{"total":14,"sign":1,"rescueBox":1,"vest":4,"buoy":4,"rope":3,"pole":0},"staff":null,"coordinateCorrected":false,"sourceYear":2025}},{"type":"Feature","geometry":{"type":"Point","coordinates":[128.1257615,36.5413917]},"properties":{"id":788,"name":"이안천1","detail":"예주교 하류 500M","province":"경상북도","district":"상주시","town":"공검면","address":"경상북도 상주시 공검면 예주리 251-8","placeType":"하천","management":"일반지역","manageCode":"2","sectionM":"50.0","riskSectionM":null,"depthAvg":"1.0","depthMax":"2.0","accidents":"0","safetyAction":null,"note":null,"equipment":{"total":11,"sign":1,"rescueBox":1,"vest":3,"buoy":2,"rope":2,"pole":1},"staff":null,"coordinateCorrected":false,"sourceYear":2025}},{"type":"Feature","geometry":{"type":"Point","coordinates":[128.1238244,36.5393355]},"properties":{"id":789,"name":"이안천2","detail":"예주교우측300M(청암서원 앞)","province":"경상북도","district":"상주시","town":"공검면","address":"경상북도 상주시 공검면 예주리 684-2","placeType":"하천","management":"일반지역","manageCode":"2","sectionM":"40.0","riskSectionM":null,"depthAvg":"1.0","depthMax":"2.0","accidents":"0","safetyAction":null,"note":null,"equipment":{"total":11,"sign":1,"rescueBox":1,"vest":3,"buoy":2,"rope":2,"pole":1},"staff":null,"coordinateCorrected":false,"sourceYear":2025}},{"type":"Feature","geometry":{"type":"Point","coordinates":[128.1163555,36.5460682]},"properties":{"id":790,"name":"이안천3","detail":"예주리 금사보 상류 10M 보옆","province":"경상북도","district":"상주시","town":"공검면","address":"경상북도 상주시 공검면 예주리 832","placeType":"하천","management":"일반지역","manageCode":"2","sectionM":"20.0","riskSectionM":null,"depthAvg":"1.0","depthMax":"2.0","accidents":"0","safetyAction":null,"note":null,"equipment":{"total":11,"sign":1,"rescueBox":1,"vest":3,"buoy":2,"rope":2,"pole":1},"staff":null,"coordinateCorrected":false,"sourceYear":2025}},{"type":"Feature","geometry":{"type":"Point","coordinates":[128.1092763,36.5337824]},"properties":{"id":791,"name":"이안천","detail":"달빛강가에서 팬션앞","province":"경상북도","district":"상주시","town":"공검면","address":"경상북도 상주시 공검면 지평리 845","placeType":"하천","management":"일반지역","manageCode":"2","sectionM":"200.0","riskSectionM":null,"depthAvg":"2.0","depthMax":"3.0","accidents":"1","safetyAction":null,"note":null,"equipment":{"total":12,"sign":2,"rescueBox":1,"vest":3,"buoy":2,"rope":2,"pole":1},"staff":null,"coordinateCorrected":false,"sourceYear":2025}},{"type":"Feature","geometry":{"type":"Point","coordinates":[128.1105199,36.5099106]},"properties":{"id":792,"name":"이안천14","detail":"중소리 오태저수지유입 수문하류 30m","province":"경상북도","district":"상주시","town":"공검면","address":"경상북도 상주시 공검면 중소리 269-1","placeType":"하천","management":"일반지역","manageCode":"2","sectionM":"50.0","riskSectionM":null,"depthAvg":"1.0","depthMax":"2.0","accidents":"0","safetyAction":null,"note":null,"equipment":{"total":11,"sign":1,"rescueBox":1,"vest":3,"buoy":2,"rope":2,"pole":1},"staff":null,"coordinateCorrected":false,"sourceYear":2025}},{"type":"Feature","geometry":{"type":"Point","coordinates":[128.1029507,36.5112899]},"properties":{"id":793,"name":"이안천16","detail":"중소리 염소목 정자 앞","province":"경상북도","district":"상주시","town":"공검면","address":"경상북도 상주시 공검면 중소리 804-6","placeType":"하천","management":"일반지역","manageCode":"2","sectionM":"50.0","riskSectionM":null,"depthAvg":"1.0","depthMax":"2.0","accidents":"0","safetyAction":null,"note":null,"equipment":{"total":10,"sign":1,"rescueBox":0,"vest":3,"buoy":2,"rope":2,"pole":1},"staff":null,"coordinateCorrected":false,"sourceYear":2025}},{"type":"Feature","geometry":{"type":"Point","coordinates":[128.1911895,36.6446408]},"properties":{"id":794,"name":"호계숲","detail":"호계숲","province":"경상북도","district":"문경시","town":"호계면","address":"경상북도 문경시  호계면  호계리 688","placeType":"하천","management":"일반지역","manageCode":"2","sectionM":"200.0","riskSectionM":null,"depthAvg":"1.5","depthMax":"3.0","accidents":"0","safetyAction":null,"note":null,"equipment":{"total":108,"sign":1,"rescueBox":2,"vest":3,"buoy":2,"rope":100,"pole":0},"staff":null,"coordinateCorrected":false,"sourceYear":2025}},{"type":"Feature","geometry":{"type":"Point","coordinates":[128.0973627,36.6558869]},"properties":{"id":795,"name":"구랑리","detail":"구랑리","province":"경상북도","district":"문경시","town":"마성면","address":"경상북도 문경시  마성면  하내리 332","placeType":"하천","management":"일반지역","manageCode":"2","sectionM":"80.0","riskSectionM":null,"depthAvg":"2.0","depthMax":"5.0","accidents":"2","safetyAction":null,"note":null,"equipment":{"total":9,"sign":1,"rescueBox":0,"vest":3,"buoy":2,"rope":2,"pole":0},"staff":null,"coordinateCorrected":false,"sourceYear":2025}},{"type":"Feature","geometry":{"type":"Point","coordinates":[128.0915789,36.6571365]},"properties":{"id":796,"name":"늘비농장","detail":"늘비농장","province":"경상북도","district":"문경시","town":"마성면","address":"경상북도 문경시  마성면  하내리 산 7-1","placeType":"하천","management":"일반지역","manageCode":"2","sectionM":"70.0","riskSectionM":null,"depthAvg":"1.0","depthMax":"3.0","accidents":"0","safetyAction":null,"note":null,"equipment":{"total":9,"sign":1,"rescueBox":1,"vest":3,"buoy":2,"rope":2,"pole":0},"staff":null,"coordinateCorrected":false,"sourceYear":2025}},{"type":"Feature","geometry":{"type":"Point","coordinates":[127.9644372,36.5482642]},"properties":{"id":797,"name":"초록원","detail":"초록원","province":"경상북도","district":"문경시","town":"농암면","address":"경상북도 문경시  농암면  내서리 351","placeType":"하천","management":"일반지역","manageCode":"2","sectionM":"50.0","riskSectionM":null,"depthAvg":"1.5","depthMax":"3.0","accidents":"1","safetyAction":null,"note":null,"equipment":{"total":13,"sign":2,"rescueBox":2,"vest":3,"buoy":1,"rope":4,"pole":0},"staff":null,"coordinateCorrected":false,"sourceYear":2025}},{"type":"Feature","geometry":{"type":"Point","coordinates":[128.2163152,36.6047096]},"properties":{"id":798,"name":"송진소","detail":"송진소","province":"경상북도","district":"문경시","town":"점촌3동","address":"경상북도 문경시  점촌3동  흥덕동 45","placeType":"하천","management":"일반지역","manageCode":"2","sectionM":"100.0","riskSectionM":null,"depthAvg":"3.0","depthMax":"6.0","accidents":"2","safetyAction":null,"note":null,"equipment":{"total":8,"sign":1,"rescueBox":0,"vest":3,"buoy":2,"rope":2,"pole":0},"staff":null,"coordinateCorrected":false,"sourceYear":2025}},{"type":"Feature","geometry":{"type":"Point","coordinates":[128.2089702,36.5951581]},"properties":{"id":799,"name":"영신유원지","detail":"영신유원지","province":"경상북도","district":"문경시","town":"점촌3동","address":"경상북도 문경시  점촌3동  흥덕동 188-1","placeType":"하천","management":"일반지역","manageCode":"2","sectionM":"300.0","riskSectionM":null,"depthAvg":"1.2","depthMax":"1.8","accidents":"0","safetyAction":null,"note":null,"equipment":{"total":9,"sign":1,"rescueBox":0,"vest":3,"buoy":2,"rope":2,"pole":0},"staff":null,"coordinateCorrected":false,"sourceYear":2025}},{"type":"Feature","geometry":{"type":"Point","coordinates":[128.150269,36.6439585]},"properties":{"id":800,"name":"불정교","detail":"불정교","province":"경상북도","district":"문경시","town":"점촌4동","address":"경상북도 문경시  점촌4동  불정동 410","placeType":"하천","management":"일반지역","manageCode":"2","sectionM":"300.0","riskSectionM":null,"depthAvg":"1.0","depthMax":"3.0","accidents":"0","safetyAction":null,"note":null,"equipment":{"total":10,"sign":1,"rescueBox":1,"vest":3,"buoy":2,"rope":2,"pole":0},"staff":null,"coordinateCorrected":false,"sourceYear":2025}},{"type":"Feature","geometry":{"type":"Point","coordinates":[127.9498362,36.6590619]},"properties":{"id":801,"name":"용추계곡","detail":"용추골천","province":"경상북도","district":"문경시","town":"가은읍","address":"경상북도 문경시  가은읍  완장리 산 65","placeType":"계곡","management":"일반지역","manageCode":"2","sectionM":"200.0","riskSectionM":null,"depthAvg":"1.2","depthMax":"3.0","accidents":"1","safetyAction":null,"note":null,"equipment":{"total":10,"sign":1,"rescueBox":1,"vest":3,"buoy":2,"rope":2,"pole":0},"staff":null,"coordinateCorrected":false,"sourceYear":2025}},{"type":"Feature","geometry":{"type":"Point","coordinates":[127.9688956,36.5630487]},"properties":{"id":802,"name":"사우정","detail":"쌍용계곡","province":"경상북도","district":"문경시","town":"농암면","address":"경상북도 문경시  농암면  내서리 770","placeType":"계곡","management":"일반지역","manageCode":"2","sectionM":"150.0","riskSectionM":null,"depthAvg":"1.0","depthMax":"2.0","accidents":"1","safetyAction":null,"note":null,"equipment":{"total":12,"sign":2,"rescueBox":2,"vest":3,"buoy":1,"rope":3,"pole":0},"staff":null,"coordinateCorrected":false,"sourceYear":2025}},{"type":"Feature","geometry":{"type":"Point","coordinates":[128.129376,36.6559115]},"properties":{"id":803,"name":"진남유원지","detail":"진남유원지","province":"경상북도","district":"문경시","town":"마성면","address":"경상북도 문경시  마성면  마성면 신현리 112","placeType":"유원지","management":"일반지역","manageCode":"2","sectionM":"100.0","riskSectionM":null,"depthAvg":"1.0","depthMax":"3.0","accidents":"0","safetyAction":null,"note":null,"equipment":{"total":10,"sign":1,"rescueBox":1,"vest":3,"buoy":2,"rope":2,"pole":0},"staff":null,"coordinateCorrected":false,"sourceYear":2025}},{"type":"Feature","geometry":{"type":"Point","coordinates":[128.2636824,36.78834]},"properties":{"id":804,"name":"이기소","detail":"이기소","province":"경상북도","district":"문경시","town":"동로면","address":"경상북도 문경시  동로면  생달리 640","placeType":"하천","management":"일반지역","manageCode":"2","sectionM":"30.0","riskSectionM":null,"depthAvg":"1.0","depthMax":"2.0","accidents":"0","safetyAction":null,"note":null,"equipment":{"total":10,"sign":1,"rescueBox":1,"vest":3,"buoy":2,"rope":2,"pole":0},"staff":null,"coordinateCorrected":false,"sourceYear":2025}},{"type":"Feature","geometry":{"type":"Point","coordinates":[128.0921745,36.6530105]},"properties":{"id":805,"name":"녹색체험마을","detail":"녹색체험마을","province":"경상북도","district":"문경시","town":"마성면","address":"경상북도 문경시  마성면  하내리 353-8","placeType":"하천","management":"일반지역","manageCode":"2","sectionM":"100.0","riskSectionM":null,"depthAvg":"1.0","depthMax":"2.0","accidents":"0","safetyAction":null,"note":null,"equipment":{"total":10,"sign":1,"rescueBox":1,"vest":3,"buoy":2,"rope":2,"pole":0},"staff":null,"coordinateCorrected":false,"sourceYear":2025}},{"type":"Feature","geometry":{"type":"Point","coordinates":[128.1181988,36.6918219]},"properties":{"id":806,"name":"솔밭","detail":"솔밭","province":"경상북도","district":"문경시","town":"마성면","address":"경상북도 문경시  마성면  오천리 845-2","placeType":"하천","management":"일반지역","manageCode":"2","sectionM":"50.0","riskSectionM":null,"depthAvg":"1.0","depthMax":"2.0","accidents":"0","safetyAction":null,"note":null,"equipment":{"total":9,"sign":1,"rescueBox":0,"vest":3,"buoy":2,"rope":2,"pole":0},"staff":null,"coordinateCorrected":false,"sourceYear":2025}},{"type":"Feature","geometry":{"type":"Point","coordinates":[127.9770018,36.5717191]},"properties":{"id":807,"name":"속리뜰앞","detail":"속리들앞","province":"경상북도","district":"문경시","town":"농암면","address":"경상북도 문경시  농암면  내서리 219","placeType":"하천","management":"일반지역","manageCode":"2","sectionM":"170.0","riskSectionM":null,"depthAvg":"1.0","depthMax":"3.0","accidents":"1","safetyAction":null,"note":null,"equipment":{"total":9,"sign":1,"rescueBox":2,"vest":3,"buoy":2,"rope":1,"pole":0},"staff":null,"coordinateCorrected":false,"sourceYear":2025}},{"type":"Feature","geometry":{"type":"Point","coordinates":[127.9603764,36.6707724]},"properties":{"id":808,"name":"무당소","detail":"용추골천","province":"경상북도","district":"문경시","town":"가은읍","address":"경상북도 문경시  가은읍  완장리 471-2","placeType":"계곡","management":"일반지역","manageCode":"2","sectionM":"10.0","riskSectionM":null,"depthAvg":"1.5","depthMax":"1.8","accidents":"0","safetyAction":null,"note":null,"equipment":{"total":10,"sign":1,"rescueBox":1,"vest":3,"buoy":2,"rope":2,"pole":0},"staff":null,"coordinateCorrected":false,"sourceYear":2025}},{"type":"Feature","geometry":{"type":"Point","coordinates":[127.937032,36.5709055]},"properties":{"id":809,"name":"늑천정","detail":"심원사 계곡","province":"경상북도","district":"문경시","town":"농암면","address":"경상북도 문경시  농암면  내서리 687-4","placeType":"계곡","management":"일반지역","manageCode":"2","sectionM":"40.0","riskSectionM":null,"depthAvg":"1.0","depthMax":"2.0","accidents":"1","safetyAction":null,"note":null,"equipment":{"total":12,"sign":2,"rescueBox":2,"vest":3,"buoy":1,"rope":3,"pole":0},"staff":null,"coordinateCorrected":false,"sourceYear":2025}},{"type":"Feature","geometry":{"type":"Point","coordinates":[128.1261604,36.659941]},"properties":{"id":810,"name":"진남휴게소 밑","detail":"진남휴게소 밑","province":"경상북도","district":"문경시","town":"마성면","address":"경상북도 문경시  마성면  마성면 신현리 134","placeType":"유원지","management":"일반지역","manageCode":"2","sectionM":"60.0","riskSectionM":null,"depthAvg":"1.0","depthMax":"3.0","accidents":"1","safetyAction":null,"note":null,"equipment":{"total":10,"sign":1,"rescueBox":1,"vest":3,"buoy":2,"rope":2,"pole":0},"staff":null,"coordinateCorrected":false,"sourceYear":2025}},{"type":"Feature","geometry":{"type":"Point","coordinates":[127.9719931,36.6704149]},"properties":{"id":811,"name":"선유동계곡","detail":"선유동계곡","province":"경상북도","district":"문경시","town":"가은읍","address":"경상북도 문경시 가은읍 완장리 산 103","placeType":"계곡","management":"일반지역","manageCode":"2","sectionM":"100.0","riskSectionM":null,"depthAvg":"1.0","depthMax":"2.0","accidents":"0","safetyAction":null,"note":null,"equipment":{"total":10,"sign":1,"rescueBox":1,"vest":3,"buoy":2,"rope":2,"pole":0},"staff":null,"coordinateCorrected":false,"sourceYear":2025}},{"type":"Feature","geometry":{"type":"Point","coordinates":[128.3132206,36.7378416]},"properties":{"id":812,"name":"천주사","detail":"금천 천주사","province":"경상북도","district":"문경시","town":"동로면","address":"경상북도 문경시 동로면 간송리 694-4","placeType":"하천","management":"일반지역","manageCode":"2","sectionM":"100.0","riskSectionM":null,"depthAvg":"1.0","depthMax":"1.5","accidents":"0","safetyAction":null,"note":null,"equipment":{"total":8,"sign":1,"rescueBox":1,"vest":3,"buoy":0,"rope":2,"pole":0},"staff":null,"coordinateCorrected":false,"sourceYear":2025}},{"type":"Feature","geometry":{"type":"Point","coordinates":[127.9501137,36.5687121]},"properties":{"id":813,"name":"쌍용폭포","detail":"쌍용폭포","province":"경상북도","district":"문경시","town":"농암면","address":"경상북도 문경시 농암면 내서리 산6","placeType":"계곡","management":"일반지역","manageCode":"2","sectionM":"80.0","riskSectionM":null,"depthAvg":"3.0","depthMax":"5.0","accidents":"2","safetyAction":null,"note":null,"equipment":{"total":6,"sign":2,"rescueBox":0,"vest":2,"buoy":1,"rope":0,"pole":0},"staff":null,"coordinateCorrected":false,"sourceYear":2025}},{"type":"Feature","geometry":{"type":"Point","coordinates":[128.2952374,36.7753284]},"properties":{"id":814,"name":"울음소","detail":"울음소","province":"경상북도","district":"문경시","town":"동로면","address":"경상북도 문경시 동로면 적성리 1250","placeType":"하천","management":"일반지역","manageCode":"2","sectionM":"100.0","riskSectionM":null,"depthAvg":"1.0","depthMax":"3.0","accidents":"1","safetyAction":null,"note":null,"equipment":{"total":10,"sign":1,"rescueBox":1,"vest":3,"buoy":2,"rope":2,"pole":0},"staff":null,"coordinateCorrected":false,"sourceYear":2025}},{"type":"Feature","geometry":{"type":"Point","coordinates":[128.2562297,36.7940418]},"properties":{"id":815,"name":"동로소","detail":"동로소","province":"경상북도","district":"문경시","town":"동로면","address":"경상북도 문경시 동로면 생달리 268","placeType":"하천","management":"일반지역","manageCode":"2","sectionM":"100.0","riskSectionM":null,"depthAvg":"2.0","depthMax":"3.0","accidents":"3","safetyAction":null,"note":null,"equipment":{"total":7,"sign":0,"rescueBox":0,"vest":3,"buoy":3,"rope":1,"pole":0},"staff":null,"coordinateCorrected":false,"sourceYear":2025}},{"type":"Feature","geometry":{"type":"Point","coordinates":[128.7494142,36.4214831]},"properties":{"id":816,"name":"사촌빙벽(1구역)","detail":"사촌빙벽 밑","province":"경상북도","district":"의성군","town":"점곡","address":"경상북도 의성군 점곡 경북 의성군 점곡면 사촌리 654-1","placeType":"하천","management":"일반지역","manageCode":"2","sectionM":"200.0","riskSectionM":null,"depthAvg":"2.0","depthMax":"4.0","accidents":"0","safetyAction":null,"note":null,"equipment":{"total":16,"sign":2,"rescueBox":2,"vest":4,"buoy":4,"rope":3,"pole":0},"staff":null,"coordinateCorrected":false,"sourceYear":2025}},{"type":"Feature","geometry":{"type":"Point","coordinates":[128.7436148,36.4228553]},"properties":{"id":817,"name":"사촌빙벽(2구역)","detail":"사촌빙벽700m아래쪽","province":"경상북도","district":"의성군","town":"점곡","address":"경상북도 의성군 점곡 경북 의성군 점곡면 사촌리 666","placeType":"하천","management":"일반지역","manageCode":"2","sectionM":"300.0","riskSectionM":null,"depthAvg":"0.5","depthMax":"1.5","accidents":"0","safetyAction":null,"note":null,"equipment":{"total":11,"sign":3,"rescueBox":1,"vest":2,"buoy":2,"rope":2,"pole":0},"staff":null,"coordinateCorrected":false,"sourceYear":2025}},{"type":"Feature","geometry":{"type":"Point","coordinates":[128.7574785,36.2291402]},"properties":{"id":818,"name":"빙계계곡 2구역","detail":"빙계계곡 2구역","province":"경상북도","district":"의성군","town":"춘산","address":"경상북도 의성군 춘산 경북 의성군 춘산면 빙계리 1005-2","placeType":"계곡","management":"일반지역","manageCode":"2","sectionM":"100.0","riskSectionM":null,"depthAvg":"0.5","depthMax":"1.0","accidents":"0","safetyAction":null,"note":null,"equipment":{"total":15,"sign":3,"rescueBox":2,"vest":3,"buoy":3,"rope":2,"pole":0},"staff":null,"coordinateCorrected":false,"sourceYear":2025}},{"type":"Feature","geometry":{"type":"Point","coordinates":[129.0701836,36.4002186]},"properties":{"id":819,"name":"청운하천","detail":"청운교","province":"경상북도","district":"청송군","town":"청송읍","address":"경상북도 청송군 청송읍 청운리 1227-22","placeType":"하천","management":"일반지역","manageCode":"2","sectionM":"300.0","riskSectionM":null,"depthAvg":"1.0","depthMax":"2.0","accidents":"0","safetyAction":null,"note":null,"equipment":{"total":24,"sign":3,"rescueBox":3,"vest":6,"buoy":6,"rope":6,"pole":0},"staff":null,"coordinateCorrected":false,"sourceYear":2025}},{"type":"Feature","geometry":{"type":"Point","coordinates":[129.0938648,36.3746004]},"properties":{"id":820,"name":"마평교","detail":"마평교","province":"경상북도","district":"청송군","town":"주왕산면","address":"경상북도 청송군 주왕산면 지리 567-155","placeType":"하천","management":"일반지역","manageCode":"2","sectionM":"200.0","riskSectionM":null,"depthAvg":"1.0","depthMax":"2.0","accidents":"1","safetyAction":null,"note":null,"equipment":{"total":16,"sign":2,"rescueBox":2,"vest":4,"buoy":4,"rope":4,"pole":0},"staff":null,"coordinateCorrected":false,"sourceYear":2025}},{"type":"Feature","geometry":{"type":"Point","coordinates":[128.9879856,36.3293295]},"properties":{"id":821,"name":"방호정","detail":"방호정","province":"경상북도","district":"청송군","town":"안덕면","address":"경상북도 청송군 안덕면 신성리 182","placeType":"하천","management":"일반지역","manageCode":"2","sectionM":"400.0","riskSectionM":null,"depthAvg":"1.0","depthMax":"2.0","accidents":"0","safetyAction":null,"note":null,"equipment":{"total":24,"sign":3,"rescueBox":3,"vest":6,"buoy":6,"rope":6,"pole":0},"staff":null,"coordinateCorrected":false,"sourceYear":2025}},{"type":"Feature","geometry":{"type":"Point","coordinates":[128.9944666,36.3507199]},"properties":{"id":822,"name":"지소하천","detail":"원지소","province":"경상북도","district":"청송군","town":"안덕면","address":"경상북도 청송군 안덕면 지소리 649-1","placeType":"하천","management":"일반지역","manageCode":"2","sectionM":"300.0","riskSectionM":null,"depthAvg":"1.0","depthMax":"2.0","accidents":"0","safetyAction":null,"note":null,"equipment":{"total":16,"sign":2,"rescueBox":2,"vest":4,"buoy":4,"rope":4,"pole":0},"staff":null,"coordinateCorrected":false,"sourceYear":2025}},{"type":"Feature","geometry":{"type":"Point","coordinates":[128.9741413,36.366876]},"properties":{"id":823,"name":"고와하천","detail":"고와교","province":"경상북도","district":"청송군","town":"안덕면","address":"경상북도 청송군 안덕면 고와리 648","placeType":"하천","management":"일반지역","manageCode":"2","sectionM":"500.0","riskSectionM":null,"depthAvg":"1.0","depthMax":"2.0","accidents":"0","safetyAction":null,"note":null,"equipment":{"total":16,"sign":2,"rescueBox":2,"vest":4,"buoy":4,"rope":4,"pole":0},"staff":null,"coordinateCorrected":false,"sourceYear":2025}},{"type":"Feature","geometry":{"type":"Point","coordinates":[129.2239449,36.3168907]},"properties":{"id":824,"name":"얼음골","detail":"얼음골","province":"경상북도","district":"청송군","town":"주왕산면","address":"경상북도 청송군 주왕산면 내룡리 1-1","placeType":"계곡","management":"일반지역","manageCode":"2","sectionM":"500.0","riskSectionM":null,"depthAvg":"1.0","depthMax":"1.0","accidents":"0","safetyAction":null,"note":null,"equipment":{"total":11,"sign":4,"rescueBox":1,"vest":2,"buoy":2,"rope":2,"pole":0},"staff":null,"coordinateCorrected":false,"sourceYear":2025}},{"type":"Feature","geometry":{"type":"Point","coordinates":[129.2716217,36.8377715]},"properties":{"id":825,"name":"수하계곡","detail":"수하계곡","province":"경상북도","district":"영양군","town":"수비면","address":"경상북도 영양군 수비면 수하리 240-1","placeType":"계곡","management":"일반지역","manageCode":"2","sectionM":"200.0","riskSectionM":null,"depthAvg":"1.0","depthMax":"2.0","accidents":"0","safetyAction":null,"note":null,"equipment":{"total":31,"sign":5,"rescueBox":6,"vest":4,"buoy":4,"rope":4,"pole":0},"staff":null,"coordinateCorrected":false,"sourceYear":2025}},{"type":"Feature","geometry":{"type":"Point","coordinates":[129.2537637,36.7622183]},"properties":{"id":826,"name":"본신계곡","detail":"본신계곡","province":"경상북도","district":"영양군","town":"수비면","address":"경상북도 영양군 수비면  신원리 산26-14","placeType":"계곡","management":"일반지역","manageCode":"2","sectionM":"50.0","riskSectionM":null,"depthAvg":"1.0","depthMax":"2.0","accidents":"0","safetyAction":null,"note":null,"equipment":{"total":14,"sign":2,"rescueBox":2,"vest":2,"buoy":2,"rope":2,"pole":0},"staff":null,"coordinateCorrected":false,"sourceYear":2025}},{"type":"Feature","geometry":{"type":"Point","coordinates":[129.1145977,36.6516684]},"properties":{"id":829,"name":"현동교","detail":"현동교","province":"경상북도","district":"영양군","town":"영양읍","address":"경상북도 영양군 영양읍  현리 382-2","placeType":"하천","management":"일반지역","manageCode":"2","sectionM":"50.0","riskSectionM":null,"depthAvg":"1.0","depthMax":"2.0","accidents":"0","safetyAction":null,"note":null,"equipment":{"total":28,"sign":4,"rescueBox":4,"vest":4,"buoy":4,"rope":4,"pole":0},"staff":null,"coordinateCorrected":false,"sourceYear":2025}},{"type":"Feature","geometry":{"type":"Point","coordinates":[129.2098685,36.7164348]},"properties":{"id":831,"name":"장파천","detail":"장파천","province":"경상북도","district":"영양군","town":"수비면","address":"경상북도 영양군 수비면 죽파리 332","placeType":"하천","management":"일반지역","manageCode":"2","sectionM":"30.0","riskSectionM":null,"depthAvg":"1.0","depthMax":"2.0","accidents":"0","safetyAction":null,"note":null,"equipment":{"total":7,"sign":1,"rescueBox":1,"vest":1,"buoy":1,"rope":1,"pole":0},"staff":null,"coordinateCorrected":false,"sourceYear":2025}},{"type":"Feature","geometry":{"type":"Point","coordinates":[129.0475583,36.7056368]},"properties":{"id":832,"name":"토구숲","detail":"토구숲","province":"경상북도","district":"영양군","town":"청기면","address":"경상북도 영양군 청기면 토구리 185-2","placeType":"하천","management":"일반지역","manageCode":"2","sectionM":"200.0","riskSectionM":null,"depthAvg":"1.0","depthMax":"1.0","accidents":"0","safetyAction":null,"note":null,"equipment":{"total":5,"sign":1,"rescueBox":1,"vest":1,"buoy":1,"rope":1,"pole":0},"staff":null,"coordinateCorrected":false,"sourceYear":2025}},{"type":"Feature","geometry":{"type":"Point","coordinates":[129.2524324,36.8101943]},"properties":{"id":833,"name":"장수포천(솔밭)","detail":"장수포천","province":"경상북도","district":"영양군","town":"수비면","address":"경상북도 영양군 수비면 수하리 522","placeType":"하천","management":"일반지역","manageCode":"2","sectionM":"200.0","riskSectionM":null,"depthAvg":"1.0","depthMax":"2.0","accidents":"0","safetyAction":null,"note":null,"equipment":{"total":5,"sign":1,"rescueBox":1,"vest":1,"buoy":1,"rope":1,"pole":0},"staff":null,"coordinateCorrected":false,"sourceYear":2025}},{"type":"Feature","geometry":{"type":"Point","coordinates":[129.1610437,36.7475026]},"properties":{"id":834,"name":"칠성리 와규교 물놀이장","detail":"칠성리 와구교 물놀이장","province":"경상북도","district":"영양군","town":"일월면","address":"경상북도 영양군 일월면 칠성리 112-2","placeType":"하천","management":"일반지역","manageCode":"2","sectionM":"200.0","riskSectionM":null,"depthAvg":"1.0","depthMax":"2.0","accidents":"0","safetyAction":null,"note":null,"equipment":{"total":5,"sign":1,"rescueBox":1,"vest":1,"buoy":1,"rope":1,"pole":0},"staff":null,"coordinateCorrected":false,"sourceYear":2025}},{"type":"Feature","geometry":{"type":"Point","coordinates":[129.3566058,36.4251031]},"properties":{"id":835,"name":"오십천","detail":null,"province":"경상북도","district":"영덕군","town":"영덕읍","address":"경상북도 영덕군 영덕읍 화개리 644","placeType":null,"management":"일반지역","manageCode":"2","sectionM":"400.0","riskSectionM":null,"depthAvg":"1.5","depthMax":"2.0","accidents":"2","safetyAction":null,"note":null,"equipment":{"total":98,"sign":12,"rescueBox":12,"vest":50,"buoy":9,"rope":6,"pole":0},"staff":null,"coordinateCorrected":false,"sourceYear":2025}},{"type":"Feature","geometry":{"type":"Point","coordinates":[129.3050543,36.3756683]},"properties":{"id":836,"name":"무지개숲","detail":null,"province":"경상북도","district":"영덕군","town":"달산면","address":"경상북도 영덕군 달산면  흥기리 935","placeType":null,"management":"일반지역","manageCode":"2","sectionM":"200.0","riskSectionM":null,"depthAvg":"1.0","depthMax":"2.5","accidents":"0","safetyAction":null,"note":null,"equipment":{"total":6,"sign":3,"rescueBox":3,"vest":0,"buoy":0,"rope":0,"pole":0},"staff":null,"coordinateCorrected":false,"sourceYear":2025}},{"type":"Feature","geometry":{"type":"Point","coordinates":[129.2676143,36.3308764]},"properties":{"id":837,"name":"옥계계곡","detail":null,"province":"경상북도","district":"영덕군","town":"달산면","address":"경상북도 영덕군 달산면  옥계리 232","placeType":null,"management":"일반지역","manageCode":"2","sectionM":"3500.0","riskSectionM":null,"depthAvg":"1.0","depthMax":"2.5","accidents":"5","safetyAction":null,"note":null,"equipment":{"total":105,"sign":17,"rescueBox":11,"vest":35,"buoy":18,"rope":14,"pole":0},"staff":null,"coordinateCorrected":false,"sourceYear":2025}},{"type":"Feature","geometry":{"type":"Point","coordinates":[129.3279282,36.4257401]},"properties":{"id":838,"name":"오천솔밭","detail":null,"province":"경상북도","district":"영덕군","town":"지품면","address":"경상북도 영덕군 지품면 오천리 165-4","placeType":null,"management":"일반지역","manageCode":"2","sectionM":"200.0","riskSectionM":null,"depthAvg":"1.5","depthMax":"4.0","accidents":"0","safetyAction":null,"note":null,"equipment":{"total":175,"sign":6,"rescueBox":5,"vest":132,"buoy":19,"rope":8,"pole":0},"staff":null,"coordinateCorrected":false,"sourceYear":2025}},{"type":"Feature","geometry":{"type":"Point","coordinates":[128.7674836,35.6149217]},"properties":{"id":839,"name":"청도천(금호교)","detail":"청도천(금호교)","province":"경상북도","district":"청도군","town":"청도읍","address":"경상북도 청도군 청도읍 거연리 304","placeType":"하천","management":"일반지역","manageCode":"2","sectionM":"50.0","riskSectionM":null,"depthAvg":"0.35","depthMax":"1.0","accidents":"0","safetyAction":null,"note":null,"equipment":{"total":9,"sign":1,"rescueBox":2,"vest":2,"buoy":2,"rope":2,"pole":0},"staff":null,"coordinateCorrected":false,"sourceYear":2025}},{"type":"Feature","geometry":{"type":"Point","coordinates":[128.7786104,35.5832127]},"properties":{"id":840,"name":"유호잠수교","detail":"유호잠수교","province":"경상북도","district":"청도군","town":"청도읍","address":"경상북도 청도군 청도읍 유호리 194","placeType":"하천","management":"일반지역","manageCode":"2","sectionM":"50.0","riskSectionM":null,"depthAvg":"0.8","depthMax":"2.0","accidents":"0","safetyAction":null,"note":null,"equipment":{"total":5,"sign":1,"rescueBox":1,"vest":1,"buoy":1,"rope":1,"pole":0},"staff":null,"coordinateCorrected":false,"sourceYear":2025}},{"type":"Feature","geometry":{"type":"Point","coordinates":[128.7435725,35.6514251]},"properties":{"id":841,"name":"산성철교","detail":"산성강변길","province":"경상북도","district":"청도군","town":"청도읍","address":"경상북도 청도군 청도읍 고수리1070","placeType":"하천","management":"일반지역","manageCode":"2","sectionM":"50.0","riskSectionM":null,"depthAvg":"1.0","depthMax":"2.0","accidents":"0","safetyAction":null,"note":null,"equipment":{"total":18,"sign":2,"rescueBox":4,"vest":4,"buoy":4,"rope":4,"pole":0},"staff":null,"coordinateCorrected":false,"sourceYear":2025}},{"type":"Feature","geometry":{"type":"Point","coordinates":[128.5619741,35.7113946]},"properties":{"id":842,"name":"대동골","detail":"대동골","province":"경상북도","district":"청도군","town":"각북면","address":"경상북도 청도군 각북면 오산리633-3","placeType":"계곡","management":"일반지역","manageCode":"2","sectionM":"10.0","riskSectionM":null,"depthAvg":"1.0","depthMax":"3.0","accidents":"0","safetyAction":null,"note":null,"equipment":{"total":5,"sign":1,"rescueBox":1,"vest":1,"buoy":1,"rope":1,"pole":0},"staff":null,"coordinateCorrected":false,"sourceYear":2025}},{"type":"Feature","geometry":{"type":"Point","coordinates":[128.9199373,35.7185624]},"properties":{"id":843,"name":"운문댐하류보(1)","detail":"신화랑길 6","province":"경상북도","district":"청도군","town":"운문면","address":"경상북도 청도군 운문면 방지리 150-3","placeType":"하천","management":"일반지역","manageCode":"2","sectionM":"100.0","riskSectionM":null,"depthAvg":"0.8","depthMax":"1.5","accidents":"0","safetyAction":null,"note":null,"equipment":{"total":22,"sign":5,"rescueBox":4,"vest":4,"buoy":4,"rope":4,"pole":0},"staff":null,"coordinateCorrected":false,"sourceYear":2025}},{"type":"Feature","geometry":{"type":"Point","coordinates":[128.9199373,35.7185624]},"properties":{"id":844,"name":"운문댐하류보(2)","detail":"신화랑길 6","province":"경상북도","district":"청도군","town":"운문면","address":"경상북도 청도군 운문면 방지리 150-3","placeType":"하천","management":"일반지역","manageCode":"2","sectionM":"100.0","riskSectionM":null,"depthAvg":"0.8","depthMax":"1.5","accidents":"0","safetyAction":null,"note":null,"equipment":{"total":21,"sign":5,"rescueBox":4,"vest":4,"buoy":4,"rope":4,"pole":0},"staff":null,"coordinateCorrected":false,"sourceYear":2025}},{"type":"Feature","geometry":{"type":"Point","coordinates":[128.9568066,35.6747371]},"properties":{"id":845,"name":"소머리야영장","detail":"운문사길110-4","province":"경상북도","district":"청도군","town":"운문면","address":"경상북도 청도군 운문면 신원리 2001","placeType":"하천","management":"일반지역","manageCode":"2","sectionM":"100.0","riskSectionM":null,"depthAvg":"1.0","depthMax":"2.0","accidents":"0","safetyAction":null,"note":null,"equipment":{"total":27,"sign":7,"rescueBox":5,"vest":5,"buoy":5,"rope":5,"pole":0},"staff":null,"coordinateCorrected":false,"sourceYear":2025}},{"type":"Feature","geometry":{"type":"Point","coordinates":[128.9613607,35.6872003]},"properties":{"id":846,"name":"무적숲(1)(시골집식당)","detail":"운문로1589","province":"경상북도","district":"청도군","town":"운문면","address":"경상북도 청도군 운문면 신원리 787-2","placeType":"계곡","management":"일반지역","manageCode":"2","sectionM":"100.0","riskSectionM":null,"depthAvg":"1.0","depthMax":"2.0","accidents":"0","safetyAction":null,"note":null,"equipment":{"total":7,"sign":2,"rescueBox":2,"vest":1,"buoy":1,"rope":1,"pole":0},"staff":null,"coordinateCorrected":false,"sourceYear":2025}},{"type":"Feature","geometry":{"type":"Point","coordinates":[128.9614241,35.6869222]},"properties":{"id":847,"name":"무적숲(2)(시골집식당)","detail":"운문로1590","province":"경상북도","district":"청도군","town":"운문면","address":"경상북도 청도군 운문면 신원리 787-3","placeType":"계곡","management":"일반지역","manageCode":"2","sectionM":"100.0","riskSectionM":null,"depthAvg":"1.0","depthMax":"2.0","accidents":"0","safetyAction":null,"note":null,"equipment":{"total":5,"sign":1,"rescueBox":1,"vest":1,"buoy":1,"rope":1,"pole":0},"staff":null,"coordinateCorrected":false,"sourceYear":2025}},{"type":"Feature","geometry":{"type":"Point","coordinates":[128.9823477,35.6806948]},"properties":{"id":848,"name":"삼계계곡","detail":"삼계계곡","province":"경상북도","district":"청도군","town":"운문면","address":"경상북도 청도군 운문면 신원리 449","placeType":"계곡","management":"일반지역","manageCode":"2","sectionM":"50.0","riskSectionM":null,"depthAvg":"0.8","depthMax":"1.0","accidents":"0","safetyAction":null,"note":null,"equipment":{"total":11,"sign":3,"rescueBox":2,"vest":2,"buoy":2,"rope":2,"pole":0},"staff":null,"coordinateCorrected":false,"sourceYear":2025}},{"type":"Feature","geometry":{"type":"Point","coordinates":[128.8955367,35.6805884]},"properties":{"id":849,"name":"금천교","detail":"금천교","province":"경상북도","district":"청도군","town":"금천면","address":"경상북도 청도군 금천면 신지리214-1","placeType":"하천","management":"일반지역","manageCode":"2","sectionM":"40.0","riskSectionM":null,"depthAvg":"1.5","depthMax":"2.0","accidents":"0","safetyAction":null,"note":null,"equipment":{"total":9,"sign":1,"rescueBox":2,"vest":2,"buoy":2,"rope":2,"pole":0},"staff":null,"coordinateCorrected":false,"sourceYear":2025}},{"type":"Feature","geometry":{"type":"Point","coordinates":[128.9012622,35.6892576]},"properties":{"id":850,"name":"새들보","detail":"새들보","province":"경상북도","district":"청도군","town":"금천면","address":"경상북도 청도군 금천면 임당리1965","placeType":"하천","management":"일반지역","manageCode":"2","sectionM":"50.0","riskSectionM":null,"depthAvg":"1.8","depthMax":"2.3","accidents":"0","safetyAction":null,"note":null,"equipment":{"total":10,"sign":2,"rescueBox":2,"vest":2,"buoy":2,"rope":2,"pole":0},"staff":null,"coordinateCorrected":false,"sourceYear":2025}},{"type":"Feature","geometry":{"type":"Point","coordinates":[128.8678774,35.6736043]},"properties":{"id":851,"name":"삼족대","detail":"삼족대","province":"경상북도","district":"청도군","town":"매전면","address":"경상북도 청도군 매전면 당호리 470-4","placeType":"하천","management":"일반지역","manageCode":"2","sectionM":"100.0","riskSectionM":null,"depthAvg":"1.0","depthMax":"3.0","accidents":"0","safetyAction":null,"note":null,"equipment":{"total":14,"sign":1,"rescueBox":3,"vest":3,"buoy":3,"rope":3,"pole":0},"staff":null,"coordinateCorrected":false,"sourceYear":2025}},{"type":"Feature","geometry":{"type":"Point","coordinates":[128.8493293,35.6551311]},"properties":{"id":852,"name":"무심교","detail":"무심교","province":"경상북도","district":"청도군","town":"매전면","address":"경상북도 청도군 매전면 북지리 산80","placeType":"하천","management":"일반지역","manageCode":"2","sectionM":"20.0","riskSectionM":null,"depthAvg":"0.5","depthMax":"2.0","accidents":"0","safetyAction":null,"note":null,"equipment":{"total":9,"sign":1,"rescueBox":2,"vest":2,"buoy":2,"rope":2,"pole":0},"staff":null,"coordinateCorrected":false,"sourceYear":2025}},{"type":"Feature","geometry":{"type":"Point","coordinates":[128.8649084,35.6719275]},"properties":{"id":853,"name":"동창천","detail":"동창보","province":"경상북도","district":"청도군","town":"매전면","address":"경상북도 청도군 매전면 당호리 558-3","placeType":"하천","management":"일반지역","manageCode":"2","sectionM":"100.0","riskSectionM":null,"depthAvg":"2.0","depthMax":"2.2","accidents":"0","safetyAction":null,"note":null,"equipment":{"total":12,"sign":1,"rescueBox":2,"vest":3,"buoy":3,"rope":3,"pole":0},"staff":null,"coordinateCorrected":false,"sourceYear":2025}},{"type":"Feature","geometry":{"type":"Point","coordinates":[128.1857553,35.6733251]},"properties":{"id":854,"name":"신촌숲앞","detail":"신촌유원지","province":"경상북도","district":"고령군","town":"쌍림면","address":"경상북도 고령군 쌍림면 산주리 797-4","placeType":"하천","management":"일반지역","manageCode":"2","sectionM":"700.0","riskSectionM":null,"depthAvg":"1.0","depthMax":"1.0","accidents":"0","safetyAction":null,"note":null,"equipment":{"total":40,"sign":10,"rescueBox":7,"vest":7,"buoy":7,"rope":7,"pole":1},"staff":null,"coordinateCorrected":false,"sourceYear":2025}},{"type":"Feature","geometry":{"type":"Point","coordinates":[128.2760375,35.7846973]},"properties":{"id":855,"name":"대평잠수교","detail":"대평잠수교","province":"경상북도","district":"고령군","town":"운수면","address":"경상북도 고령군 운수면 대평리 1217-4","placeType":"하천","management":"일반지역","manageCode":"2","sectionM":"150.0","riskSectionM":null,"depthAvg":"1.0","depthMax":"2.0","accidents":"0","safetyAction":null,"note":null,"equipment":{"total":9,"sign":3,"rescueBox":1,"vest":1,"buoy":1,"rope":1,"pole":1},"staff":null,"coordinateCorrected":false,"sourceYear":2025}},{"type":"Feature","geometry":{"type":"Point","coordinates":[128.173603,35.7978646]},"properties":{"id":856,"name":"상비리계곡","detail":"상비리계곡","province":"경상북도","district":"고령군","town":"덕곡면","address":"경상북도 고령군 덕곡면 노리 산 94","placeType":"산간계곡","management":"일반지역","manageCode":"2","sectionM":"50.0","riskSectionM":null,"depthAvg":"1.0","depthMax":"2.0","accidents":"0","safetyAction":null,"note":null,"equipment":{"total":16,"sign":2,"rescueBox":3,"vest":3,"buoy":3,"rope":3,"pole":1},"staff":null,"coordinateCorrected":false,"sourceYear":2025}},{"type":"Feature","geometry":{"type":"Point","coordinates":[128.1940614,35.801972]},"properties":{"id":857,"name":"미천공원","detail":"미천공원","province":"경상북도","district":"고령군","town":"덕곡면","address":"경상북도 고령군 덕곡면 노리 481","placeType":"산간계곡","management":"일반지역","manageCode":"2","sectionM":"50.0","riskSectionM":null,"depthAvg":"1.0","depthMax":"2.0","accidents":"0","safetyAction":null,"note":null,"equipment":{"total":15,"sign":2,"rescueBox":3,"vest":3,"buoy":3,"rope":3,"pole":1},"staff":null,"coordinateCorrected":false,"sourceYear":2025}},{"type":"Feature","geometry":{"type":"Point","coordinates":[128.1807199,35.8733164]},"properties":{"id":858,"name":"대성교","detail":"대성교밑","province":"경상북도","district":"성주군","town":"수륜면","address":"경상북도 성주군 수륜면 수성리 27-1","placeType":"하천","management":"일반지역","manageCode":"2","sectionM":"100.0","riskSectionM":null,"depthAvg":"1.0","depthMax":"1.0","accidents":"0","safetyAction":null,"note":null,"equipment":{"total":9,"sign":2,"rescueBox":1,"vest":2,"buoy":3,"rope":1,"pole":0},"staff":null,"coordinateCorrected":false,"sourceYear":2025}},{"type":"Feature","geometry":{"type":"Point","coordinates":[128.1935526,35.8546196]},"properties":{"id":859,"name":"양정교","detail":"양정교밑","province":"경상북도","district":"성주군","town":"수륜면","address":"경상북도 성주군 수륜면 신정리 318-1","placeType":"하천","management":"일반지역","manageCode":"2","sectionM":"150.0","riskSectionM":null,"depthAvg":"1.0","depthMax":"2.0","accidents":"0","safetyAction":null,"note":null,"equipment":{"total":13,"sign":4,"rescueBox":2,"vest":2,"buoy":2,"rope":3,"pole":0},"staff":null,"coordinateCorrected":false,"sourceYear":2025}},{"type":"Feature","geometry":{"type":"Point","coordinates":[128.19605,35.8452775]},"properties":{"id":860,"name":"새별교","detail":"새별교밑","province":"경상북도","district":"성주군","town":"수륜면","address":"경상북도 성주군 수륜면 신정리 574","placeType":"하천","management":"일반지역","manageCode":"2","sectionM":"200.0","riskSectionM":null,"depthAvg":"1.0","depthMax":"2.0","accidents":"0","safetyAction":null,"note":null,"equipment":{"total":12,"sign":3,"rescueBox":2,"vest":3,"buoy":2,"rope":2,"pole":0},"staff":null,"coordinateCorrected":false,"sourceYear":2025}},{"type":"Feature","geometry":{"type":"Point","coordinates":[128.2535315,35.7943906]},"properties":{"id":861,"name":"법산교","detail":"법산교밑","province":"경상북도","district":"성주군","town":"수륜면","address":"경상북도 성주군 수륜면 남은리 1062","placeType":"하천","management":"일반지역","manageCode":"2","sectionM":"150.0","riskSectionM":null,"depthAvg":"1.0","depthMax":"2.0","accidents":"0","safetyAction":null,"note":null,"equipment":{"total":23,"sign":5,"rescueBox":4,"vest":5,"buoy":5,"rope":4,"pole":0},"staff":null,"coordinateCorrected":false,"sourceYear":2025}},{"type":"Feature","geometry":{"type":"Point","coordinates":[128.1669573,35.795677]},"properties":{"id":862,"name":"우수교","detail":"우수교밑","province":"경상북도","district":"성주군","town":"수륜면","address":"경상북도 성주군 수륜면 백운리 282","placeType":"하천","management":"일반지역","manageCode":"2","sectionM":"50.0","riskSectionM":null,"depthAvg":"1.0","depthMax":"1.0","accidents":"0","safetyAction":null,"note":null,"equipment":{"total":0,"sign":0,"rescueBox":0,"vest":0,"buoy":0,"rope":0,"pole":0},"staff":null,"coordinateCorrected":false,"sourceYear":2025}},{"type":"Feature","geometry":{"type":"Point","coordinates":[128.1343658,35.8618222]},"properties":{"id":863,"name":"포천계곡","detail":"아전촌교","province":"경상북도","district":"성주군","town":"가천면","address":"경상북도 성주군 가천면 법전리 1183","placeType":"산간계곡","management":"일반지역","manageCode":"2","sectionM":"50.0","riskSectionM":null,"depthAvg":"1.0","depthMax":"1.0","accidents":"0","safetyAction":null,"note":null,"equipment":{"total":11,"sign":1,"rescueBox":2,"vest":2,"buoy":2,"rope":4,"pole":0},"staff":null,"coordinateCorrected":false,"sourceYear":2025}},{"type":"Feature","geometry":{"type":"Point","coordinates":[128.108287,35.863656]},"properties":{"id":864,"name":"포천계곡","detail":"너리바위","province":"경상북도","district":"성주군","town":"가천면","address":"경상북도 성주군 가천면 용사리 1183","placeType":"산간계곡","management":"일반지역","manageCode":"2","sectionM":"30.0","riskSectionM":null,"depthAvg":"1.0","depthMax":"1.0","accidents":"2","safetyAction":null,"note":null,"equipment":{"total":10,"sign":2,"rescueBox":2,"vest":2,"buoy":2,"rope":2,"pole":0},"staff":null,"coordinateCorrected":false,"sourceYear":2025}},{"type":"Feature","geometry":{"type":"Point","coordinates":[128.1143244,35.8676502]},"properties":{"id":865,"name":"포천계곡","detail":"돌담집","province":"경상북도","district":"성주군","town":"가천면","address":"경상북도 성주군 가천면 용사리 732","placeType":"산간계곡","management":"일반지역","manageCode":"2","sectionM":"100.0","riskSectionM":null,"depthAvg":"1.0","depthMax":"2.0","accidents":"0","safetyAction":null,"note":null,"equipment":{"total":5,"sign":1,"rescueBox":1,"vest":1,"buoy":1,"rope":1,"pole":0},"staff":null,"coordinateCorrected":false,"sourceYear":2025}},{"type":"Feature","geometry":{"type":"Point","coordinates":[128.1717193,35.8839707]},"properties":{"id":866,"name":"가천교","detail":"가천교","province":"경상북도","district":"성주군","town":"가천면","address":"경상북도 성주군 가천면 창천리 1242-1","placeType":"하천","management":"일반지역","manageCode":"2","sectionM":"100.0","riskSectionM":null,"depthAvg":"1.0","depthMax":"1.0","accidents":"0","safetyAction":null,"note":null,"equipment":{"total":11,"sign":3,"rescueBox":2,"vest":2,"buoy":2,"rope":2,"pole":0},"staff":null,"coordinateCorrected":false,"sourceYear":2025}},{"type":"Feature","geometry":{"type":"Point","coordinates":[128.1307501,35.8714098]},"properties":{"id":867,"name":"청수원","detail":"청수원","province":"경상북도","district":"성주군","town":"가천면","address":"경상북도 성주군 가천면 법전리 232","placeType":"산간계곡","management":"일반지역","manageCode":"2","sectionM":"100.0","riskSectionM":null,"depthAvg":"1.5","depthMax":"2.0","accidents":"0","safetyAction":null,"note":null,"equipment":{"total":10,"sign":2,"rescueBox":2,"vest":2,"buoy":2,"rope":2,"pole":0},"staff":null,"coordinateCorrected":false,"sourceYear":2025}},{"type":"Feature","geometry":{"type":"Point","coordinates":[128.1088516,35.8501101]},"properties":{"id":868,"name":"만귀정","detail":"만귀정","province":"경상북도","district":"성주군","town":"가천면","address":"경상북도 성주군 가천면 신계리 1133","placeType":"산간계곡","management":"일반지역","manageCode":"2","sectionM":"50.0","riskSectionM":null,"depthAvg":"2.0","depthMax":"3.0","accidents":"0","safetyAction":null,"note":null,"equipment":{"total":5,"sign":1,"rescueBox":1,"vest":1,"buoy":1,"rope":1,"pole":0},"staff":null,"coordinateCorrected":false,"sourceYear":2025}},{"type":"Feature","geometry":{"type":"Point","coordinates":[128.1222146,35.9201475]},"properties":{"id":876,"name":"금수문화공원","detail":"금수문화공원 앞","province":"경상북도","district":"성주군","town":"금수강산면","address":"경상북도 성주군 금수강산면 무학리47","placeType":"하천","management":"일반지역","manageCode":"2","sectionM":"200.0","riskSectionM":null,"depthAvg":"1.0","depthMax":"1.0","accidents":"0","safetyAction":null,"note":null,"equipment":{"total":10,"sign":2,"rescueBox":2,"vest":2,"buoy":2,"rope":2,"pole":0},"staff":null,"coordinateCorrected":false,"sourceYear":2025}},{"type":"Feature","geometry":{"type":"Point","coordinates":[128.2949481,36.0739148]},"properties":{"id":878,"name":"금오동천","detail":"금오식당(숭오리990-4)일원","province":"경상북도","district":"칠곡군","town":"북삼읍","address":"경상북도 칠곡군 북삼읍 숭오리 산31-10","placeType":"계곡및소하천","management":"일반지역","manageCode":"2","sectionM":"60.0","riskSectionM":null,"depthAvg":"1.0","depthMax":"4.0","accidents":"0","safetyAction":null,"note":null,"equipment":{"total":7,"sign":1,"rescueBox":2,"vest":2,"buoy":2,"rope":0,"pole":0},"staff":null,"coordinateCorrected":false,"sourceYear":2025}},{"type":"Feature","geometry":{"type":"Point","coordinates":[128.5863078,36.6973514]},"properties":{"id":879,"name":"우래교","detail":"우래교 우안","province":"경상북도","district":"예천군","town":"보문면","address":"경상북도 예천군 보문면 경상북도 예천군 보문면 기곡리 산 51-1","placeType":"하천","management":"일반지역","manageCode":"2","sectionM":"0.0","riskSectionM":null,"depthAvg":"1.0","depthMax":"2.0","accidents":"0","safetyAction":null,"note":null,"equipment":{"total":6,"sign":1,"rescueBox":1,"vest":1,"buoy":1,"rope":1,"pole":0},"staff":null,"coordinateCorrected":false,"sourceYear":2025}},{"type":"Feature","geometry":{"type":"Point","coordinates":[128.5200669,36.6685445]},"properties":{"id":880,"name":"미호교","detail":"미호교 아래(한맥CC방향)","province":"경상북도","district":"예천군","town":"보문면","address":"경상북도 예천군 보문면 경상북도 예천군 보문면 작곡리  601","placeType":"하천","management":"일반지역","manageCode":"2","sectionM":"0.0","riskSectionM":null,"depthAvg":"1.0","depthMax":"2.0","accidents":"0","safetyAction":null,"note":null,"equipment":{"total":9,"sign":1,"rescueBox":1,"vest":2,"buoy":2,"rope":2,"pole":0},"staff":null,"coordinateCorrected":false,"sourceYear":2025}},{"type":"Feature","geometry":{"type":"Point","coordinates":[128.3271177,36.5826489]},"properties":{"id":881,"name":"회룡교","detail":"회룡교 아래(회룡포방향)","province":"경상북도","district":"예천군","town":"용궁면","address":"경상북도 예천군 용궁면 경상북도 예천군 용궁면 대은리  958","placeType":"하천","management":"일반지역","manageCode":"2","sectionM":"0.0","riskSectionM":null,"depthAvg":"1.0","depthMax":"2.0","accidents":"0","safetyAction":null,"note":null,"equipment":{"total":18,"sign":2,"rescueBox":2,"vest":4,"buoy":4,"rope":4,"pole":0},"staff":null,"coordinateCorrected":false,"sourceYear":2025}},{"type":"Feature","geometry":{"type":"Point","coordinates":[128.3313017,36.5803913]},"properties":{"id":882,"name":"뽕뽕다리","detail":"뽕뽕다리(회룡양수장 옆)","province":"경상북도","district":"예천군","town":"용궁면","address":"경상북도 예천군 용궁면 경상북도 예천군 용궁면 대은리  950","placeType":"하천","management":"일반지역","manageCode":"2","sectionM":"0.0","riskSectionM":null,"depthAvg":"1.0","depthMax":"1.0","accidents":"0","safetyAction":null,"note":null,"equipment":{"total":18,"sign":2,"rescueBox":2,"vest":4,"buoy":4,"rope":4,"pole":0},"staff":null,"coordinateCorrected":false,"sourceYear":2025}},{"type":"Feature","geometry":{"type":"Point","coordinates":[128.3161477,36.5745212]},"properties":{"id":883,"name":"용포마을","detail":"용포마을(용포내려가는길)","province":"경상북도","district":"예천군","town":"지보면","address":"경상북도 예천군 지보면 경상북도 예천군 지보면 마산리  904","placeType":"하천","management":"일반지역","manageCode":"2","sectionM":"0.0","riskSectionM":null,"depthAvg":"1.0","depthMax":"3.0","accidents":"2","safetyAction":null,"note":null,"equipment":{"total":6,"sign":1,"rescueBox":1,"vest":1,"buoy":1,"rope":1,"pole":0},"staff":null,"coordinateCorrected":false,"sourceYear":2025}},{"type":"Feature","geometry":{"type":"Point","coordinates":[128.3164206,36.5589238]},"properties":{"id":887,"name":"삼강교","detail":"삼강교 아래(삼강주막 방향)","province":"경상북도","district":"예천군","town":"풍양면","address":"경상북도 예천군 풍양면 경상북도 예천군 풍양면 삼강리  450","placeType":"강","management":"일반지역","manageCode":"2","sectionM":"0.0","riskSectionM":null,"depthAvg":"2.0","depthMax":"4.0","accidents":"0","safetyAction":null,"note":null,"equipment":{"total":9,"sign":1,"rescueBox":1,"vest":2,"buoy":2,"rope":2,"pole":0},"staff":null,"coordinateCorrected":false,"sourceYear":2025}},{"type":"Feature","geometry":{"type":"Point","coordinates":[128.7368234,36.9001966]},"properties":{"id":888,"name":"석천계곡","detail":"석천계곡","province":"경상북도","district":"봉화","town":"봉화","address":"경상북도 봉화 봉화 삼계리 180-2","placeType":"계곡","management":"일반지역","manageCode":"2","sectionM":"500.0","riskSectionM":null,"depthAvg":"1.0","depthMax":"1.5","accidents":"0","safetyAction":null,"note":null,"equipment":{"total":87,"sign":1,"rescueBox":1,"vest":36,"buoy":14,"rope":30,"pole":0},"staff":null,"coordinateCorrected":false,"sourceYear":2025}},{"type":"Feature","geometry":{"type":"Point","coordinates":[128.9272771,36.8891368]},"properties":{"id":889,"name":"사미정계곡","detail":"사미정계곡","province":"경상북도","district":"봉화","town":"법전","address":"경상북도 봉화 법전 소천리 942","placeType":"계곡","management":"일반지역","manageCode":"2","sectionM":"120.0","riskSectionM":null,"depthAvg":"1.0","depthMax":"1.2","accidents":"0","safetyAction":null,"note":null,"equipment":{"total":139,"sign":2,"rescueBox":1,"vest":66,"buoy":26,"rope":41,"pole":0},"staff":null,"coordinateCorrected":false,"sourceYear":2025}},{"type":"Feature","geometry":{"type":"Point","coordinates":[128.9668891,36.9852895]},"properties":{"id":890,"name":"고선계곡마방","detail":"마방캠핑장 인근","province":"경상북도","district":"봉화","town":"소천","address":"경상북도 봉화 소천 고선리 502","placeType":"계곡","management":"일반지역","manageCode":"2","sectionM":"300.0","riskSectionM":null,"depthAvg":"1.0","depthMax":"2.0","accidents":"0","safetyAction":null,"note":null,"equipment":{"total":98,"sign":4,"rescueBox":2,"vest":40,"buoy":12,"rope":30,"pole":0},"staff":null,"coordinateCorrected":false,"sourceYear":2025}},{"type":"Feature","geometry":{"type":"Point","coordinates":[128.9514601,36.9934392]},"properties":{"id":891,"name":"고선계곡황토","detail":"구마황토민박 인근","province":"경상북도","district":"봉화","town":"소천","address":"경상북도 봉화 소천 고선리 산 37-16","placeType":"계곡","management":"일반지역","manageCode":"2","sectionM":"1000.0","riskSectionM":null,"depthAvg":"1.0","depthMax":"2.0","accidents":"0","safetyAction":null,"note":null,"equipment":{"total":15,"sign":3,"rescueBox":1,"vest":3,"buoy":4,"rope":3,"pole":0},"staff":null,"coordinateCorrected":false,"sourceYear":2025}},{"type":"Feature","geometry":{"type":"Point","coordinates":[128.9361942,37.0136662]},"properties":{"id":892,"name":"고선계곡구마동","detail":"구마동민박 인근","province":"경상북도","district":"봉화","town":"소천","address":"경상북도 봉화 소천 고선리 559","placeType":"계곡","management":"일반지역","manageCode":"2","sectionM":"200.0","riskSectionM":null,"depthAvg":"1.0","depthMax":"2.0","accidents":"1","safetyAction":null,"note":null,"equipment":{"total":10,"sign":1,"rescueBox":1,"vest":2,"buoy":3,"rope":2,"pole":0},"staff":null,"coordinateCorrected":false,"sourceYear":2025}},{"type":"Feature","geometry":{"type":"Point","coordinates":[129.0032132,36.9425297]},"properties":{"id":893,"name":"현동교1","detail":"현동교","province":"경상북도","district":"봉화","town":"소천","address":"경상북도 봉화 소천 현동리 706-1","placeType":"하천","management":"일반지역","manageCode":"2","sectionM":"400.0","riskSectionM":null,"depthAvg":"1.0","depthMax":"2.0","accidents":"0","safetyAction":null,"note":null,"equipment":{"total":5,"sign":1,"rescueBox":1,"vest":1,"buoy":1,"rope":1,"pole":0},"staff":null,"coordinateCorrected":false,"sourceYear":2025}},{"type":"Feature","geometry":{"type":"Point","coordinates":[128.9916312,36.9559739]},"properties":{"id":894,"name":"현동교2","detail":"고선2리 입구","province":"경상북도","district":"봉화","town":"소천","address":"경상북도 봉화 소천 고선리 222-1","placeType":"하천","management":"일반지역","manageCode":"2","sectionM":"200.0","riskSectionM":null,"depthAvg":"1.0","depthMax":"3.0","accidents":"0","safetyAction":null,"note":null,"equipment":{"total":79,"sign":1,"rescueBox":1,"vest":30,"buoy":9,"rope":30,"pole":0},"staff":null,"coordinateCorrected":false,"sourceYear":2025}},{"type":"Feature","geometry":{"type":"Point","coordinates":[129.0058026,36.93372]},"properties":{"id":895,"name":"천지터","detail":"천지터","province":"경상북도","district":"봉화","town":"소천","address":"경상북도 봉화 소천 현동리 585-2","placeType":"하천","management":"일반지역","manageCode":"2","sectionM":"300.0","riskSectionM":null,"depthAvg":"1.0","depthMax":"3.0","accidents":"0","safetyAction":null,"note":null,"equipment":{"total":103,"sign":2,"rescueBox":2,"vest":40,"buoy":18,"rope":33,"pole":0},"staff":null,"coordinateCorrected":false,"sourceYear":2025}},{"type":"Feature","geometry":{"type":"Point","coordinates":[129.0430545,37.0644361]},"properties":{"id":896,"name":"육송정삼거리","detail":"육송정삼거리","province":"경상북도","district":"봉화","town":"석포","address":"경상북도 봉화 석포 석포리 700-4","placeType":"하천","management":"일반지역","manageCode":"2","sectionM":"300.0","riskSectionM":null,"depthAvg":"1.0","depthMax":"1.8","accidents":"0","safetyAction":null,"note":null,"equipment":{"total":70,"sign":2,"rescueBox":2,"vest":25,"buoy":12,"rope":26,"pole":0},"staff":null,"coordinateCorrected":false,"sourceYear":2025}},{"type":"Feature","geometry":{"type":"Point","coordinates":[129.042692,37.0601544]},"properties":{"id":897,"name":"육송정","detail":"육송정","province":"경상북도","district":"봉화","town":"석포","address":"경상북도 봉화 석포 석포리 705-6","placeType":"하천","management":"일반지역","manageCode":"2","sectionM":"500.0","riskSectionM":null,"depthAvg":"1.0","depthMax":"1.8","accidents":"0","safetyAction":null,"note":null,"equipment":{"total":8,"sign":2,"rescueBox":1,"vest":1,"buoy":1,"rope":2,"pole":0},"staff":null,"coordinateCorrected":false,"sourceYear":2025}},{"type":"Feature","geometry":{"type":"Point","coordinates":[129.0319365,37.0641646]},"properties":{"id":898,"name":"대현천1","detail":"자연의혼 인근","province":"경상북도","district":"봉화","town":"석포","address":"경상북도 봉화 석포 대현리 산 12-19","placeType":"하천","management":"일반지역","manageCode":"2","sectionM":"300.0","riskSectionM":null,"depthAvg":"1.5","depthMax":"2.8","accidents":"0","safetyAction":null,"note":null,"equipment":{"total":89,"sign":3,"rescueBox":2,"vest":31,"buoy":20,"rope":30,"pole":0},"staff":null,"coordinateCorrected":false,"sourceYear":2025}},{"type":"Feature","geometry":{"type":"Point","coordinates":[129.0252555,37.0622542]},"properties":{"id":900,"name":"대현천3","detail":"성산교회 인근","province":"경상북도","district":"봉화","town":"석포","address":"경상북도 봉화 석포 대현리 407","placeType":"하천","management":"일반지역","manageCode":"2","sectionM":"100.0","riskSectionM":null,"depthAvg":"1.0","depthMax":"1.8","accidents":"0","safetyAction":null,"note":null,"equipment":{"total":5,"sign":1,"rescueBox":1,"vest":1,"buoy":1,"rope":1,"pole":0},"staff":null,"coordinateCorrected":false,"sourceYear":2025}},{"type":"Feature","geometry":{"type":"Point","coordinates":[129.2946897,36.9525915]},"properties":{"id":901,"name":"아미사입구","detail":"전치1,2","province":"경상북도","district":"울진군","town":"금강송면","address":"경상북도 울진군 금강송면 하원리 산74         하원리12-1 일원","placeType":"하천","management":"일반지역","manageCode":"2","sectionM":"1000.0","riskSectionM":null,"depthAvg":"1.0","depthMax":"3.0","accidents":"0","safetyAction":null,"note":null,"equipment":{"total":4,"sign":1,"rescueBox":0,"vest":0,"buoy":2,"rope":0,"pole":1},"staff":null,"coordinateCorrected":false,"sourceYear":2025}},{"type":"Feature","geometry":{"type":"Point","coordinates":[129.2778751,36.9446407]},"properties":{"id":902,"name":"중섬","detail":"하원리 중섬교 부근","province":"경상북도","district":"울진군","town":"금강송면","address":"경상북도 울진군 금강송면 하원리 104-1 일원","placeType":"하천","management":"일반지역","manageCode":"2","sectionM":"1000.0","riskSectionM":null,"depthAvg":"1.5","depthMax":"3.0","accidents":"1","safetyAction":null,"note":null,"equipment":{"total":29,"sign":3,"rescueBox":1,"vest":20,"buoy":2,"rope":1,"pole":2},"staff":null,"coordinateCorrected":false,"sourceYear":2025}},{"type":"Feature","geometry":{"type":"Point","coordinates":[129.2543764,36.9373681]},"properties":{"id":903,"name":"성지골입구","detail":"사랑바위휴게소 뒤","province":"경상북도","district":"울진군","town":"금강송면","address":"경상북도 울진군 금강송면 삼근리 113-1 일원","placeType":"하천","management":"일반지역","manageCode":"2","sectionM":"150.0","riskSectionM":null,"depthAvg":"1.0","depthMax":"3.0","accidents":"0","safetyAction":null,"note":null,"equipment":{"total":20,"sign":2,"rescueBox":2,"vest":11,"buoy":3,"rope":2,"pole":0},"staff":null,"coordinateCorrected":false,"sourceYear":2025}},{"type":"Feature","geometry":{"type":"Point","coordinates":[129.1370744,36.9268532]},"properties":{"id":904,"name":"옥방","detail":"옥방교 부근","province":"경상북도","district":"울진군","town":"금강송면","address":"경상북도 울진군 금강송면 광회리166-1 일원","placeType":"하천","management":"일반지역","manageCode":"2","sectionM":"80.0","riskSectionM":null,"depthAvg":"1.0","depthMax":"3.0","accidents":"0","safetyAction":null,"note":null,"equipment":{"total":18,"sign":1,"rescueBox":1,"vest":15,"buoy":0,"rope":1,"pole":0},"staff":null,"coordinateCorrected":false,"sourceYear":2025}},{"type":"Feature","geometry":{"type":"Point","coordinates":[129.2112969,36.9664541]},"properties":{"id":905,"name":"옛터","detail":"대촌2교 부근","province":"경상북도","district":"울진군","town":"금강송면","address":"경상북도 울진군 금강송면 소광리 340-1 일원","placeType":"하천","management":"일반지역","manageCode":"2","sectionM":"80.0","riskSectionM":null,"depthAvg":"1.0","depthMax":"2.5","accidents":"0","safetyAction":null,"note":null,"equipment":{"total":16,"sign":0,"rescueBox":0,"vest":16,"buoy":0,"rope":0,"pole":0},"staff":null,"coordinateCorrected":false,"sourceYear":2025}},{"type":"Feature","geometry":{"type":"Point","coordinates":[129.349098,36.9255854]},"properties":{"id":906,"name":"굴구지","detail":"구고교 인근","province":"경상북도","district":"울진군","town":"근남면","address":"경상북도 울진군 근남면 구산리 1275-1","placeType":"계곡","management":"일반지역","manageCode":"2","sectionM":"300.0","riskSectionM":null,"depthAvg":"1.2","depthMax":"2.0","accidents":"0","safetyAction":null,"note":null,"equipment":{"total":9,"sign":2,"rescueBox":1,"vest":5,"buoy":0,"rope":0,"pole":1},"staff":null,"coordinateCorrected":false,"sourceYear":2025}},{"type":"Feature","geometry":{"type":"Point","coordinates":[129.3450295,36.9202416]},"properties":{"id":907,"name":"굴구지2","detail":"구교교 인근","province":"경상북도","district":"울진군","town":"근남면","address":"경상북도 울진군 근남면 구산리 1188-1","placeType":"계곡","management":"일반지역","manageCode":"2","sectionM":"420.0","riskSectionM":null,"depthAvg":"1.0","depthMax":"2.0","accidents":"0","safetyAction":null,"note":null,"equipment":{"total":8,"sign":1,"rescueBox":1,"vest":5,"buoy":0,"rope":1,"pole":0},"staff":null,"coordinateCorrected":false,"sourceYear":2025}},{"type":"Feature","geometry":{"type":"Point","coordinates":[129.3581316,36.9408725]},"properties":{"id":908,"name":"백발소","detail":"생태탐방로 입구","province":"경상북도","district":"울진군","town":"근남면","address":"경상북도 울진군 근남면 구산리 1236-1","placeType":"계곡","management":"일반지역","manageCode":"2","sectionM":"100.0","riskSectionM":null,"depthAvg":"2.0","depthMax":"3.0","accidents":"0","safetyAction":null,"note":null,"equipment":{"total":12,"sign":1,"rescueBox":1,"vest":10,"buoy":0,"rope":0,"pole":0},"staff":null,"coordinateCorrected":false,"sourceYear":2025}},{"type":"Feature","geometry":{"type":"Point","coordinates":[129.3493088,36.9560373]},"properties":{"id":909,"name":"막금상류천 1","detail":"수곡교 상부","province":"경상북도","district":"울진군","town":"근남면","address":"경상북도 울진군 근남면 수곡리 591-1","placeType":"하천","management":"일반지역","manageCode":"2","sectionM":"200.0","riskSectionM":null,"depthAvg":"1.0","depthMax":"2.0","accidents":"0","safetyAction":null,"note":null,"equipment":{"total":13,"sign":2,"rescueBox":1,"vest":10,"buoy":0,"rope":0,"pole":0},"staff":null,"coordinateCorrected":false,"sourceYear":2025}},{"type":"Feature","geometry":{"type":"Point","coordinates":[129.3339636,36.9736742]},"properties":{"id":910,"name":"대림보","detail":"행곡3리 대림보 인근","province":"경상북도","district":"울진군","town":"근남면","address":"경상북도 울진군 근남면 행곡리 산110","placeType":"계곡","management":"일반지역","manageCode":"2","sectionM":"300.0","riskSectionM":null,"depthAvg":"1.0","depthMax":"3.0","accidents":"0","safetyAction":null,"note":null,"equipment":{"total":16,"sign":0,"rescueBox":0,"vest":12,"buoy":4,"rope":0,"pole":0},"staff":null,"coordinateCorrected":false,"sourceYear":2025}},{"type":"Feature","geometry":{"type":"Point","coordinates":[129.361901,36.9553539]},"properties":{"id":911,"name":"남사고유적지","detail":"남사고유적지 앞","province":"경상북도","district":"울진군","town":"근남면","address":"경상북도 울진군 근남면 수곡리 202-1","placeType":"하천","management":"일반지역","manageCode":"2","sectionM":"200.0","riskSectionM":null,"depthAvg":"1.0","depthMax":"3.0","accidents":"0","safetyAction":null,"note":null,"equipment":{"total":20,"sign":1,"rescueBox":1,"vest":13,"buoy":4,"rope":1,"pole":0},"staff":null,"coordinateCorrected":false,"sourceYear":2025}},{"type":"Feature","geometry":{"type":"Point","coordinates":[129.3480058,36.9490045]},"properties":{"id":912,"name":"막금상류천 2","detail":"막금교 500미터 상부","province":"경상북도","district":"울진군","town":"근남면","address":"경상북도 울진군 근남면 수곡리 870-1","placeType":"하천","management":"일반지역","manageCode":"2","sectionM":"300.0","riskSectionM":null,"depthAvg":"0.7","depthMax":"2.0","accidents":"0","safetyAction":null,"note":null,"equipment":{"total":9,"sign":1,"rescueBox":1,"vest":4,"buoy":2,"rope":1,"pole":0},"staff":null,"coordinateCorrected":false,"sourceYear":2025}},{"type":"Feature","geometry":{"type":"Point","coordinates":[129.4065119,36.7210866]},"properties":{"id":913,"name":"광품폭포","detail":"숲속의향기 앞","province":"경상북도","district":"울진군","town":"온정면","address":"경상북도 울진군 온정면 광품리215-1번지","placeType":"하천","management":"일반지역","manageCode":"2","sectionM":"100.0","riskSectionM":null,"depthAvg":"1.0","depthMax":"4.0","accidents":"1","safetyAction":null,"note":null,"equipment":{"total":9,"sign":2,"rescueBox":1,"vest":3,"buoy":1,"rope":2,"pole":0},"staff":null,"coordinateCorrected":false,"sourceYear":2025}},{"type":"Feature","geometry":{"type":"Point","coordinates":[129.3204574,36.9660502]},"properties":{"id":914,"name":"불영계곡휴게소","detail":"불영계곡휴게소","province":"경상북도","district":"울진군","town":"울진읍","address":"경상북도 울진군 울진읍 대흥리 75","placeType":"하천","management":"일반지역","manageCode":"2","sectionM":"100.0","riskSectionM":null,"depthAvg":"2.0","depthMax":"3.0","accidents":"0","safetyAction":null,"note":null,"equipment":{"total":7,"sign":1,"rescueBox":1,"vest":5,"buoy":0,"rope":0,"pole":0},"staff":null,"coordinateCorrected":false,"sourceYear":2025}},{"type":"Feature","geometry":{"type":"Point","coordinates":[128.4041085,35.1098267]},"properties":{"id":915,"name":"용대미","detail":"진전면 용대미","province":"경상남도","district":"창원시","town":"진전면","address":"경상남도 창원시 진전면 곡안리 476-5 일원","placeType":"하천","management":"일반지역","manageCode":"2","sectionM":"100.0","riskSectionM":null,"depthAvg":"1.0","depthMax":"1.2","accidents":"1","safetyAction":null,"note":null,"equipment":{"total":87,"sign":4,"rescueBox":2,"vest":75,"buoy":2,"rope":2,"pole":2},"staff":null,"coordinateCorrected":false,"sourceYear":2025}},{"type":"Feature","geometry":{"type":"Point","coordinates":[128.3721906,35.1411941]},"properties":{"id":916,"name":"거락숲","detail":"진전면 거락숲","province":"경상남도","district":"창원시","town":"진전면","address":"경상남도 창원시 진전면 고사리 1032-1","placeType":"하천","management":"일반지역","manageCode":"2","sectionM":"100.0","riskSectionM":null,"depthAvg":"1.0","depthMax":"1.0","accidents":"0","safetyAction":null,"note":null,"equipment":{"total":66,"sign":3,"rescueBox":2,"vest":55,"buoy":4,"rope":0,"pole":2},"staff":null,"coordinateCorrected":false,"sourceYear":2025}},{"type":"Feature","geometry":{"type":"Point","coordinates":[128.5090817,35.2097694]},"properties":{"id":917,"name":"광려천일원1","detail":"감천교 주변","province":"경상남도","district":"창원시","town":"내서읍","address":"경상남도 창원시 내서읍 감천리 1410","placeType":"하천","management":"일반지역","manageCode":"2","sectionM":"100.0","riskSectionM":null,"depthAvg":"0.3","depthMax":"1.0","accidents":"0","safetyAction":null,"note":null,"equipment":{"total":56,"sign":3,"rescueBox":1,"vest":26,"buoy":9,"rope":9,"pole":8},"staff":null,"coordinateCorrected":false,"sourceYear":2025}},{"type":"Feature","geometry":{"type":"Point","coordinates":[128.5045096,35.2228714]},"properties":{"id":918,"name":"광려천일원2","detail":"전안초등학교 앞","province":"경상남도","district":"창원시","town":"내서읍","address":"경상남도 창원시 내서읍 삼계리 306-2","placeType":"하천","management":"일반지역","manageCode":"2","sectionM":"100.0","riskSectionM":null,"depthAvg":"0.3","depthMax":"1.0","accidents":"0","safetyAction":null,"note":null,"equipment":{"total":17,"sign":1,"rescueBox":2,"vest":10,"buoy":2,"rope":2,"pole":0},"staff":null,"coordinateCorrected":false,"sourceYear":2025}},{"type":"Feature","geometry":{"type":"Point","coordinates":[128.5022867,35.2177498]},"properties":{"id":919,"name":"광려천일원3","detail":"차이윤 식당 뒤","province":"경상남도","district":"창원시","town":"내서읍","address":"경상남도 창원시 내서읍 신감리1373","placeType":"하천","management":"일반지역","manageCode":"2","sectionM":"50.0","riskSectionM":null,"depthAvg":"0.3","depthMax":"1.0","accidents":"0","safetyAction":null,"note":null,"equipment":{"total":24,"sign":2,"rescueBox":2,"vest":10,"buoy":4,"rope":4,"pole":2},"staff":null,"coordinateCorrected":false,"sourceYear":2025}},{"type":"Feature","geometry":{"type":"Point","coordinates":[128.7785114,35.1457686]},"properties":{"id":920,"name":"대장동계곡","detail":"대장동계곡유원지","province":"경상남도","district":"창원시","town":"진해구","address":"경상남도 창원시 진해구 대장동 246 외","placeType":"계곡","management":"일반지역","manageCode":"2","sectionM":"1000.0","riskSectionM":null,"depthAvg":"1.0","depthMax":"3.0","accidents":"0","safetyAction":null,"note":"극한호우 피해 복구공사 시행으로 25~26년도 운영 불가","equipment":{"total":40,"sign":11,"rescueBox":1,"vest":20,"buoy":2,"rope":2,"pole":2},"staff":null,"coordinateCorrected":false,"sourceYear":2025}},{"type":"Feature","geometry":{"type":"Point","coordinates":[128.1342488,35.0144771]},"properties":{"id":921,"name":"용소물놀이장","detail":"용소물놀이장","province":"경상남도","district":"사천시","town":"사남면","address":"경상남도 사천시 사남면 종천리 657","placeType":"하천","management":"일반지역","manageCode":"2","sectionM":"50.0","riskSectionM":null,"depthAvg":"1.0","depthMax":"1.0","accidents":"0","safetyAction":null,"note":null,"equipment":{"total":13,"sign":3,"rescueBox":1,"vest":1,"buoy":3,"rope":3,"pole":1},"staff":null,"coordinateCorrected":false,"sourceYear":2025}},{"type":"Feature","geometry":{"type":"Point","coordinates":[128.1242622,35.032851]},"properties":{"id":922,"name":"능화물놀이장","detail":"능화물놀이장","province":"경상남도","district":"사천시","town":"사남면","address":"경상남도 사천시 사남면 우천리 156","placeType":"하천","management":"일반지역","manageCode":"2","sectionM":"100.0","riskSectionM":null,"depthAvg":"0.7","depthMax":"1.0","accidents":"0","safetyAction":null,"note":null,"equipment":{"total":12,"sign":3,"rescueBox":1,"vest":1,"buoy":2,"rope":3,"pole":1},"staff":null,"coordinateCorrected":false,"sourceYear":2025}},{"type":"Feature","geometry":{"type":"Point","coordinates":[128.12135,35.0364235]},"properties":{"id":923,"name":"우천물놀이장","detail":"우천물놀이장","province":"경상남도","district":"사천시","town":"사남면","address":"경상남도 사천시 사남면 우천리 1226","placeType":"하천","management":"일반지역","manageCode":"2","sectionM":"100.0","riskSectionM":null,"depthAvg":"0.5","depthMax":"1.3","accidents":"2","safetyAction":null,"note":null,"equipment":{"total":14,"sign":3,"rescueBox":1,"vest":1,"buoy":4,"rope":3,"pole":1},"staff":null,"coordinateCorrected":false,"sourceYear":2025}},{"type":"Feature","geometry":{"type":"Point","coordinates":[128.1143518,35.0599569]},"properties":{"id":924,"name":"수청숲물놀이장","detail":"수청물놀이장","province":"경상남도","district":"사천시","town":"정동면","address":"경상남도 사천시 정동면 수청리139","placeType":"하천","management":"일반지역","manageCode":"2","sectionM":"50.0","riskSectionM":null,"depthAvg":"1.0","depthMax":"1.0","accidents":"0","safetyAction":null,"note":null,"equipment":{"total":2,"sign":1,"rescueBox":0,"vest":0,"buoy":0,"rope":0,"pole":0},"staff":null,"coordinateCorrected":false,"sourceYear":2025}},{"type":"Feature","geometry":{"type":"Point","coordinates":[128.9231307,35.2870267]},"properties":{"id":925,"name":"장척계곡","detail":"상류 시골밥상(요원)","province":"경상남도","district":"김해시","town":"상동면","address":"경상남도 김해시 상동면 묵방리 산30-1","placeType":"계곡","management":"일반지역","manageCode":"2","sectionM":"100.0","riskSectionM":null,"depthAvg":"1.0","depthMax":"1.0","accidents":"0","safetyAction":null,"note":null,"equipment":{"total":13,"sign":3,"rescueBox":2,"vest":2,"buoy":2,"rope":3,"pole":1},"staff":null,"coordinateCorrected":false,"sourceYear":2025}},{"type":"Feature","geometry":{"type":"Point","coordinates":[128.7876994,35.1744002]},"properties":{"id":926,"name":"신안계곡","detail":"남해안대로 밑돌담집 옆","province":"경상남도","district":"김해시","town":"관동동","address":"경상남도 김해시 관동동 관동동 1007-1","placeType":"계곡","management":"일반지역","manageCode":"2","sectionM":"100.0","riskSectionM":null,"depthAvg":"0.5","depthMax":"0.5","accidents":"0","safetyAction":null,"note":null,"equipment":{"total":15,"sign":3,"rescueBox":2,"vest":2,"buoy":2,"rope":4,"pole":1},"staff":null,"coordinateCorrected":false,"sourceYear":2025}},{"type":"Feature","geometry":{"type":"Point","coordinates":[128.7702814,35.1901665]},"properties":{"id":927,"name":"대청계곡","detail":"장유폭포중간지점","province":"경상남도","district":"김해시","town":"대청동","address":"경상남도 김해시 대청동 대청동 산69-8","placeType":"계곡","management":"일반지역","manageCode":"2","sectionM":"500.0","riskSectionM":null,"depthAvg":"1.0","depthMax":"1.6","accidents":"0","safetyAction":null,"note":null,"equipment":{"total":23,"sign":7,"rescueBox":2,"vest":2,"buoy":3,"rope":4,"pole":3},"staff":null,"coordinateCorrected":false,"sourceYear":2025}},{"type":"Feature","geometry":{"type":"Point","coordinates":[128.7694579,35.1842318]},"properties":{"id":928,"name":"대청1물놀이터","detail":"어울림가든 앞상류","province":"경상남도","district":"김해시","town":"대청동","address":"경상남도 김해시 대청동 대청동 780-2","placeType":"하천","management":"일반지역","manageCode":"2","sectionM":"250.0","riskSectionM":null,"depthAvg":"0.5","depthMax":"1.5","accidents":"0","safetyAction":null,"note":null,"equipment":{"total":11,"sign":2,"rescueBox":1,"vest":1,"buoy":2,"rope":2,"pole":1},"staff":null,"coordinateCorrected":false,"sourceYear":2025}},{"type":"Feature","geometry":{"type":"Point","coordinates":[128.7759608,35.1846604]},"properties":{"id":929,"name":"대청2물놀이터","detail":"명태정가 앞출렁다리","province":"경상남도","district":"김해시","town":"대청동","address":"경상남도 김해시 대청동 대청동 529-8","placeType":"하천","management":"일반지역","manageCode":"2","sectionM":"150.0","riskSectionM":null,"depthAvg":"0.5","depthMax":"0.5","accidents":"0","safetyAction":null,"note":null,"equipment":{"total":28,"sign":3,"rescueBox":3,"vest":5,"buoy":4,"rope":7,"pole":4},"staff":null,"coordinateCorrected":false,"sourceYear":2025}},{"type":"Feature","geometry":{"type":"Point","coordinates":[128.7999579,35.1886225]},"properties":{"id":930,"name":"대청3물놀이터","detail":"상류 계동교 아래 대청1교 아래","province":"경상남도","district":"김해시","town":"대청동","address":"경상남도 김해시 대청동 대청동 364","placeType":"하천","management":"일반지역","manageCode":"2","sectionM":"350.0","riskSectionM":null,"depthAvg":"0.5","depthMax":"0.5","accidents":"0","safetyAction":null,"note":null,"equipment":{"total":9,"sign":2,"rescueBox":1,"vest":1,"buoy":2,"rope":2,"pole":1},"staff":null,"coordinateCorrected":false,"sourceYear":2025}},{"type":"Feature","geometry":{"type":"Point","coordinates":[128.800859,35.187996]},"properties":{"id":931,"name":"대청4물놀이터","detail":"대청1교 대청2교","province":"경상남도","district":"김해시","town":"대청동","address":"경상남도 김해시 대청동 대청동 320-4","placeType":"하천","management":"일반지역","manageCode":"2","sectionM":"350.0","riskSectionM":null,"depthAvg":"1.0","depthMax":"1.6","accidents":"0","safetyAction":null,"note":null,"equipment":{"total":9,"sign":2,"rescueBox":1,"vest":2,"buoy":1,"rope":2,"pole":1},"staff":null,"coordinateCorrected":false,"sourceYear":2025}},{"type":"Feature","geometry":{"type":"Point","coordinates":[128.8224686,35.4968434]},"properties":{"id":932,"name":"율전유원지(활성2교)","detail":"율전유원지(활성2교)(상)","province":"경상남도","district":"밀양시","town":"산외면","address":"경상남도 밀양시 산외면 다죽리 1300-1","placeType":"하천","management":"일반지역","manageCode":"2","sectionM":"50.0","riskSectionM":null,"depthAvg":"1.0","depthMax":"2.0","accidents":"0","safetyAction":null,"note":null,"equipment":{"total":33,"sign":1,"rescueBox":1,"vest":2,"buoy":2,"rope":20,"pole":1},"staff":null,"coordinateCorrected":false,"sourceYear":2025}},{"type":"Feature","geometry":{"type":"Point","coordinates":[128.8429605,35.5117863]},"properties":{"id":933,"name":"금곡유원지","detail":"금곡유원지","province":"경상남도","district":"밀양시","town":"산외면","address":"경상남도 밀양시 산외면 금곡리 105-2","placeType":"하천","management":"일반지역","manageCode":"2","sectionM":"180.0","riskSectionM":null,"depthAvg":"1.0","depthMax":"2.0","accidents":"0","safetyAction":null,"note":null,"equipment":{"total":33,"sign":1,"rescueBox":1,"vest":2,"buoy":2,"rope":20,"pole":1},"staff":null,"coordinateCorrected":false,"sourceYear":2025}},{"type":"Feature","geometry":{"type":"Point","coordinates":[128.8567681,35.5434956]},"properties":{"id":934,"name":"산여울캠핑장","detail":"산여울캠핑장","province":"경상남도","district":"밀양시","town":"산외면","address":"경상남도 밀양시 산외면 희곡리 72","placeType":"하천","management":"일반지역","manageCode":"2","sectionM":"90.0","riskSectionM":null,"depthAvg":"1.0","depthMax":"3.0","accidents":"0","safetyAction":null,"note":null,"equipment":{"total":28,"sign":0,"rescueBox":0,"vest":2,"buoy":0,"rope":20,"pole":1},"staff":null,"coordinateCorrected":false,"sourceYear":2025}},{"type":"Feature","geometry":{"type":"Point","coordinates":[128.9274767,35.61466]},"properties":{"id":935,"name":"석골사","detail":"석골사 계곡","province":"경상남도","district":"밀양시","town":"산내면","address":"경상남도 밀양시 산내면 원서리 산190","placeType":"계곡","management":"일반지역","manageCode":"2","sectionM":"30.0","riskSectionM":null,"depthAvg":"1.0","depthMax":"2.0","accidents":"0","safetyAction":null,"note":null,"equipment":{"total":11,"sign":0,"rescueBox":1,"vest":2,"buoy":2,"rope":2,"pole":1},"staff":null,"coordinateCorrected":false,"sourceYear":2025}},{"type":"Feature","geometry":{"type":"Point","coordinates":[128.9878034,35.581869]},"properties":{"id":936,"name":"청호정","detail":"청호정","province":"경상남도","district":"밀양시","town":"산내면","address":"경상남도 밀양시 산내면 삼양리 2274-77","placeType":"하천","management":"일반지역","manageCode":"2","sectionM":"120.0","riskSectionM":null,"depthAvg":"1.0","depthMax":"2.0","accidents":"0","safetyAction":null,"note":null,"equipment":{"total":12,"sign":1,"rescueBox":1,"vest":2,"buoy":2,"rope":2,"pole":1},"staff":null,"coordinateCorrected":false,"sourceYear":2025}},{"type":"Feature","geometry":{"type":"Point","coordinates":[128.9614259,35.5847488]},"properties":{"id":937,"name":"신명교1","detail":"신명교1","province":"경상남도","district":"밀양시","town":"산내면","address":"경상남도 밀양시 산내면 남명리 1968-36","placeType":"하천","management":"일반지역","manageCode":"2","sectionM":"140.0","riskSectionM":null,"depthAvg":"1.0","depthMax":"2.0","accidents":"0","safetyAction":null,"note":null,"equipment":{"total":12,"sign":1,"rescueBox":1,"vest":2,"buoy":2,"rope":2,"pole":1},"staff":null,"coordinateCorrected":false,"sourceYear":2025}},{"type":"Feature","geometry":{"type":"Point","coordinates":[128.9691722,35.5826113]},"properties":{"id":938,"name":"신명교2","detail":"신명교2","province":"경상남도","district":"밀양시","town":"산내면","address":"경상남도 밀양시 산내면 삼양리 271-2","placeType":"하천","management":"일반지역","manageCode":"2","sectionM":"140.0","riskSectionM":null,"depthAvg":"1.0","depthMax":"2.0","accidents":"0","safetyAction":null,"note":null,"equipment":{"total":0,"sign":0,"rescueBox":0,"vest":0,"buoy":0,"rope":0,"pole":0},"staff":null,"coordinateCorrected":false,"sourceYear":2025}},{"type":"Feature","geometry":{"type":"Point","coordinates":[128.9981472,35.5866455]},"properties":{"id":939,"name":"호박소구름다리(얼음골지내)","detail":"호박소 구름다리","province":"경상남도","district":"밀양시","town":"산내면","address":"경상남도 밀양시 산내면 삼양리 24","placeType":"계곡","management":"일반지역","manageCode":"2","sectionM":"30.0","riskSectionM":null,"depthAvg":"2.0","depthMax":"3.0","accidents":"0","safetyAction":null,"note":null,"equipment":{"total":13,"sign":1,"rescueBox":1,"vest":2,"buoy":2,"rope":2,"pole":1},"staff":null,"coordinateCorrected":false,"sourceYear":2025}},{"type":"Feature","geometry":{"type":"Point","coordinates":[128.8609262,35.5160872]},"properties":{"id":940,"name":"단장숲","detail":"단장숲","province":"경상남도","district":"밀양시","town":"단장면","address":"경상남도 밀양시 단장면 단장리 4-2","placeType":"하천","management":"일반지역","manageCode":"2","sectionM":"50.0","riskSectionM":null,"depthAvg":"1.0","depthMax":"3.0","accidents":"0","safetyAction":null,"note":null,"equipment":{"total":16,"sign":1,"rescueBox":2,"vest":2,"buoy":2,"rope":2,"pole":2},"staff":null,"coordinateCorrected":false,"sourceYear":2025}},{"type":"Feature","geometry":{"type":"Point","coordinates":[128.8851454,35.5302418]},"properties":{"id":941,"name":"곰소","detail":"곰소","province":"경상남도","district":"밀양시","town":"단장면","address":"경상남도 밀양시 단장면 사연리 592","placeType":"하천","management":"일반지역","manageCode":"2","sectionM":"60.0","riskSectionM":null,"depthAvg":"1.5","depthMax":"3.0","accidents":"0","safetyAction":null,"note":null,"equipment":{"total":17,"sign":1,"rescueBox":2,"vest":2,"buoy":2,"rope":2,"pole":2},"staff":null,"coordinateCorrected":false,"sourceYear":2025}},{"type":"Feature","geometry":{"type":"Point","coordinates":[128.9089947,35.5208902]},"properties":{"id":942,"name":"아불새마","detail":"아불새마","province":"경상남도","district":"밀양시","town":"단장면","address":"경상남도 밀양시 단장면 범도리 1075-1","placeType":"하천","management":"일반지역","manageCode":"2","sectionM":"40.0","riskSectionM":null,"depthAvg":"1.0","depthMax":"3.0","accidents":"0","safetyAction":null,"note":null,"equipment":{"total":18,"sign":1,"rescueBox":2,"vest":2,"buoy":2,"rope":2,"pole":2},"staff":null,"coordinateCorrected":false,"sourceYear":2025}},{"type":"Feature","geometry":{"type":"Point","coordinates":[128.914501,35.5150418]},"properties":{"id":943,"name":"범도교(하)","detail":"범도교 하","province":"경상남도","district":"밀양시","town":"단장면","address":"경상남도 밀양시 단장면 범도리 1438-1","placeType":"하천","management":"일반지역","manageCode":"2","sectionM":"70.0","riskSectionM":null,"depthAvg":"1.0","depthMax":"2.0","accidents":"0","safetyAction":null,"note":null,"equipment":{"total":15,"sign":1,"rescueBox":2,"vest":2,"buoy":2,"rope":2,"pole":2},"staff":null,"coordinateCorrected":false,"sourceYear":2025}},{"type":"Feature","geometry":{"type":"Point","coordinates":[128.9248395,35.4994607]},"properties":{"id":944,"name":"평리벼락덤","detail":"평리벼락덤","province":"경상남도","district":"밀양시","town":"단장면","address":"경상남도 밀양시 단장면 고례리 893-4","placeType":"하천","management":"일반지역","manageCode":"2","sectionM":"60.0","riskSectionM":null,"depthAvg":"1.0","depthMax":"3.0","accidents":"0","safetyAction":null,"note":null,"equipment":{"total":14,"sign":1,"rescueBox":2,"vest":2,"buoy":2,"rope":2,"pole":2},"staff":null,"coordinateCorrected":false,"sourceYear":2025}},{"type":"Feature","geometry":{"type":"Point","coordinates":[128.926823,35.4920248]},"properties":{"id":945,"name":"시루소 상","detail":"시루소 상","province":"경상남도","district":"밀양시","town":"단장면","address":"경상남도 밀양시 단장면 고례리 1492","placeType":"하천","management":"일반지역","manageCode":"2","sectionM":"80.0","riskSectionM":null,"depthAvg":"1.0","depthMax":"3.0","accidents":"0","safetyAction":null,"note":null,"equipment":{"total":17,"sign":1,"rescueBox":2,"vest":2,"buoy":2,"rope":2,"pole":2},"staff":null,"coordinateCorrected":false,"sourceYear":2025}},{"type":"Feature","geometry":{"type":"Point","coordinates":[128.926823,35.4920248]},"properties":{"id":946,"name":"시루소 하","detail":"시루소 하","province":"경상남도","district":"밀양시","town":"단장면","address":"경상남도 밀양시 단장면 고례리 1492","placeType":"하천","management":"일반지역","manageCode":"2","sectionM":"80.0","riskSectionM":null,"depthAvg":"1.0","depthMax":"3.0","accidents":"0","safetyAction":null,"note":null,"equipment":{"total":18,"sign":1,"rescueBox":2,"vest":2,"buoy":2,"rope":2,"pole":2},"staff":null,"coordinateCorrected":false,"sourceYear":2025}},{"type":"Feature","geometry":{"type":"Point","coordinates":[128.9459337,35.5325042]},"properties":{"id":947,"name":"표충사야영장","detail":"표충사야영장","province":"경상남도","district":"밀양시","town":"단장면","address":"경상남도 밀양시 단장면 구천리 310","placeType":"계곡","management":"일반지역","manageCode":"2","sectionM":"50.0","riskSectionM":null,"depthAvg":"1.0","depthMax":"2.0","accidents":"0","safetyAction":null,"note":null,"equipment":{"total":18,"sign":1,"rescueBox":2,"vest":2,"buoy":2,"rope":2,"pole":2},"staff":null,"coordinateCorrected":false,"sourceYear":2025}},{"type":"Feature","geometry":{"type":"Point","coordinates":[128.9546063,35.5329981]},"properties":{"id":948,"name":"매바위 상","detail":"매바위 상","province":"경상남도","district":"밀양시","town":"단장면","address":"경상남도 밀양시 단장면 구천리 212-1","placeType":"계곡","management":"일반지역","manageCode":"2","sectionM":"30.0","riskSectionM":null,"depthAvg":"1.0","depthMax":"1.5","accidents":"0","safetyAction":null,"note":null,"equipment":{"total":21,"sign":1,"rescueBox":2,"vest":2,"buoy":2,"rope":2,"pole":2},"staff":null,"coordinateCorrected":false,"sourceYear":2025}},{"type":"Feature","geometry":{"type":"Point","coordinates":[128.9546063,35.5329981]},"properties":{"id":949,"name":"매바위 하","detail":"매바위 하","province":"경상남도","district":"밀양시","town":"단장면","address":"경상남도 밀양시 단장면 구천리 212-1","placeType":"계곡","management":"일반지역","manageCode":"2","sectionM":"30.0","riskSectionM":null,"depthAvg":"1.0","depthMax":"2.0","accidents":"0","safetyAction":null,"note":null,"equipment":{"total":17,"sign":1,"rescueBox":2,"vest":2,"buoy":2,"rope":2,"pole":2},"staff":null,"coordinateCorrected":false,"sourceYear":2025}},{"type":"Feature","geometry":{"type":"Point","coordinates":[128.7809108,35.4906433]},"properties":{"id":950,"name":"금시당유원지 다리밑(금시당)","detail":"금시당유원지 다리밑(금시당)","province":"경상남도","district":"밀양시","town":"내일동","address":"경상남도 밀양시 내일동 활성동 584-3","placeType":"하천","management":"일반지역","manageCode":"2","sectionM":"150.0","riskSectionM":null,"depthAvg":"1.0","depthMax":"1.4","accidents":"1","safetyAction":null,"note":null,"equipment":{"total":14,"sign":1,"rescueBox":2,"vest":2,"buoy":2,"rope":2,"pole":2},"staff":null,"coordinateCorrected":false,"sourceYear":2025}},{"type":"Feature","geometry":{"type":"Point","coordinates":[128.7828638,35.4867375]},"properties":{"id":951,"name":"금시당유원지 상류(금시당)","detail":"금시당유원지 상류(금시당)","province":"경상남도","district":"밀양시","town":"내일동","address":"경상남도 밀양시 내일동 활성동 584-4","placeType":"하천","management":"일반지역","manageCode":"2","sectionM":"120.0","riskSectionM":null,"depthAvg":"1.0","depthMax":"1.0","accidents":"0","safetyAction":null,"note":null,"equipment":{"total":9,"sign":1,"rescueBox":0,"vest":0,"buoy":1,"rope":1,"pole":2},"staff":null,"coordinateCorrected":false,"sourceYear":2025}},{"type":"Feature","geometry":{"type":"Point","coordinates":[128.9207035,35.3917297]},"properties":{"id":952,"name":"원동천(포시즌M캠핑펜션)","detail":"포시즌M 캠핑펜션 옆","province":"경상남도","district":"양산시","town":"원동면","address":"경상남도 양산시 원동면 원동면 원리 50","placeType":"하천","management":"일반지역","manageCode":"2","sectionM":"70.0","riskSectionM":null,"depthAvg":"1.0","depthMax":"2.0","accidents":"0","safetyAction":null,"note":null,"equipment":{"total":0,"sign":0,"rescueBox":0,"vest":0,"buoy":0,"rope":0,"pole":0},"staff":null,"coordinateCorrected":false,"sourceYear":2025}},{"type":"Feature","geometry":{"type":"Point","coordinates":[129.0795518,35.44635]},"properties":{"id":953,"name":"내원사계곡","detail":"해병대초소 ~ 내원사 매표소","province":"경상남도","district":"양산시","town":"하북면","address":"경상남도 양산시 하북면 용연리 576","placeType":"계곡","management":"일반지역","manageCode":"2","sectionM":"200.0","riskSectionM":null,"depthAvg":"1.0","depthMax":"6.0","accidents":"0","safetyAction":null,"note":"범위변경","equipment":{"total":20,"sign":0,"rescueBox":3,"vest":5,"buoy":5,"rope":5,"pole":0},"staff":null,"coordinateCorrected":false,"sourceYear":2025}},{"type":"Feature","geometry":{"type":"Point","coordinates":[129.0669842,35.3261987]},"properties":{"id":954,"name":"내송천","detail":"내송천","province":"경상남도","district":"양산시","town":"동면","address":"경상남도 양산시 동면 내송리 177","placeType":"하천","management":"일반지역","manageCode":"2","sectionM":"50.0","riskSectionM":null,"depthAvg":"1.0","depthMax":"3.0","accidents":"0","safetyAction":null,"note":null,"equipment":{"total":5,"sign":0,"rescueBox":0,"vest":1,"buoy":1,"rope":1,"pole":1},"staff":null,"coordinateCorrected":false,"sourceYear":2025}},{"type":"Feature","geometry":{"type":"Point","coordinates":[128.2563226,35.3131839]},"properties":{"id":955,"name":"의령천 구름다리일원","detail":"구름다리","province":"경상남도","district":"의령군","town":"의령읍","address":"경상남도 의령군 의령읍 서동리 644-1","placeType":"하천","management":"일반지역","manageCode":"2","sectionM":"200.0","riskSectionM":null,"depthAvg":"1.0","depthMax":"1.0","accidents":"0","safetyAction":null,"note":null,"equipment":{"total":30,"sign":2,"rescueBox":7,"vest":6,"buoy":7,"rope":4,"pole":2},"staff":null,"coordinateCorrected":false,"sourceYear":2025}},{"type":"Feature","geometry":{"type":"Point","coordinates":[128.2037993,35.4168276]},"properties":{"id":956,"name":"벽계계곡","detail":"벽계계곡","province":"경상남도","district":"의령군","town":"궁류면","address":"경상남도 의령군 궁류면 벽계리 산 103","placeType":"계곡","management":"일반지역","manageCode":"2","sectionM":"483.0","riskSectionM":null,"depthAvg":"1.0","depthMax":"3.0","accidents":"0","safetyAction":null,"note":null,"equipment":{"total":20,"sign":3,"rescueBox":3,"vest":5,"buoy":2,"rope":2,"pole":2},"staff":null,"coordinateCorrected":false,"sourceYear":2025}},{"type":"Feature","geometry":{"type":"Point","coordinates":[128.3068166,35.4226945]},"properties":{"id":957,"name":"유곡천 우애정","detail":"우애정","province":"경상남도","district":"의령군","town":"유곡면","address":"경상남도 의령군 유곡면 칠곡리 515-4","placeType":"하천","management":"일반지역","manageCode":"2","sectionM":"200.0","riskSectionM":null,"depthAvg":"1.5","depthMax":"3.0","accidents":"2","safetyAction":null,"note":null,"equipment":{"total":35,"sign":11,"rescueBox":3,"vest":9,"buoy":3,"rope":3,"pole":3},"staff":null,"coordinateCorrected":false,"sourceYear":2025}},{"type":"Feature","geometry":{"type":"Point","coordinates":[128.3175366,35.4309]},"properties":{"id":958,"name":"유곡천 자암정","detail":"자암정","province":"경상남도","district":"의령군","town":"유곡면","address":"경상남도 의령군 유곡면 칠곡리 898-13","placeType":"하천","management":"일반지역","manageCode":"2","sectionM":"100.0","riskSectionM":null,"depthAvg":"1.5","depthMax":"2.0","accidents":"0","safetyAction":null,"note":null,"equipment":{"total":18,"sign":3,"rescueBox":2,"vest":4,"buoy":4,"rope":2,"pole":2},"staff":null,"coordinateCorrected":false,"sourceYear":2025}},{"type":"Feature","geometry":{"type":"Point","coordinates":[128.3512473,35.4442682]},"properties":{"id":959,"name":"세간 오토캠핑장","detail":"세간 오토캠핑장","province":"경상남도","district":"의령군","town":"유곡면","address":"경상남도 의령군 유곡면 세간리 1","placeType":"하천","management":"일반지역","manageCode":"2","sectionM":"100.0","riskSectionM":null,"depthAvg":"0.5","depthMax":"1.0","accidents":"0","safetyAction":null,"note":null,"equipment":{"total":27,"sign":3,"rescueBox":3,"vest":5,"buoy":4,"rope":5,"pole":4},"staff":null,"coordinateCorrected":false,"sourceYear":2025}},{"type":"Feature","geometry":{"type":"Point","coordinates":[128.4311177,35.1823089]},"properties":{"id":960,"name":"별천계곡","detail":"별천계곡","province":"경상남도","district":"함안군","town":"여항면","address":"경상남도 함안군 여항면 주동리 483","placeType":"계곡","management":"일반지역","manageCode":"2","sectionM":"50.0","riskSectionM":null,"depthAvg":"1.0","depthMax":"1.0","accidents":"0","safetyAction":null,"note":null,"equipment":{"total":8,"sign":0,"rescueBox":2,"vest":2,"buoy":2,"rope":2,"pole":0},"staff":null,"coordinateCorrected":false,"sourceYear":2025}},{"type":"Feature","geometry":{"type":"Point","coordinates":[128.5255088,35.2757572]},"properties":{"id":961,"name":"칠원자이아파트","detail":"메트로자이아파트 앞","province":"경상남도","district":"함안군","town":"칠원읍","address":"경상남도 함안군 칠원읍 예곡리 832-6","placeType":"하천","management":"일반지역","manageCode":"2","sectionM":"50.0","riskSectionM":null,"depthAvg":"1.0","depthMax":"2.0","accidents":"0","safetyAction":null,"note":null,"equipment":{"total":24,"sign":0,"rescueBox":6,"vest":6,"buoy":6,"rope":6,"pole":0},"staff":null,"coordinateCorrected":false,"sourceYear":2025}},{"type":"Feature","geometry":{"type":"Point","coordinates":[128.5515079,35.5192202]},"properties":{"id":962,"name":"옥천계곡","detail":"옥천계곡","province":"경상남도","district":"창녕군","town":"창녕읍","address":"경상남도 창녕군 창녕읍 옥천리 1394","placeType":"계곡","management":"일반지역","manageCode":"2","sectionM":"500.0","riskSectionM":null,"depthAvg":"1.0","depthMax":"3.0","accidents":"0","safetyAction":null,"note":null,"equipment":{"total":18,"sign":3,"rescueBox":3,"vest":4,"buoy":4,"rope":3,"pole":0},"staff":null,"coordinateCorrected":false,"sourceYear":2025}},{"type":"Feature","geometry":{"type":"Point","coordinates":[128.1789978,35.006879]},"properties":{"id":963,"name":"오산 오리덤벙","detail":"오산 오리덤덩","province":"경상남도","district":"고성군","town":"상리면","address":"경상남도 고성군 상리면 오산리 267-1","placeType":"하천","management":"일반지역","manageCode":"2","sectionM":"100.0","riskSectionM":null,"depthAvg":"1.0","depthMax":"2.0","accidents":"0","safetyAction":null,"note":null,"equipment":{"total":50,"sign":3,"rescueBox":3,"vest":28,"buoy":5,"rope":5,"pole":4},"staff":null,"coordinateCorrected":false,"sourceYear":2025}},{"type":"Feature","geometry":{"type":"Point","coordinates":[128.2740328,35.0798515]},"properties":{"id":964,"name":"원동마을쉼터","detail":"에쿠스모텔 뒷편","province":"경상남도","district":"고성군","town":"개천면","address":"경상남도 고성군 개천면 북평리 330","placeType":"하천","management":"일반지역","manageCode":"2","sectionM":"50.0","riskSectionM":null,"depthAvg":"1.0","depthMax":"1.0","accidents":"0","safetyAction":null,"note":null,"equipment":{"total":40,"sign":2,"rescueBox":1,"vest":30,"buoy":2,"rope":2,"pole":2},"staff":null,"coordinateCorrected":false,"sourceYear":2025}},{"type":"Feature","geometry":{"type":"Point","coordinates":[128.0384143,34.8144617]},"properties":{"id":965,"name":"화천","detail":"화천","province":"경상남도","district":"남해군","town":"삼동면","address":"경상남도 남해군 삼동면 동천리2066","placeType":"하천","management":"일반지역","manageCode":"2","sectionM":"500.0","riskSectionM":null,"depthAvg":"1.5","depthMax":"4.0","accidents":"0","safetyAction":null,"note":null,"equipment":{"total":29,"sign":7,"rescueBox":5,"vest":5,"buoy":5,"rope":6,"pole":0},"staff":null,"coordinateCorrected":false,"sourceYear":2025}},{"type":"Feature","geometry":{"type":"Point","coordinates":[127.7455381,35.0620941]},"properties":{"id":966,"name":"송림공원","detail":"송림공원 주차장 앞","province":"경상남도","district":"하동군","town":"하동읍","address":"경상남도 하동군 하동읍 광평리 443-10","placeType":"하천","management":"일반지역","manageCode":"2","sectionM":"300.0","riskSectionM":null,"depthAvg":"2.0","depthMax":"5.0","accidents":"0","safetyAction":null,"note":null,"equipment":{"total":101,"sign":4,"rescueBox":4,"vest":7,"buoy":7,"rope":70,"pole":5},"staff":null,"coordinateCorrected":false,"sourceYear":2025}},{"type":"Feature","geometry":{"type":"Point","coordinates":[127.6316137,35.197126]},"properties":{"id":967,"name":"원탑지구","detail":"원탑 화개교 인근","province":"경상남도","district":"하동군","town":"화개면","address":"경상남도 하동군 화개면 화개면 탑리 851","placeType":"하천","management":"일반지역","manageCode":"2","sectionM":"300.0","riskSectionM":null,"depthAvg":"1.0","depthMax":"1.5","accidents":"0","safetyAction":null,"note":null,"equipment":{"total":17,"sign":2,"rescueBox":1,"vest":5,"buoy":3,"rope":3,"pole":1},"staff":null,"coordinateCorrected":false,"sourceYear":2025}},{"type":"Feature","geometry":{"type":"Point","coordinates":[127.6333828,35.2072459]},"properties":{"id":968,"name":"삼신약수장","detail":"삼신약수장","province":"경상남도","district":"하동군","town":"화개면","address":"경상남도 하동군 화개면 화개면 삼신리 166-6","placeType":"하천","management":"일반지역","manageCode":"2","sectionM":"200.0","riskSectionM":null,"depthAvg":"1.0","depthMax":"1.5","accidents":"0","safetyAction":null,"note":null,"equipment":{"total":14,"sign":1,"rescueBox":1,"vest":5,"buoy":2,"rope":3,"pole":1},"staff":null,"coordinateCorrected":false,"sourceYear":2025}},{"type":"Feature","geometry":{"type":"Point","coordinates":[127.639277,35.2128689]},"properties":{"id":969,"name":"정금지구","detail":"정금교 인근","province":"경상남도","district":"하동군","town":"화개면","address":"경상남도 하동군 화개면 정금리 1188","placeType":"하천","management":"일반지역","manageCode":"2","sectionM":"100.0","riskSectionM":null,"depthAvg":"1.5","depthMax":"2.0","accidents":"0","safetyAction":null,"note":null,"equipment":{"total":11,"sign":1,"rescueBox":1,"vest":4,"buoy":2,"rope":2,"pole":0},"staff":null,"coordinateCorrected":false,"sourceYear":2025}},{"type":"Feature","geometry":{"type":"Point","coordinates":[127.6391603,35.2227812]},"properties":{"id":970,"name":"신촌지구","detail":"신촌1교~화개펜션 앞","province":"경상남도","district":"하동군","town":"화개면","address":"경상남도 하동군 화개면 삼신리 산 19-1","placeType":"하천","management":"일반지역","manageCode":"2","sectionM":"200.0","riskSectionM":null,"depthAvg":"1.0","depthMax":"1.5","accidents":"0","safetyAction":null,"note":null,"equipment":{"total":15,"sign":2,"rescueBox":1,"vest":6,"buoy":2,"rope":2,"pole":0},"staff":null,"coordinateCorrected":false,"sourceYear":2025}},{"type":"Feature","geometry":{"type":"Point","coordinates":[127.6436049,35.2322706]},"properties":{"id":971,"name":"석문지구","detail":"쌍계1교,2교부근","province":"경상남도","district":"하동군","town":"화개면","address":"경상남도 하동군 화개면 화개면 운수리 897","placeType":"하천","management":"일반지역","manageCode":"2","sectionM":"900.0","riskSectionM":null,"depthAvg":"1.0","depthMax":"2.0","accidents":"0","safetyAction":null,"note":null,"equipment":{"total":13,"sign":2,"rescueBox":1,"vest":4,"buoy":2,"rope":2,"pole":1},"staff":null,"coordinateCorrected":false,"sourceYear":2025}},{"type":"Feature","geometry":{"type":"Point","coordinates":[127.6410839,35.2369891]},"properties":{"id":972,"name":"목압1지구","detail":"목압교인근","province":"경상남도","district":"하동군","town":"화개면","address":"경상남도 하동군 화개면 용강리 211-2","placeType":"하천","management":"일반지역","manageCode":"2","sectionM":"500.0","riskSectionM":null,"depthAvg":"1.5","depthMax":"1.5","accidents":"0","safetyAction":null,"note":null,"equipment":{"total":8,"sign":1,"rescueBox":1,"vest":3,"buoy":1,"rope":1,"pole":0},"staff":null,"coordinateCorrected":false,"sourceYear":2025}},{"type":"Feature","geometry":{"type":"Point","coordinates":[127.6426093,35.2443412]},"properties":{"id":973,"name":"목압2지구","detail":"석천펜션~모암텐트장","province":"경상남도","district":"하동군","town":"화개면","address":"경상남도 하동군 화개면 용강리 131-2","placeType":"하천","management":"일반지역","manageCode":"2","sectionM":"500.0","riskSectionM":null,"depthAvg":"1.5","depthMax":"1.5","accidents":"0","safetyAction":null,"note":null,"equipment":{"total":4,"sign":0,"rescueBox":0,"vest":2,"buoy":1,"rope":1,"pole":0},"staff":null,"coordinateCorrected":false,"sourceYear":2025}},{"type":"Feature","geometry":{"type":"Point","coordinates":[127.6431922,35.244863]},"properties":{"id":974,"name":"모암지구","detail":"모암마을 하천변","province":"경상남도","district":"하동군","town":"화개면","address":"경상남도 하동군 화개면 용강리 1325","placeType":"하천","management":"일반지역","manageCode":"2","sectionM":"1500.0","riskSectionM":null,"depthAvg":"1.5","depthMax":"2.0","accidents":"0","safetyAction":null,"note":null,"equipment":{"total":41,"sign":3,"rescueBox":4,"vest":20,"buoy":6,"rope":5,"pole":0},"staff":null,"coordinateCorrected":false,"sourceYear":2025}},{"type":"Feature","geometry":{"type":"Point","coordinates":[127.6387233,35.259565]},"properties":{"id":975,"name":"삼덕산장 인근(범왕천 포함)","detail":"삼덕산장 인근","province":"경상남도","district":"하동군","town":"화개면","address":"경상남도 하동군 화개면 용강리 909-12","placeType":"하천","management":"일반지역","manageCode":"2","sectionM":"300.0","riskSectionM":null,"depthAvg":"1.5","depthMax":"2.5","accidents":"0","safetyAction":null,"note":null,"equipment":{"total":13,"sign":1,"rescueBox":2,"vest":5,"buoy":2,"rope":2,"pole":0},"staff":null,"coordinateCorrected":false,"sourceYear":2025}},{"type":"Feature","geometry":{"type":"Point","coordinates":[127.6379247,35.2643478]},"properties":{"id":976,"name":"신흥지구","detail":"왕성분교 인근","province":"경상남도","district":"하동군","town":"화개면","address":"경상남도 하동군 화개면 범왕리 산 114-3","placeType":"하천","management":"일반지역","manageCode":"2","sectionM":"700.0","riskSectionM":null,"depthAvg":"1.5","depthMax":"2.5","accidents":"0","safetyAction":null,"note":null,"equipment":{"total":28,"sign":4,"rescueBox":2,"vest":10,"buoy":3,"rope":3,"pole":3},"staff":null,"coordinateCorrected":false,"sourceYear":2025}},{"type":"Feature","geometry":{"type":"Point","coordinates":[127.6826558,35.1415696]},"properties":{"id":977,"name":"평사리공원","detail":"평사리공원","province":"경상남도","district":"하동군","town":"악양면","address":"경상남도 하동군 악양면 악양면 평사리 1219","placeType":"하천","management":"일반지역","manageCode":"2","sectionM":"300.0","riskSectionM":null,"depthAvg":"1.0","depthMax":"2.0","accidents":"0","safetyAction":null,"note":null,"equipment":{"total":86,"sign":3,"rescueBox":3,"vest":26,"buoy":25,"rope":14,"pole":5},"staff":null,"coordinateCorrected":false,"sourceYear":2025}},{"type":"Feature","geometry":{"type":"Point","coordinates":[127.8082288,35.1089749]},"properties":{"id":978,"name":"횡천교","detail":"횡천교 밑","province":"경상남도","district":"하동군","town":"횡천면","address":"경상남도 하동군 횡천면 횡천리 1019-145","placeType":"하천","management":"일반지역","manageCode":"2","sectionM":"150.0","riskSectionM":null,"depthAvg":"1.0","depthMax":"1.0","accidents":"0","safetyAction":null,"note":null,"equipment":{"total":62,"sign":1,"rescueBox":1,"vest":30,"buoy":6,"rope":20,"pole":2},"staff":null,"coordinateCorrected":false,"sourceYear":2025}},{"type":"Feature","geometry":{"type":"Point","coordinates":[127.7831852,35.1871471]},"properties":{"id":979,"name":"지방바위","detail":"지암교 아래","province":"경상남도","district":"하동군","town":"청암면","address":"경상남도 하동군 청암면 상이리 505-7 일원","placeType":"하천","management":"일반지역","manageCode":"2","sectionM":"100.0","riskSectionM":null,"depthAvg":"0.5","depthMax":"1.5","accidents":"0","safetyAction":null,"note":null,"equipment":{"total":52,"sign":2,"rescueBox":1,"vest":11,"buoy":4,"rope":32,"pole":1},"staff":null,"coordinateCorrected":false,"sourceYear":2025}},{"type":"Feature","geometry":{"type":"Point","coordinates":[127.733524,35.2287948]},"properties":{"id":980,"name":"샘물공장옆","detail":"화남교 아래","province":"경상남도","district":"하동군","town":"청암면","address":"경상남도 하동군 청암면 묵계리 588","placeType":"하천","management":"일반지역","manageCode":"2","sectionM":"100.0","riskSectionM":null,"depthAvg":"1.0","depthMax":"2.0","accidents":"0","safetyAction":null,"note":null,"equipment":{"total":50,"sign":2,"rescueBox":1,"vest":11,"buoy":2,"rope":32,"pole":1},"staff":null,"coordinateCorrected":false,"sourceYear":2025}},{"type":"Feature","geometry":{"type":"Point","coordinates":[127.7639362,35.2112935]},"properties":{"id":981,"name":"장재기마을(오케이빌리지)","detail":"오케이빌리지 아래 10m","province":"경상남도","district":"하동군","town":"청암면","address":"경상남도 하동군 청암면 묵계리 106-1","placeType":"하천","management":"일반지역","manageCode":"2","sectionM":"250.0","riskSectionM":null,"depthAvg":"1.0","depthMax":"1.0","accidents":"0","safetyAction":null,"note":null,"equipment":{"total":52,"sign":1,"rescueBox":2,"vest":11,"buoy":3,"rope":33,"pole":1},"staff":null,"coordinateCorrected":false,"sourceYear":2025}},{"type":"Feature","geometry":{"type":"Point","coordinates":[127.8881788,35.2391273]},"properties":{"id":982,"name":"두양교인근","detail":"두양교인근","province":"경상남도","district":"하동군","town":"옥종면","address":"경상남도 하동군 옥종면 두양리 1073-1 일원","placeType":"하천","management":"일반지역","manageCode":"2","sectionM":"200.0","riskSectionM":null,"depthAvg":"1.0","depthMax":"1.0","accidents":"0","safetyAction":null,"note":null,"equipment":{"total":16,"sign":2,"rescueBox":1,"vest":5,"buoy":3,"rope":2,"pole":1},"staff":null,"coordinateCorrected":false,"sourceYear":2025}},{"type":"Feature","geometry":{"type":"Point","coordinates":[127.8651164,35.4106845]},"properties":{"id":983,"name":"래프팅타운","detail":"래프팅타운","province":"경상남도","district":"산청군","town":"산청읍","address":"경상남도 산청군 산청읍 옥산리 916-1","placeType":"하천","management":"일반지역","manageCode":"2","sectionM":"3600.0","riskSectionM":null,"depthAvg":"1.0","depthMax":"2.0","accidents":"1","safetyAction":null,"note":null,"equipment":{"total":101,"sign":5,"rescueBox":4,"vest":8,"buoy":4,"rope":80,"pole":0},"staff":null,"coordinateCorrected":false,"sourceYear":2025}},{"type":"Feature","geometry":{"type":"Point","coordinates":[127.9014504,35.3878701]},"properties":{"id":984,"name":"한밭마을","detail":"한밭마을","province":"경상남도","district":"산청군","town":"산청읍","address":"경상남도 산청군 산청읍 내리 1129-1","placeType":"하천","management":"일반지역","manageCode":"2","sectionM":"3600.0","riskSectionM":null,"depthAvg":"1.0","depthMax":"2.0","accidents":"0","safetyAction":null,"note":null,"equipment":{"total":99,"sign":3,"rescueBox":4,"vest":8,"buoy":4,"rope":80,"pole":0},"staff":null,"coordinateCorrected":false,"sourceYear":2025}},{"type":"Feature","geometry":{"type":"Point","coordinates":[127.7794505,35.4064775]},"properties":{"id":985,"name":"내심터","detail":"내심터","province":"경상남도","district":"산청군","town":"금서면","address":"경상남도 산청군 금서면 오봉리 산 6","placeType":"계곡","management":"일반지역","manageCode":"2","sectionM":"100.0","riskSectionM":null,"depthAvg":"1.0","depthMax":"2.0","accidents":"0","safetyAction":null,"note":null,"equipment":{"total":15,"sign":3,"rescueBox":2,"vest":4,"buoy":2,"rope":2,"pole":0},"staff":null,"coordinateCorrected":false,"sourceYear":2025}},{"type":"Feature","geometry":{"type":"Point","coordinates":[127.8305248,35.2967201]},"properties":{"id":986,"name":"대포숲","detail":"대포숲","province":"경상남도","district":"산청군","town":"삼장면","address":"경상남도 산청군 삼장면 대포리 318","placeType":"하천","management":"일반지역","manageCode":"2","sectionM":"150.0","riskSectionM":null,"depthAvg":"1.3","depthMax":"2.0","accidents":"1","safetyAction":null,"note":null,"equipment":{"total":32,"sign":1,"rescueBox":6,"vest":6,"buoy":6,"rope":6,"pole":0},"staff":null,"coordinateCorrected":false,"sourceYear":2025}},{"type":"Feature","geometry":{"type":"Point","coordinates":[127.8370578,35.3352502]},"properties":{"id":987,"name":"송정숲","detail":"송정숲","province":"경상남도","district":"산청군","town":"삼장면","address":"경상남도 산청군 삼장면 석남리 280","placeType":"하천","management":"일반지역","manageCode":"2","sectionM":"30.0","riskSectionM":null,"depthAvg":"1.0","depthMax":"1.0","accidents":"0","safetyAction":null,"note":null,"equipment":{"total":26,"sign":1,"rescueBox":5,"vest":5,"buoy":5,"rope":5,"pole":0},"staff":null,"coordinateCorrected":false,"sourceYear":2025}},{"type":"Feature","geometry":{"type":"Point","coordinates":[127.8334752,35.306619]},"properties":{"id":988,"name":"다목적캠핑장","detail":"다목적캠핑장","province":"경상남도","district":"산청군","town":"삼장면","address":"경상남도 산청군 삼장면 덕교리 842","placeType":"하천","management":"일반지역","manageCode":"2","sectionM":"100.0","riskSectionM":null,"depthAvg":"1.2","depthMax":"2.0","accidents":"0","safetyAction":null,"note":null,"equipment":{"total":17,"sign":2,"rescueBox":3,"vest":3,"buoy":3,"rope":3,"pole":0},"staff":null,"coordinateCorrected":false,"sourceYear":2025}},{"type":"Feature","geometry":{"type":"Point","coordinates":[127.91492,35.3624975]},"properties":{"id":1003,"name":"어천계곡","detail":"어천계곡","province":"경상남도","district":"산청군","town":"단성면","address":"경상남도 산청군 단성면 방목리 687-2","placeType":"하천","management":"일반지역","manageCode":"2","sectionM":"200.0","riskSectionM":null,"depthAvg":"1.0","depthMax":"1.5","accidents":"0","safetyAction":null,"note":null,"equipment":{"total":6,"sign":1,"rescueBox":1,"vest":1,"buoy":1,"rope":1,"pole":0},"staff":null,"coordinateCorrected":false,"sourceYear":2025}},{"type":"Feature","geometry":{"type":"Point","coordinates":[127.8951206,35.2632006]},"properties":{"id":1004,"name":"자양교앞","detail":"자양교앞","province":"경상남도","district":"산청군","town":"단성면","address":"경상남도 산청군 단성면 자양리 569-14","placeType":"하천","management":"일반지역","manageCode":"2","sectionM":"300.0","riskSectionM":null,"depthAvg":"1.5","depthMax":"3.0","accidents":"0","safetyAction":null,"note":null,"equipment":{"total":8,"sign":2,"rescueBox":1,"vest":2,"buoy":1,"rope":1,"pole":0},"staff":null,"coordinateCorrected":false,"sourceYear":2025}},{"type":"Feature","geometry":{"type":"Point","coordinates":[127.8853784,35.2955971]},"properties":{"id":1005,"name":"백운점촌계곡","detail":"백운점촌계곡","province":"경상남도","district":"산청군","town":"단성면","address":"경상남도 산청군 단성면 백운리 600","placeType":"하천","management":"일반지역","manageCode":"2","sectionM":"100.0","riskSectionM":null,"depthAvg":"0.5","depthMax":"5.0","accidents":"1","safetyAction":null,"note":null,"equipment":{"total":13,"sign":5,"rescueBox":1,"vest":2,"buoy":1,"rope":2,"pole":0},"staff":null,"coordinateCorrected":false,"sourceYear":2025}},{"type":"Feature","geometry":{"type":"Point","coordinates":[127.9636105,35.4259968]},"properties":{"id":1006,"name":"장재소","detail":"율현저수지 위","province":"경상남도","district":"산청군","town":"신등면","address":"경상남도 산청군 신등면 율현리 1165-18","placeType":"하천","management":"일반지역","manageCode":"2","sectionM":"150.0","riskSectionM":null,"depthAvg":"0.5","depthMax":"1.8","accidents":"0","safetyAction":null,"note":null,"equipment":{"total":7,"sign":1,"rescueBox":1,"vest":1,"buoy":1,"rope":1,"pole":0},"staff":null,"coordinateCorrected":false,"sourceYear":2025}},{"type":"Feature","geometry":{"type":"Point","coordinates":[127.6961596,35.3857458]},"properties":{"id":1007,"name":"칠선계곡(상)","detail":"칠선교 상류 160m","province":"경상남도","district":"함양군","town":"마천면","address":"경상남도 함양군 마천면 추성리 산115","placeType":"하천","management":"일반지역","manageCode":"2","sectionM":"300.0","riskSectionM":null,"depthAvg":"2.0","depthMax":"4.0","accidents":"0","safetyAction":null,"note":"신규(분할)","equipment":{"total":7,"sign":2,"rescueBox":0,"vest":1,"buoy":2,"rope":1,"pole":0},"staff":null,"coordinateCorrected":false,"sourceYear":2025}},{"type":"Feature","geometry":{"type":"Point","coordinates":[127.6949004,35.3867668]},"properties":{"id":1008,"name":"칠선계곡(중)","detail":"칠선교 인근","province":"경상남도","district":"함양군","town":"마천면","address":"경상남도 함양군 마천면 추성리 490","placeType":"하천","management":"일반지역","manageCode":"2","sectionM":"300.0","riskSectionM":null,"depthAvg":"2.0","depthMax":"4.0","accidents":"1","safetyAction":null,"note":"신규(분할)","equipment":{"total":7,"sign":2,"rescueBox":1,"vest":1,"buoy":2,"rope":1,"pole":0},"staff":null,"coordinateCorrected":false,"sourceYear":2025}},{"type":"Feature","geometry":{"type":"Point","coordinates":[127.697044,35.3910981]},"properties":{"id":1009,"name":"칠선계곡(하)","detail":"추성교 하류 80m","province":"경상남도","district":"함양군","town":"마천면","address":"경상남도 함양군 마천면 추성리 299-8","placeType":"하천","management":"일반지역","manageCode":"2","sectionM":"300.0","riskSectionM":null,"depthAvg":"2.0","depthMax":"4.0","accidents":"0","safetyAction":null,"note":"수정(분할)","equipment":{"total":8,"sign":2,"rescueBox":0,"vest":1,"buoy":2,"rope":1,"pole":1},"staff":null,"coordinateCorrected":false,"sourceYear":2025}},{"type":"Feature","geometry":{"type":"Point","coordinates":[127.69049,35.3989854]},"properties":{"id":1010,"name":"의탄천","detail":"휴펜션 앞","province":"경상남도","district":"함양군","town":"마천면","address":"경상남도 함양군 마천면 의탄리 606","placeType":"하천","management":"일반지역","manageCode":"2","sectionM":"200.0","riskSectionM":null,"depthAvg":"1.0","depthMax":"2.0","accidents":"0","safetyAction":null,"note":null,"equipment":{"total":15,"sign":1,"rescueBox":0,"vest":1,"buoy":1,"rope":10,"pole":1},"staff":null,"coordinateCorrected":false,"sourceYear":2025}},{"type":"Feature","geometry":{"type":"Point","coordinates":[127.6595994,35.3820686]},"properties":{"id":1011,"name":"덕전천(절터골)","detail":"마덕교 상류255m지점","province":"경상남도","district":"함양군","town":"마천면","address":"경상남도 함양군 마천면 덕전리 산52-1","placeType":"하천","management":"일반지역","manageCode":"2","sectionM":"100.0","riskSectionM":null,"depthAvg":"1.0","depthMax":"3.0","accidents":"0","safetyAction":null,"note":null,"equipment":{"total":15,"sign":1,"rescueBox":0,"vest":1,"buoy":1,"rope":10,"pole":1},"staff":null,"coordinateCorrected":false,"sourceYear":2025}},{"type":"Feature","geometry":{"type":"Point","coordinates":[127.660237,35.3800152]},"properties":{"id":1012,"name":"덕전천(강청교)","detail":"강청교 상류 50m지점","province":"경상남도","district":"함양군","town":"마천면","address":"경상남도 함양군 마천면 덕전리 1132","placeType":"하천","management":"일반지역","manageCode":"2","sectionM":"100.0","riskSectionM":null,"depthAvg":"2.0","depthMax":"4.0","accidents":"0","safetyAction":null,"note":"수정(분할)","equipment":{"total":15,"sign":1,"rescueBox":0,"vest":1,"buoy":1,"rope":10,"pole":1},"staff":null,"coordinateCorrected":false,"sourceYear":2025}},{"type":"Feature","geometry":{"type":"Point","coordinates":[127.6470499,35.3572487]},"properties":{"id":1013,"name":"덕전천(양정교)","detail":"양정교 인근","province":"경상남도","district":"함양군","town":"마천면","address":"경상남도 함양군 마천면 삼정리 474-5","placeType":"하천","management":"일반지역","manageCode":"2","sectionM":"140.0","riskSectionM":null,"depthAvg":"1.5","depthMax":"2.0","accidents":"0","safetyAction":null,"note":"신규(분할)","equipment":{"total":4,"sign":0,"rescueBox":0,"vest":1,"buoy":1,"rope":1,"pole":1},"staff":null,"coordinateCorrected":false,"sourceYear":2025}},{"type":"Feature","geometry":{"type":"Point","coordinates":[127.7717044,35.4423924]},"properties":{"id":1014,"name":"동호솔숲","detail":"지번 건물 밑","province":"경상남도","district":"함양군","town":"휴천면","address":"경상남도 함양군 휴천면 남호리 153-6","placeType":"하천","management":"일반지역","manageCode":"2","sectionM":"500.0","riskSectionM":null,"depthAvg":"1.0","depthMax":"2.0","accidents":"0","safetyAction":null,"note":null,"equipment":{"total":15,"sign":1,"rescueBox":0,"vest":1,"buoy":1,"rope":10,"pole":1},"staff":null,"coordinateCorrected":false,"sourceYear":2025}},{"type":"Feature","geometry":{"type":"Point","coordinates":[127.7560179,35.4396254]},"properties":{"id":1015,"name":"운서보","detail":"카페휴천건물 밑","province":"경상남도","district":"함양군","town":"휴천면","address":"경상남도 함양군 휴천면 휴천면 남호리 477-2","placeType":"하천","management":"일반지역","manageCode":"2","sectionM":"200.0","riskSectionM":null,"depthAvg":"2.0","depthMax":"5.0","accidents":"0","safetyAction":null,"note":null,"equipment":{"total":15,"sign":1,"rescueBox":0,"vest":1,"buoy":1,"rope":10,"pole":1},"staff":null,"coordinateCorrected":false,"sourceYear":2025}},{"type":"Feature","geometry":{"type":"Point","coordinates":[127.7874131,35.4633359]},"properties":{"id":1016,"name":"서주유원지","detail":"부산식당 앞","province":"경상남도","district":"함양군","town":"유림면","address":"경상남도 함양군 유림면 서주리 8-5","placeType":"하천","management":"일반지역","manageCode":"2","sectionM":"50.0","riskSectionM":null,"depthAvg":"1.0","depthMax":"1.5","accidents":"0","safetyAction":null,"note":null,"equipment":{"total":8,"sign":1,"rescueBox":1,"vest":2,"buoy":1,"rope":2,"pole":1},"staff":null,"coordinateCorrected":false,"sourceYear":2025}},{"type":"Feature","geometry":{"type":"Point","coordinates":[127.7879332,35.5824761]},"properties":{"id":1017,"name":"조광정","detail":"남강천변","province":"경상남도","district":"함양군","town":"지곡면","address":"경상남도 함양군 지곡면 창평리 31","placeType":"하천","management":"일반지역","manageCode":"2","sectionM":"100.0","riskSectionM":null,"depthAvg":"2.0","depthMax":"4.0","accidents":"0","safetyAction":null,"note":"수정(이름변경)","equipment":{"total":9,"sign":1,"rescueBox":1,"vest":1,"buoy":2,"rope":1,"pole":2},"staff":null,"coordinateCorrected":false,"sourceYear":2025}},{"type":"Feature","geometry":{"type":"Point","coordinates":[127.7786299,35.6229345]},"properties":{"id":1018,"name":"농월정(2구역)","detail":"정자~거창식당앞","province":"경상남도","district":"함양군","town":"안의면","address":"경상남도 함양군  안의면 월림리 737","placeType":"계곡","management":"일반지역","manageCode":"2","sectionM":"220.0","riskSectionM":null,"depthAvg":"1.0","depthMax":"2.0","accidents":"0","safetyAction":null,"note":"수정(분할)","equipment":{"total":10,"sign":1,"rescueBox":1,"vest":2,"buoy":2,"rope":1,"pole":2},"staff":null,"coordinateCorrected":false,"sourceYear":2025}},{"type":"Feature","geometry":{"type":"Point","coordinates":[127.7818015,35.625301]},"properties":{"id":1019,"name":"농월정(4구역)","detail":"농월정오토캠핑장~농월정보","province":"경상남도","district":"함양군","town":"안의면","address":"경상남도 함양군  안의면 월림리 790-1","placeType":"계곡","management":"일반지역","manageCode":"2","sectionM":"90.0","riskSectionM":null,"depthAvg":"3.0","depthMax":"5.0","accidents":"0","safetyAction":null,"note":"신규(분할)","equipment":{"total":10,"sign":1,"rescueBox":1,"vest":2,"buoy":2,"rope":1,"pole":2},"staff":null,"coordinateCorrected":false,"sourceYear":2025}},{"type":"Feature","geometry":{"type":"Point","coordinates":[127.7718674,35.6783009]},"properties":{"id":1020,"name":"용소","detail":"용소","province":"경상남도","district":"함양군","town":"안의면","address":"경상남도 함양군 안의면 상원리 844-1","placeType":"계곡","management":"일반지역","manageCode":"2","sectionM":"200.0","riskSectionM":null,"depthAvg":"2.0","depthMax":"5.0","accidents":"0","safetyAction":null,"note":"수정(꺽지소 분할)","equipment":{"total":11,"sign":2,"rescueBox":2,"vest":2,"buoy":2,"rope":1,"pole":2},"staff":null,"coordinateCorrected":false,"sourceYear":2025}},{"type":"Feature","geometry":{"type":"Point","coordinates":[127.7718674,35.6783009]},"properties":{"id":1021,"name":"꺽지소","detail":"꺽지소","province":"경상남도","district":"함양군","town":"안의면","address":"경상남도 함양군  안의면 상원리 844-1","placeType":"계곡","management":"일반지역","manageCode":"2","sectionM":"45.0","riskSectionM":null,"depthAvg":"1.5","depthMax":"2.0","accidents":"0","safetyAction":null,"note":"신규","equipment":{"total":10,"sign":1,"rescueBox":1,"vest":2,"buoy":2,"rope":1,"pole":2},"staff":null,"coordinateCorrected":false,"sourceYear":2025}},{"type":"Feature","geometry":{"type":"Point","coordinates":[127.78863,35.6681739]},"properties":{"id":1022,"name":"심원정","detail":"심원정","province":"경상남도","district":"함양군","town":"안의면","address":"경상남도 함양군 안의면 하원리 1353","placeType":"계곡","management":"일반지역","manageCode":"2","sectionM":"250.0","riskSectionM":null,"depthAvg":"2.0","depthMax":"4.0","accidents":"1","safetyAction":null,"note":null,"equipment":{"total":16,"sign":1,"rescueBox":2,"vest":4,"buoy":4,"rope":1,"pole":2},"staff":null,"coordinateCorrected":false,"sourceYear":2025}},{"type":"Feature","geometry":{"type":"Point","coordinates":[127.7735633,35.6747537]},"properties":{"id":1023,"name":"용추오토캠핑장","detail":"용추오토캠핑장 일원","province":"경상남도","district":"함양군","town":"안의면","address":"경상남도 함양군 안의면 상원리 758-2","placeType":"계곡","management":"일반지역","manageCode":"2","sectionM":"100.0","riskSectionM":null,"depthAvg":"1.0","depthMax":"2.0","accidents":"0","safetyAction":null,"note":null,"equipment":{"total":3,"sign":0,"rescueBox":0,"vest":0,"buoy":0,"rope":1,"pole":2},"staff":null,"coordinateCorrected":false,"sourceYear":2025}},{"type":"Feature","geometry":{"type":"Point","coordinates":[127.7750044,35.6249495]},"properties":{"id":1024,"name":"라온캠핑장 밑","detail":"서하교 인근","province":"경상남도","district":"함양군","town":"서하면","address":"경상남도 함양군 서하면 황산리 산64","placeType":"하천","management":"일반지역","manageCode":"2","sectionM":"100.0","riskSectionM":null,"depthAvg":"1.0","depthMax":"1.5","accidents":"0","safetyAction":null,"note":null,"equipment":{"total":0,"sign":0,"rescueBox":0,"vest":0,"buoy":0,"rope":0,"pole":0},"staff":null,"coordinateCorrected":false,"sourceYear":2025}},{"type":"Feature","geometry":{"type":"Point","coordinates":[127.7775958,35.6738194]},"properties":{"id":1025,"name":"용자정","detail":"용자정","province":"경상남도","district":"함양군","town":"안의면","address":"경상남도 함양군 안의면 상원리1434","placeType":"계곡","management":"일반지역","manageCode":"2","sectionM":"30.0","riskSectionM":null,"depthAvg":"1.2","depthMax":"2.0","accidents":"0","safetyAction":null,"note":null,"equipment":{"total":11,"sign":1,"rescueBox":1,"vest":2,"buoy":2,"rope":1,"pole":2},"staff":null,"coordinateCorrected":false,"sourceYear":2025}},{"type":"Feature","geometry":{"type":"Point","coordinates":[127.6587628,35.6446127]},"properties":{"id":1026,"name":"부전계곡(상)","detail":"부전계곡(상)","province":"경상남도","district":"함양군","town":"서상면","address":"경상남도 함양군 서상면 서상면 옥산리 산 79","placeType":"계곡","management":"일반지역","manageCode":"2","sectionM":"300.0","riskSectionM":null,"depthAvg":"1.0","depthMax":"3.0","accidents":"1","safetyAction":null,"note":null,"equipment":{"total":20,"sign":3,"rescueBox":1,"vest":2,"buoy":2,"rope":10,"pole":1},"staff":null,"coordinateCorrected":false,"sourceYear":2025}},{"type":"Feature","geometry":{"type":"Point","coordinates":[127.6587628,35.6446127]},"properties":{"id":1027,"name":"부전계곡(하)","detail":"부전계곡(하)","province":"경상남도","district":"함양군","town":"서상면","address":"경상남도 함양군 서상면 서상면 옥산리 산 79","placeType":"계곡","management":"일반지역","manageCode":"2","sectionM":"150.0","riskSectionM":null,"depthAvg":"1.0","depthMax":"3.0","accidents":"0","safetyAction":null,"note":null,"equipment":{"total":13,"sign":0,"rescueBox":0,"vest":0,"buoy":1,"rope":10,"pole":1},"staff":null,"coordinateCorrected":false,"sourceYear":2025}},{"type":"Feature","geometry":{"type":"Point","coordinates":[127.8770508,35.6893705]},"properties":{"id":1028,"name":"건계정","detail":"건계정 물레방아 앞, 보트장 앞","province":"경상남도","district":"거창군","town":"거창읍","address":"경상남도 거창군 거창읍 송정리 산137","placeType":"하천","management":"일반지역","manageCode":"2","sectionM":"300.0","riskSectionM":null,"depthAvg":"1.0","depthMax":"2.0","accidents":"0","safetyAction":null,"note":null,"equipment":{"total":22,"sign":2,"rescueBox":3,"vest":6,"buoy":3,"rope":7,"pole":1},"staff":null,"coordinateCorrected":false,"sourceYear":2025}},{"type":"Feature","geometry":{"type":"Point","coordinates":[127.8217035,35.7673703]},"properties":{"id":1029,"name":"용암정","detail":"용암정","province":"경상남도","district":"거창군","town":"북상면","address":"경상남도 거창군 북상면 농산리 63","placeType":"하천","management":"일반지역","manageCode":"2","sectionM":"90.0","riskSectionM":null,"depthAvg":"1.5","depthMax":"2.5","accidents":"0","safetyAction":null,"note":"사유지 경유해야 진입 가능, 비관리지역(다슬기)","equipment":{"total":12,"sign":2,"rescueBox":1,"vest":2,"buoy":2,"rope":3,"pole":2},"staff":null,"coordinateCorrected":false,"sourceYear":2025}},{"type":"Feature","geometry":{"type":"Point","coordinates":[127.7291562,35.7668063]},"properties":{"id":1030,"name":"사선대","detail":"사선대계곡","province":"경상남도","district":"거창군","town":"북상면","address":"경상남도 거창군 북상면 월성리 산 239-2","placeType":"하천","management":"일반지역","manageCode":"2","sectionM":"100.0","riskSectionM":null,"depthAvg":"1.0","depthMax":"3.0","accidents":"0","safetyAction":null,"note":"사유지 경유해야 진입 가능","equipment":{"total":13,"sign":1,"rescueBox":2,"vest":4,"buoy":3,"rope":3,"pole":0},"staff":null,"coordinateCorrected":false,"sourceYear":2025}},{"type":"Feature","geometry":{"type":"Point","coordinates":[127.8056179,35.7743254]},"properties":{"id":1031,"name":"강선대","detail":"민들레울 앞","province":"경상남도","district":"거창군","town":"북상면","address":"경상남도 거창군 북상면 농산리 582-2","placeType":"계곡","management":"일반지역","manageCode":"2","sectionM":"90.0","riskSectionM":null,"depthAvg":"2.0","depthMax":"4.0","accidents":"1","safetyAction":null,"note":"사유지 경유(민들레울)해야 진입 가능, 2022년 인명피해로 인해 위험구역으로 지정되었으나 2024년도 해제됨","equipment":{"total":9,"sign":2,"rescueBox":1,"vest":1,"buoy":1,"rope":3,"pole":1},"staff":null,"coordinateCorrected":false,"sourceYear":2025}},{"type":"Feature","geometry":{"type":"Point","coordinates":[127.7937999,35.7865169]},"properties":{"id":1032,"name":"용소","detail":"가래실경로당 뒤","province":"경상남도","district":"거창군","town":"북상면","address":"경상남도 거창군 북상면 병곡리 142-1","placeType":"하천","management":"일반지역","manageCode":"2","sectionM":"30.0","riskSectionM":null,"depthAvg":"1.5","depthMax":"2.5","accidents":"0","safetyAction":null,"note":"사유지 경유해야 진입 가능, 수심이 깊은 지역이 넓게 분포, 다이빙 위험지역","equipment":{"total":6,"sign":0,"rescueBox":1,"vest":1,"buoy":1,"rope":2,"pole":1},"staff":null,"coordinateCorrected":false,"sourceYear":2025}},{"type":"Feature","geometry":{"type":"Point","coordinates":[127.7694028,35.7633543]},"properties":{"id":1033,"name":"분설담","detail":"분설담 공중화장실 앞","province":"경상남도","district":"거창군","town":"북상면","address":"경상남도 거창군 북상면 창선리 268-2","placeType":"하천","management":"일반지역","manageCode":"2","sectionM":"250.0","riskSectionM":null,"depthAvg":"1.0","depthMax":"2.0","accidents":"0","safetyAction":null,"note":"바위에 이끼 및 슬러지 등으로 미끄러짐 사고 주의 지역(미끄럼 주의 스티커 부착, 미끄러짐 위험 구역 위험반사테이프로 진입 통제)","equipment":{"total":9,"sign":1,"rescueBox":1,"vest":2,"buoy":2,"rope":2,"pole":1},"staff":null,"coordinateCorrected":false,"sourceYear":2025}},{"type":"Feature","geometry":{"type":"Point","coordinates":[127.7807572,35.8026102]},"properties":{"id":1034,"name":"분계천","detail":"더랏지펜션 뒤","province":"경상남도","district":"거창군","town":"북상면","address":"경상남도 거창군 북상면 병곡리 663-3","placeType":"하천","management":"일반지역","manageCode":"2","sectionM":"40.0","riskSectionM":null,"depthAvg":"1.0","depthMax":"2.5","accidents":"0","safetyAction":null,"note":null,"equipment":{"total":3,"sign":1,"rescueBox":1,"vest":0,"buoy":1,"rope":0,"pole":0},"staff":null,"coordinateCorrected":false,"sourceYear":2025}},{"type":"Feature","geometry":{"type":"Point","coordinates":[127.7599959,35.7651446]},"properties":{"id":1035,"name":"월성오토캠핑장","detail":"심동입구 공중화장실 앞","province":"경상남도","district":"거창군","town":"북상면","address":"경상남도 거창군 북상면 월성리 42-2","placeType":"하천","management":"일반지역","manageCode":"2","sectionM":"90.0","riskSectionM":null,"depthAvg":"1.5","depthMax":"2.5","accidents":"0","safetyAction":null,"note":null,"equipment":{"total":9,"sign":2,"rescueBox":1,"vest":2,"buoy":1,"rope":2,"pole":1},"staff":null,"coordinateCorrected":false,"sourceYear":2025}},{"type":"Feature","geometry":{"type":"Point","coordinates":[127.8123188,35.7744894]},"properties":{"id":1036,"name":"기인들","detail":"기인들","province":"경상남도","district":"거창군","town":"북상면","address":"경상남도 거창군 북상면 농산리 191","placeType":"하천","management":"일반지역","manageCode":"2","sectionM":"65.0","riskSectionM":null,"depthAvg":"1.0","depthMax":"2.5","accidents":"0","safetyAction":null,"note":null,"equipment":{"total":8,"sign":2,"rescueBox":1,"vest":2,"buoy":1,"rope":2,"pole":0},"staff":null,"coordinateCorrected":false,"sourceYear":2025}},{"type":"Feature","geometry":{"type":"Point","coordinates":[127.8342945,35.7581612]},"properties":{"id":1037,"name":"척수대","detail":"수승대 매표소 진입 150M 전","province":"경상남도","district":"거창군","town":"위천면","address":"경상남도 거창군 위천면 황산리 산40-1","placeType":"계곡","management":"일반지역","manageCode":"2","sectionM":"220.0","riskSectionM":null,"depthAvg":"1.0","depthMax":"2.5","accidents":"0","safetyAction":null,"note":null,"equipment":{"total":24,"sign":1,"rescueBox":1,"vest":1,"buoy":1,"rope":20,"pole":0},"staff":null,"coordinateCorrected":false,"sourceYear":2025}},{"type":"Feature","geometry":{"type":"Point","coordinates":[127.8334941,35.7607616]},"properties":{"id":1038,"name":"수승대관광지","detail":"수승대 관광지 내","province":"경상남도","district":"거창군","town":"위천면","address":"경상남도 거창군 위천면 황산리 750-3","placeType":"계곡","management":"일반지역","manageCode":"2","sectionM":"420.0","riskSectionM":null,"depthAvg":"1.0","depthMax":"2.5","accidents":"0","safetyAction":null,"note":null,"equipment":{"total":188,"sign":12,"rescueBox":6,"vest":150,"buoy":6,"rope":12,"pole":1},"staff":null,"coordinateCorrected":false,"sourceYear":2025}},{"type":"Feature","geometry":{"type":"Point","coordinates":[127.8477671,35.7326142]},"properties":{"id":1039,"name":"진동암소공원","detail":"진동암 소공원","province":"경상남도","district":"거창군","town":"위천면","address":"경상남도 거창군 위천면 남산리 20-1","placeType":"하천","management":"일반지역","manageCode":"2","sectionM":"80.0","riskSectionM":null,"depthAvg":"1.0","depthMax":"1.5","accidents":"0","safetyAction":null,"note":null,"equipment":{"total":24,"sign":1,"rescueBox":1,"vest":1,"buoy":1,"rope":20,"pole":0},"staff":null,"coordinateCorrected":false,"sourceYear":2025}},{"type":"Feature","geometry":{"type":"Point","coordinates":[127.8536034,35.7319917]},"properties":{"id":1040,"name":"장풍숲","detail":"장풍숲","province":"경상남도","district":"거창군","town":"마리면","address":"경상남도 거창군 마리면 율리 940-7","placeType":"하천","management":"일반지역","manageCode":"2","sectionM":"300.0","riskSectionM":null,"depthAvg":"1.0","depthMax":"2.0","accidents":"0","safetyAction":null,"note":null,"equipment":{"total":11,"sign":2,"rescueBox":2,"vest":3,"buoy":2,"rope":2,"pole":0},"staff":null,"coordinateCorrected":false,"sourceYear":2025}},{"type":"Feature","geometry":{"type":"Point","coordinates":[128.0420726,35.7289417]},"properties":{"id":1041,"name":"상산가 아래","detail":"거창해바라기 풀빌라 앞","province":"경상남도","district":"거창군","town":"가조면","address":"경상남도 거창군 가조면 수월리 산 28","placeType":"계곡","management":"일반지역","manageCode":"2","sectionM":"150.0","riskSectionM":null,"depthAvg":"1.0","depthMax":"1.0","accidents":"0","safetyAction":null,"note":null,"equipment":{"total":10,"sign":1,"rescueBox":2,"vest":2,"buoy":2,"rope":3,"pole":0},"staff":null,"coordinateCorrected":false,"sourceYear":2025}},{"type":"Feature","geometry":{"type":"Point","coordinates":[127.8284746,35.7645855]},"properties":{"id":1042,"name":"수승대관광지 상류(목재체험장부근)","detail":"수승대상류(목재문화체험장)","province":"경상남도","district":"거창군","town":"위천면","address":"경상남도 거창군 위천면 황산리 890","placeType":"하천","management":"일반지역","manageCode":"2","sectionM":"100.0","riskSectionM":null,"depthAvg":"1.0","depthMax":"2.0","accidents":"0","safetyAction":null,"note":null,"equipment":{"total":88,"sign":2,"rescueBox":2,"vest":2,"buoy":2,"rope":80,"pole":0},"staff":null,"coordinateCorrected":false,"sourceYear":2025}},{"type":"Feature","geometry":{"type":"Point","coordinates":[127.8284746,35.7645855]},"properties":{"id":1043,"name":"수승대관광지 상류(오토캠핑장부근)","detail":"수승대상류(오토캠핑장)","province":"경상남도","district":"거창군","town":"위천면","address":"경상남도 거창군 위천면 황산리 890","placeType":"하천","management":"일반지역","manageCode":"2","sectionM":"100.0","riskSectionM":null,"depthAvg":"1.0","depthMax":"2.0","accidents":"0","safetyAction":null,"note":null,"equipment":{"total":71,"sign":3,"rescueBox":3,"vest":2,"buoy":3,"rope":60,"pole":0},"staff":null,"coordinateCorrected":false,"sourceYear":2025}},{"type":"Feature","geometry":{"type":"Point","coordinates":[127.8032776,35.7757062]},"properties":{"id":1044,"name":"강선대 상류","detail":"강선대 상류","province":"경상남도","district":"거창군","town":"북상면","address":"경상남도 거창군 북상면 농산리 626-24","placeType":"하천","management":"일반지역","manageCode":"2","sectionM":"200.0","riskSectionM":null,"depthAvg":"1.0","depthMax":"1.5","accidents":"0","safetyAction":null,"note":"신규추가","equipment":{"total":0,"sign":0,"rescueBox":0,"vest":0,"buoy":0,"rope":0,"pole":0},"staff":null,"coordinateCorrected":false,"sourceYear":2025}},{"type":"Feature","geometry":{"type":"Point","coordinates":[128.0691984,35.5109749]},"properties":{"id":1045,"name":"황계폭포","detail":"황계폭포","province":"경상남도","district":"합천군","town":"용주면","address":"경상남도 합천군 용주면 황계리 산156","placeType":"계곡","management":"일반지역","manageCode":"2","sectionM":"80.0","riskSectionM":null,"depthAvg":"1.0","depthMax":"4.0","accidents":"1","safetyAction":null,"note":null,"equipment":{"total":46,"sign":6,"rescueBox":3,"vest":5,"buoy":8,"rope":10,"pole":3},"staff":null,"coordinateCorrected":false,"sourceYear":2025}},{"type":"Feature","geometry":{"type":"Point","coordinates":[128.0627187,35.5411022]},"properties":{"id":1046,"name":"용문정","detail":"합천영상테마파크옆 용문정","province":"경상남도","district":"합천군","town":"용주면","address":"경상남도 합천군 용주면 가호리 1165","placeType":"계곡","management":"일반지역","manageCode":"2","sectionM":"40.0","riskSectionM":null,"depthAvg":"3.0","depthMax":"5.0","accidents":"1","safetyAction":null,"note":null,"equipment":{"total":14,"sign":1,"rescueBox":1,"vest":3,"buoy":2,"rope":2,"pole":1},"staff":null,"coordinateCorrected":false,"sourceYear":2025}},{"type":"Feature","geometry":{"type":"Point","coordinates":[128.1655287,35.5582219]},"properties":{"id":1047,"name":"정양레포츠공원","detail":"어린이 물놀이터 주변","province":"경상남도","district":"합천군","town":"대양면","address":"경상남도 합천군 대양면 정양리613","placeType":"하천","management":"일반지역","manageCode":"2","sectionM":"100.0","riskSectionM":null,"depthAvg":"1.0","depthMax":"2.5","accidents":"0","safetyAction":null,"note":null,"equipment":{"total":88,"sign":17,"rescueBox":6,"vest":15,"buoy":16,"rope":22,"pole":5},"staff":null,"coordinateCorrected":false,"sourceYear":2025}},{"type":"Feature","geometry":{"type":"Point","coordinates":[128.1452896,35.7425014]},"properties":{"id":1048,"name":"하림2구 변주실(로켓)","detail":"가야천(가남정앞)","province":"경상남도","district":"합천군","town":"야로면","address":"경상남도 합천군 야로면 하림리751","placeType":"계곡","management":"일반지역","manageCode":"2","sectionM":"30.0","riskSectionM":null,"depthAvg":"0.8","depthMax":"2.0","accidents":"0","safetyAction":null,"note":null,"equipment":{"total":15,"sign":1,"rescueBox":1,"vest":3,"buoy":3,"rope":4,"pole":1},"staff":null,"coordinateCorrected":false,"sourceYear":2025}},{"type":"Feature","geometry":{"type":"Point","coordinates":[128.1336079,35.7647649]},"properties":{"id":1049,"name":"각사교 및 고래소","detail":"소리길 입구 근처","province":"경상남도","district":"합천군","town":"가야면","address":"경상남도 합천군 가야면 황산리 421","placeType":"계곡","management":"일반지역","manageCode":"2","sectionM":"70.0","riskSectionM":null,"depthAvg":"1.5","depthMax":"3.0","accidents":"1","safetyAction":null,"note":null,"equipment":{"total":14,"sign":2,"rescueBox":1,"vest":2,"buoy":2,"rope":3,"pole":1},"staff":null,"coordinateCorrected":false,"sourceYear":2025}},{"type":"Feature","geometry":{"type":"Point","coordinates":[128.1403305,35.7507676]},"properties":{"id":1050,"name":"하림2교, 3교","detail":"하림2교 근처, 3교 밑","province":"경상남도","district":"합천군","town":"야로면","address":"경상남도 합천군 야로면 하림리 산 119-2","placeType":"계곡","management":"일반지역","manageCode":"2","sectionM":"50.0","riskSectionM":null,"depthAvg":"0.5","depthMax":"2.0","accidents":"0","safetyAction":null,"note":null,"equipment":{"total":39,"sign":4,"rescueBox":2,"vest":8,"buoy":6,"rope":9,"pole":4},"staff":null,"coordinateCorrected":false,"sourceYear":2025}},{"type":"Feature","geometry":{"type":"Point","coordinates":[128.1301129,35.7674948]},"properties":{"id":1051,"name":"소리길옆 치이소(로켓)","detail":"소리길 옆","province":"경상남도","district":"합천군","town":"가야면","address":"경상남도 합천군 가야면 야천리 산97-1부근(소리길옆)","placeType":"계곡","management":"일반지역","manageCode":"2","sectionM":"30.0","riskSectionM":null,"depthAvg":"1.0","depthMax":"3.0","accidents":"0","safetyAction":null,"note":null,"equipment":{"total":19,"sign":2,"rescueBox":1,"vest":2,"buoy":5,"rope":4,"pole":1},"staff":null,"coordinateCorrected":false,"sourceYear":2025}},{"type":"Feature","geometry":{"type":"Point","coordinates":[128.1288872,35.7683254]},"properties":{"id":1052,"name":"소리길옆 피리소","detail":"소리길 옆","province":"경상남도","district":"합천군","town":"가야면","address":"경상남도 합천군 가야면 야천리 874-2부근 (소리길옆)","placeType":"계곡","management":"일반지역","manageCode":"2","sectionM":"25.0","riskSectionM":null,"depthAvg":"1.0","depthMax":"2.0","accidents":"0","safetyAction":null,"note":null,"equipment":{"total":12,"sign":1,"rescueBox":1,"vest":2,"buoy":3,"rope":2,"pole":1},"staff":null,"coordinateCorrected":false,"sourceYear":2025}},{"type":"Feature","geometry":{"type":"Point","coordinates":[127.9808564,35.5164791]},"properties":{"id":1053,"name":"하금계곡","detail":"하금계곡(하금리 2-4)","province":"경상남도","district":"합천군","town":"대병면","address":"경상남도 합천군 대병면 하금리 1025","placeType":"계곡","management":"일반지역","manageCode":"2","sectionM":"25.0","riskSectionM":null,"depthAvg":"1.0","depthMax":"2.0","accidents":"0","safetyAction":null,"note":null,"equipment":{"total":7,"sign":1,"rescueBox":1,"vest":2,"buoy":1,"rope":1,"pole":0},"staff":null,"coordinateCorrected":false,"sourceYear":2025}},{"type":"Feature","geometry":{"type":"Point","coordinates":[127.9753633,35.5158428]},"properties":{"id":1054,"name":"하금계곡 중류","detail":"하금계곡","province":"경상남도","district":"합천군","town":"대병면","address":"경상남도 합천군 대병면 하금리 산109-4","placeType":"계곡","management":"일반지역","manageCode":"2","sectionM":"20.0","riskSectionM":null,"depthAvg":"0.6","depthMax":"1.0","accidents":"0","safetyAction":null,"note":"신규","equipment":{"total":0,"sign":0,"rescueBox":0,"vest":0,"buoy":0,"rope":0,"pole":0},"staff":null,"coordinateCorrected":false,"sourceYear":2025}},{"type":"Feature","geometry":{"type":"Point","coordinates":[126.4872424,33.2340294]},"properties":{"id":1056,"name":"강정천","detail":"강정천","province":"제주특별자치도","district":"서귀포시","town":"대천동","address":"제주특별자치도 서귀포시 대천동 강정동 2673-6","placeType":"하천","management":"일반지역","manageCode":"2","sectionM":"500.0","riskSectionM":null,"depthAvg":"1.0","depthMax":"3.0","accidents":"0","safetyAction":null,"note":"어린이 구역","equipment":{"total":116,"sign":1,"rescueBox":2,"vest":105,"buoy":6,"rope":2,"pole":0},"staff":null,"coordinateCorrected":false,"sourceYear":2025}},{"type":"Feature","geometry":{"type":"Point","coordinates":[126.491151,33.241076]},"properties":{"id":1057,"name":"악근천(소왕물)","detail":"소왕물","province":"제주특별자치도","district":"서귀포시","town":"대천동","address":"제주특별자치도 서귀포시 대천동 강정동 2336","placeType":"하천","management":"일반지역","manageCode":"2","sectionM":"50.0","riskSectionM":null,"depthAvg":"1.0","depthMax":"2.0","accidents":"0","safetyAction":null,"note":null,"equipment":{"total":45,"sign":0,"rescueBox":1,"vest":40,"buoy":2,"rope":2,"pole":0},"staff":null,"coordinateCorrected":false,"sourceYear":2025}},{"type":"Feature","geometry":{"type":"Point","coordinates":[126.5822202,33.3003563]},"properties":{"id":1058,"name":"돈내코계곡","detail":"돈내코계곡","province":"제주특별자치도","district":"서귀포시","town":"영천동","address":"제주특별자치도 서귀포시 영천동 상효동 1463","placeType":"계곡","management":"일반지역","manageCode":"2","sectionM":"300.0","riskSectionM":null,"depthAvg":"1.0","depthMax":"1.5","accidents":"0","safetyAction":null,"note":null,"equipment":{"total":82,"sign":2,"rescueBox":1,"vest":64,"buoy":11,"rope":3,"pole":0},"staff":null,"coordinateCorrected":false,"sourceYear":2025}},{"type":"Feature","geometry":{"type":"Point","coordinates":[126.4185272,33.2475483]},"properties":{"id":1059,"name":"중문천","detail":"중문천","province":"제주특별자치도","district":"서귀포시","town":"중문동","address":"제주특별자치도 서귀포시 중문동 중문동 2785-2(색달동 3371-6 인근)","placeType":"하천","management":"일반지역","manageCode":"2","sectionM":"50.0","riskSectionM":null,"depthAvg":"1.0","depthMax":"4.0","accidents":"0","safetyAction":null,"note":null,"equipment":{"total":51,"sign":6,"rescueBox":3,"vest":25,"buoy":10,"rope":6,"pole":0},"staff":null,"coordinateCorrected":false,"sourceYear":2025}},{"type":"Feature","geometry":{"type":"Point","coordinates":[126.5536186,33.2532795]},"properties":{"id":1060,"name":"솜반천","detail":"솜반천","province":"제주특별자치도","district":"서귀포시","town":"서홍동","address":"제주특별자치도 서귀포시 서홍동 서홍동 1223-7","placeType":"하천","management":"일반지역","manageCode":"2","sectionM":"200.0","riskSectionM":null,"depthAvg":"1.0","depthMax":"1.0","accidents":"0","safetyAction":null,"note":"어린이 구역","equipment":{"total":56,"sign":3,"rescueBox":3,"vest":26,"buoy":21,"rope":3,"pole":0},"staff":null,"coordinateCorrected":false,"sourceYear":2025}},{"type":"Feature","geometry":{"type":"Point","coordinates":[126.5261098,33.2408927]},"properties":{"id":1061,"name":"속골","detail":"속골","province":"제주특별자치도","district":"서귀포시","town":"대륜동","address":"제주특별자치도 서귀포시 대륜동 서호동 85일원","placeType":"하천","management":"일반지역","manageCode":"2","sectionM":"33.0","riskSectionM":null,"depthAvg":"1.0","depthMax":"1.6","accidents":"0","safetyAction":null,"note":null,"equipment":{"total":82,"sign":2,"rescueBox":2,"vest":61,"buoy":16,"rope":1,"pole":0},"staff":null,"coordinateCorrected":false,"sourceYear":2025}},{"type":"Feature","geometry":{"type":"Point","coordinates":[126.5653929,33.264735]},"properties":{"id":1062,"name":"산지물","detail":"산지물","province":"제주특별자치도","district":"서귀포시","town":"동홍동","address":"제주특별자치도 서귀포시 동홍동 동홍동1284 인근","placeType":"하천","management":"일반지역","manageCode":"2","sectionM":"30.0","riskSectionM":null,"depthAvg":"1.5","depthMax":"3.0","accidents":"0","safetyAction":null,"note":"어린이 구역","equipment":{"total":28,"sign":2,"rescueBox":1,"vest":17,"buoy":7,"rope":1,"pole":0},"staff":null,"coordinateCorrected":false,"sourceYear":2025}},{"type":"Feature","geometry":{"type":"Point","coordinates":[126.5715895,33.2463727]},"properties":{"id":1063,"name":"정모시 쉼터","detail":"정모시 쉼터","province":"제주특별자치도","district":"서귀포시","town":"정방동","address":"제주특별자치도 서귀포시 정방동 서귀동 109","placeType":"하천","management":"일반지역","manageCode":"2","sectionM":"9.0","riskSectionM":null,"depthAvg":"0.4","depthMax":"0.5","accidents":"0","safetyAction":null,"note":"어린이 구역","equipment":{"total":42,"sign":1,"rescueBox":2,"vest":31,"buoy":6,"rope":1,"pole":0},"staff":null,"coordinateCorrected":false,"sourceYear":2025}},{"type":"Feature","geometry":{"type":"Point","coordinates":[126.9474024,37.4552103]},"properties":{"id":1064,"name":"관악산계곡","detail":"K-27 아카시아숲 주변","province":"서울특별시","district":"관악구","town":"신림동","address":"서울특별시 관악구 신림동 산 52","placeType":"계곡","management":"위험지역","manageCode":"3","sectionM":"0.0","riskSectionM":"50.0","depthAvg":"0.9","depthMax":"1.0","accidents":"2","safetyAction":"표지판 설치 및 출입 완전통제","note":null,"equipment":{"total":10,"sign":2,"rescueBox":2,"vest":2,"buoy":2,"rope":2,"pole":0},"staff":null,"coordinateCorrected":false,"sourceYear":2025}},{"type":"Feature","geometry":{"type":"Point","coordinates":[126.9397795,37.4461944]},"properties":{"id":1065,"name":"관악산계곡","detail":"k29 제4야영장 주변①","province":"서울특별시","district":"관악구","town":"신림동","address":"서울특별시 관악구 신림동 산56-2","placeType":"계곡","management":"위험지역","manageCode":"3","sectionM":"0.0","riskSectionM":"50.0","depthAvg":"0.9","depthMax":"1.0","accidents":"0","safetyAction":"안내판 설치 예정(5월 이내)","note":null,"equipment":{"total":0,"sign":0,"rescueBox":0,"vest":0,"buoy":0,"rope":0,"pole":0},"staff":null,"coordinateCorrected":false,"sourceYear":2025}},{"type":"Feature","geometry":{"type":"Point","coordinates":[126.9397795,37.4461944]},"properties":{"id":1066,"name":"관악산계곡","detail":"k29 제4야영장 주변②","province":"서울특별시","district":"관악구","town":"신림동","address":"서울특별시 관악구 신림동 산56-2","placeType":"계곡","management":"위험지역","manageCode":"3","sectionM":"0.0","riskSectionM":"50.0","depthAvg":"0.9","depthMax":"1.0","accidents":"0","safetyAction":"안내판 설치 예정(5월 이내)","note":null,"equipment":{"total":0,"sign":0,"rescueBox":0,"vest":0,"buoy":0,"rope":0,"pole":0},"staff":null,"coordinateCorrected":false,"sourceYear":2025}},{"type":"Feature","geometry":{"type":"Point","coordinates":[126.9397795,37.4461944]},"properties":{"id":1067,"name":"관악산계곡","detail":"k29 제4야영장 주변③","province":"서울특별시","district":"관악구","town":"신림동","address":"서울특별시 관악구 신림동 산56-2","placeType":"계곡","management":"위험지역","manageCode":"3","sectionM":"0.0","riskSectionM":"50.0","depthAvg":"0.9","depthMax":"1.0","accidents":"0","safetyAction":"안내판 설치 예정(5월 이내)","note":null,"equipment":{"total":0,"sign":0,"rescueBox":0,"vest":0,"buoy":0,"rope":0,"pole":0},"staff":null,"coordinateCorrected":false,"sourceYear":2025}},{"type":"Feature","geometry":{"type":"Point","coordinates":[126.9551156,37.4561522]},"properties":{"id":1068,"name":"관악산계곡","detail":"k12 암반계곡개천(하)","province":"서울특별시","district":"관악구","town":"신림동","address":"서울특별시 관악구 신림동 산56-1","placeType":"계곡","management":"위험지역","manageCode":"3","sectionM":"0.0","riskSectionM":"20.0","depthAvg":"0.8","depthMax":"1.0","accidents":"0","safetyAction":"안내판 설치 예정(5월 이내)","note":null,"equipment":{"total":0,"sign":0,"rescueBox":0,"vest":0,"buoy":0,"rope":0,"pole":0},"staff":null,"coordinateCorrected":false,"sourceYear":2025}},{"type":"Feature","geometry":{"type":"Point","coordinates":[126.9551156,37.4561522]},"properties":{"id":1069,"name":"관악산계곡","detail":"k13 암반계곡개천(상)","province":"서울특별시","district":"관악구","town":"신림동","address":"서울특별시 관악구 신림동 산56-1","placeType":"계곡","management":"위험지역","manageCode":"3","sectionM":"0.0","riskSectionM":"20.0","depthAvg":"0.8","depthMax":"1.0","accidents":"0","safetyAction":"안내판 설치 예정(5월 이내)","note":null,"equipment":{"total":0,"sign":0,"rescueBox":0,"vest":0,"buoy":0,"rope":0,"pole":0},"staff":null,"coordinateCorrected":false,"sourceYear":2025}},{"type":"Feature","geometry":{"type":"Point","coordinates":[129.0322816,35.2474063]},"properties":{"id":1070,"name":"대천천계곡","detail":"애기소","province":"부산광역시","district":"북구","town":"화명동","address":"부산광역시 북구 화명동 2102번지 일원","placeType":"계곡","management":"위험지역","manageCode":"3","sectionM":"2000.0","riskSectionM":"40.0","depthAvg":"1.0","depthMax":"2.0","accidents":"1","safetyAction":"표지판 설치 출입통제","note":null,"equipment":{"total":10,"sign":2,"rescueBox":2,"vest":2,"buoy":2,"rope":2,"pole":0},"staff":null,"coordinateCorrected":false,"sourceYear":2025}},{"type":"Feature","geometry":{"type":"Point","coordinates":[129.1614556,35.1873218]},"properties":{"id":1071,"name":"장산계곡","detail":"양운폭포","province":"부산광역시","district":"해운대구","town":"우동","address":"부산광역시 해운대구 우동 산2 일원","placeType":"계곡","management":"위험지역","manageCode":"3","sectionM":"500.0","riskSectionM":"11.0","depthAvg":"1.0","depthMax":"2.0","accidents":"1","safetyAction":"표지판 설치 출입통제","note":null,"equipment":{"total":19,"sign":9,"rescueBox":2,"vest":2,"buoy":2,"rope":2,"pole":0},"staff":null,"coordinateCorrected":false,"sourceYear":2025}},{"type":"Feature","geometry":{"type":"Point","coordinates":[129.2428195,35.3458398]},"properties":{"id":1072,"name":"용소천계곡","detail":"계곡1구역","province":"부산광역시","district":"기장군","town":"장안읍","address":"부산광역시 기장군 장안읍 용소리 581","placeType":"계곡","management":"위험지역","manageCode":"3","sectionM":"45.0","riskSectionM":"5.0","depthAvg":"1.0","depthMax":"2.0","accidents":"0","safetyAction":"표지판 설치 출입통제","note":null,"equipment":{"total":5,"sign":1,"rescueBox":1,"vest":1,"buoy":1,"rope":1,"pole":0},"staff":null,"coordinateCorrected":false,"sourceYear":2025}},{"type":"Feature","geometry":{"type":"Point","coordinates":[129.2428195,35.3458398]},"properties":{"id":1073,"name":"용소천계곡","detail":"계곡2구역","province":"부산광역시","district":"기장군","town":"장안읍","address":"부산광역시 기장군 장안읍 용소리 581","placeType":"계곡","management":"위험지역","manageCode":"3","sectionM":"45.0","riskSectionM":"6.0","depthAvg":"2.0","depthMax":"3.0","accidents":"0","safetyAction":"표지판 설치 출입통제","note":null,"equipment":{"total":9,"sign":1,"rescueBox":2,"vest":2,"buoy":2,"rope":2,"pole":0},"staff":null,"coordinateCorrected":false,"sourceYear":2025}},{"type":"Feature","geometry":{"type":"Point","coordinates":[129.0770078,35.280212]},"properties":{"id":1074,"name":"용성계곡","detail":"용성댐(舊.월류댐)","province":"부산광역시","district":"금정구","town":"청룡동","address":"부산광역시 금정구 청룡동 602-1번지 일원","placeType":"계곡","management":"위험지역","manageCode":"3","sectionM":"0.0","riskSectionM":"100.0","depthAvg":"1.0","depthMax":"3.0","accidents":"2","safetyAction":"표지판 설치 출입통제","note":null,"equipment":{"total":33,"sign":11,"rescueBox":2,"vest":2,"buoy":9,"rope":9,"pole":0},"staff":null,"coordinateCorrected":false,"sourceYear":2025}},{"type":"Feature","geometry":{"type":"Point","coordinates":[128.6768631,36.0409817]},"properties":{"id":1075,"name":"동산계곡","detail":"동산계곡","province":"대구광역시","district":"군위군","town":"부계면","address":"대구광역시 군위군 부계면 동산리 1677","placeType":"계곡","management":"위험지역","manageCode":"3","sectionM":"2400.0","riskSectionM":"100.0","depthAvg":"1.0","depthMax":"2.0","accidents":"3","safetyAction":"표지판 설치 출입통제","note":null,"equipment":{"total":44,"sign":12,"rescueBox":5,"vest":10,"buoy":5,"rope":5,"pole":0},"staff":null,"coordinateCorrected":false,"sourceYear":2025}},{"type":"Feature","geometry":{"type":"Point","coordinates":[127.3436333,36.2761108]},"properties":{"id":1076,"name":"상보안유원지","detail":"상보안유원지","province":"대전광역시","district":"서구","town":null,"address":"대전광역시 서구  흑석동 738번지 일원","placeType":"하천","management":"위험지역","manageCode":"3","sectionM":"600.0","riskSectionM":"100.0","depthAvg":"1.0","depthMax":"2.0","accidents":"0","safetyAction":"표지판 설치 통제","note":null,"equipment":{"total":54,"sign":10,"rescueBox":5,"vest":14,"buoy":14,"rope":4,"pole":0},"staff":null,"coordinateCorrected":false,"sourceYear":2025}},{"type":"Feature","geometry":{"type":"Point","coordinates":[127.3340392,36.276503]},"properties":{"id":1077,"name":"적십자수련원","detail":"적십자수련원","province":"대전광역시","district":"서구","town":null,"address":"대전광역시 서구  흑석동 804번지 일원","placeType":"하천","management":"위험지역","manageCode":"3","sectionM":"500.0","riskSectionM":"200.0","depthAvg":"1.0","depthMax":"2.0","accidents":"0","safetyAction":"표지판 설치 통제","note":null,"equipment":{"total":43,"sign":6,"rescueBox":2,"vest":12,"buoy":12,"rope":5,"pole":0},"staff":null,"coordinateCorrected":false,"sourceYear":2025}},{"type":"Feature","geometry":{"type":"Point","coordinates":[127.3398444,36.2709891]},"properties":{"id":1078,"name":"장평보유원지","detail":"장평보유원지","province":"대전광역시","district":"서구","town":null,"address":"대전광역시 서구  흑석동 749번지 일원","placeType":"하천","management":"위험지역","manageCode":"3","sectionM":"300.0","riskSectionM":"50.0","depthAvg":"0.6","depthMax":"1.0","accidents":"0","safetyAction":"표지판 설치 통제","note":null,"equipment":{"total":34,"sign":2,"rescueBox":1,"vest":11,"buoy":11,"rope":4,"pole":0},"staff":null,"coordinateCorrected":false,"sourceYear":2025}},{"type":"Feature","geometry":{"type":"Point","coordinates":[127.3391429,36.2586656]},"properties":{"id":1079,"name":"흑석유원지","detail":"흑석유원지","province":"대전광역시","district":"서구","town":null,"address":"대전광역시 서구  흑석동 775번지 일원","placeType":"하천","management":"위험지역","manageCode":"3","sectionM":"200.0","riskSectionM":"50.0","depthAvg":"1.0","depthMax":"2.0","accidents":"0","safetyAction":"표지판 설치 통제","note":null,"equipment":{"total":42,"sign":6,"rescueBox":2,"vest":12,"buoy":12,"rope":3,"pole":0},"staff":null,"coordinateCorrected":false,"sourceYear":2025}},{"type":"Feature","geometry":{"type":"Point","coordinates":[127.3836632,36.2695344]},"properties":{"id":1080,"name":"청소년수련원 앞","detail":"청소년수련원 앞","province":"대전광역시","district":"중구","town":"침산동","address":"대전광역시 중구 침산동 401번지 일원","placeType":"하천","management":"위험지역","manageCode":"3","sectionM":"200.0","riskSectionM":"200.0","depthAvg":"1.0","depthMax":"5.0","accidents":"0","safetyAction":"안전관리요원 배치","note":null,"equipment":{"total":30,"sign":2,"rescueBox":3,"vest":6,"buoy":8,"rope":5,"pole":0},"staff":null,"coordinateCorrected":false,"sourceYear":2025}},{"type":"Feature","geometry":{"type":"Point","coordinates":[127.3952822,36.2736499]},"properties":{"id":1081,"name":"침산교 아래","detail":"침산교 아래","province":"대전광역시","district":"중구","town":"침산동","address":"대전광역시 중구 침산동 298번지 일원","placeType":"하천","management":"위험지역","manageCode":"3","sectionM":"100.0","riskSectionM":"100.0","depthAvg":"1.0","depthMax":"3.0","accidents":"0","safetyAction":"안전관리요원 배치","note":null,"equipment":{"total":22,"sign":3,"rescueBox":2,"vest":4,"buoy":6,"rope":5,"pole":0},"staff":null,"coordinateCorrected":false,"sourceYear":2025}},{"type":"Feature","geometry":{"type":"Point","coordinates":[127.3838406,36.2997153]},"properties":{"id":1082,"name":"복수교인근","detail":"복수교인근","province":"대전광역시","district":"중구","town":"사정동","address":"대전광역시 중구 사정동 586-1번지 일원","placeType":"하천","management":"위험지역","manageCode":"3","sectionM":"0.0","riskSectionM":"지정예정","depthAvg":"1.0","depthMax":"2.0","accidents":"1","safetyAction":"출입감시시스템 설치","note":null,"equipment":{"total":15,"sign":0,"rescueBox":2,"vest":4,"buoy":4,"rope":2,"pole":0},"staff":null,"coordinateCorrected":false,"sourceYear":2025}},{"type":"Feature","geometry":{"type":"Point","coordinates":[127.4309111,36.4563359]},"properties":{"id":1083,"name":"금강1교~현도교","detail":"현도교 하류","province":"대전광역시","district":"대덕구","town":"신탄진동","address":"대전광역시 대덕구 신탄진동 신탄진동 756 일원","placeType":"하천","management":"위험지역","manageCode":"3","sectionM":"0.0","riskSectionM":"1100.0","depthAvg":"2.0","depthMax":"5.0","accidents":"0","safetyAction":"표지판 설치 통제","note":null,"equipment":{"total":58,"sign":8,"rescueBox":8,"vest":18,"buoy":10,"rope":10,"pole":0},"staff":null,"coordinateCorrected":false,"sourceYear":2025}},{"type":"Feature","geometry":{"type":"Point","coordinates":[127.4424045,36.4497489]},"properties":{"id":1084,"name":"금강로하스에코공원","detail":"금강로하스에코공원","province":"대전광역시","district":"대덕구","town":"신탄진동","address":"대전광역시 대덕구 신탄진동 신탄진동 4-1 일원","placeType":"하천","management":"위험지역","manageCode":"3","sectionM":"0.0","riskSectionM":"100.0","depthAvg":"2.0","depthMax":"5.0","accidents":"0","safetyAction":"표지판 설치 통제","note":null,"equipment":{"total":6,"sign":1,"rescueBox":1,"vest":2,"buoy":1,"rope":1,"pole":0},"staff":null,"coordinateCorrected":false,"sourceYear":2025}},{"type":"Feature","geometry":{"type":"Point","coordinates":[127.4509284,36.4491762]},"properties":{"id":1085,"name":"용호제","detail":"용호제","province":"대전광역시","district":"대덕구","town":"신탄진동","address":"대전광역시 대덕구 신탄진동 용호동 426","placeType":"하천","management":"위험지역","manageCode":"3","sectionM":"0.0","riskSectionM":"100.0","depthAvg":"2.0","depthMax":"5.0","accidents":"0","safetyAction":"표지판 설치 통제","note":null,"equipment":{"total":6,"sign":1,"rescueBox":1,"vest":2,"buoy":1,"rope":1,"pole":0},"staff":null,"coordinateCorrected":false,"sourceYear":2025}},{"type":"Feature","geometry":{"type":"Point","coordinates":[129.2363998,35.5820034]},"properties":{"id":1086,"name":"선바위유원지","detail":"선바위 일원\n(선바위교에서 150m 이후 지점부터)","province":"울산광역시","district":"울주군","town":"범서읍","address":"울산광역시 울주군 범서읍 입암리 1141-133","placeType":"하천","management":"위험지역","manageCode":"3","sectionM":"500.0","riskSectionM":"350.0","depthAvg":"3.0","depthMax":"11.0","accidents":"1","safetyAction":"표지판 설치 통제 및 안전관리요원 배치","note":null,"equipment":{"total":36,"sign":5,"rescueBox":3,"vest":4,"buoy":10,"rope":9,"pole":0},"staff":null,"coordinateCorrected":false,"sourceYear":2025}},{"type":"Feature","geometry":{"type":"Point","coordinates":[127.2383069,36.6074737]},"properties":{"id":1087,"name":"고복저수지","detail":"연서면 고복리","province":"세종특별자치시","district":"세종시","town":"연서면","address":"세종특별자치시 세종시 연서면 고복리 565","placeType":"저수지","management":"위험지역","manageCode":"3","sectionM":"0.0","riskSectionM":"전체","depthAvg":"2.0","depthMax":"7.0","accidents":"0","safetyAction":"표지판 설치 통제","note":null,"equipment":{"total":161,"sign":37,"rescueBox":31,"vest":31,"buoy":31,"rope":31,"pole":0},"staff":null,"coordinateCorrected":false,"sourceYear":2025}},{"type":"Feature","geometry":{"type":"Point","coordinates":[127.291114,36.6337225]},"properties":{"id":1088,"name":"조천","detail":"조형아파트 뒤","province":"세종특별자치시","district":"세종시","town":"조치원읍","address":"세종특별자치시 세종시 조치원읍 신안리 245-11","placeType":"하천","management":"위험지역","manageCode":"3","sectionM":"0.0","riskSectionM":"10.0","depthAvg":"1.0","depthMax":"1.0","accidents":"0","safetyAction":"표지판 설치 통제","note":null,"equipment":{"total":5,"sign":1,"rescueBox":1,"vest":1,"buoy":1,"rope":1,"pole":0},"staff":null,"coordinateCorrected":false,"sourceYear":2025}},{"type":"Feature","geometry":{"type":"Point","coordinates":[127.2730102,36.4581995]},"properties":{"id":1089,"name":"용수천","detail":"성덕리 동연산업 앞","province":"세종특별자치시","district":"세종시","town":"금남면","address":"세종특별자치시 세종시 금남면 성덕리 97-5","placeType":"하천","management":"위험지역","manageCode":"3","sectionM":"0.0","riskSectionM":"20.0","depthAvg":"1.0","depthMax":"1.0","accidents":"0","safetyAction":"표지판 설치 통제","note":null,"equipment":{"total":51,"sign":11,"rescueBox":10,"vest":10,"buoy":10,"rope":10,"pole":0},"staff":null,"coordinateCorrected":false,"sourceYear":2025}},{"type":"Feature","geometry":{"type":"Point","coordinates":[127.2767871,36.4155947]},"properties":{"id":1090,"name":"용수천","detail":"봉암리 봉암보 30m 지점","province":"세종특별자치시","district":"세종시","town":"금남면","address":"세종특별자치시 세종시 금남면 봉암리 172-6","placeType":"하천","management":"위험지역","manageCode":"3","sectionM":"0.0","riskSectionM":"10.0","depthAvg":"2.0","depthMax":"3.0","accidents":"0","safetyAction":"표지판 설치 통제","note":null,"equipment":{"total":5,"sign":1,"rescueBox":1,"vest":1,"buoy":1,"rope":1,"pole":0},"staff":null,"coordinateCorrected":false,"sourceYear":2025}},{"type":"Feature","geometry":{"type":"Point","coordinates":[127.3740658,37.6809476]},"properties":{"id":1093,"name":"황새바위","detail":"황새바위 앞","province":"경기도","district":"남양주시","town":"화도읍","address":"경기도 남양주시 화도읍 화도읍 구암리 217-4","placeType":"하천","management":"위험지역","manageCode":"3","sectionM":"100.0","riskSectionM":"40.0","depthAvg":"0.6","depthMax":"1.8","accidents":"4","safetyAction":"부표설치 및 안전관리요원 배치","note":null,"equipment":{"total":3,"sign":3,"rescueBox":0,"vest":0,"buoy":0,"rope":0,"pole":0},"staff":null,"coordinateCorrected":false,"sourceYear":2025}},{"type":"Feature","geometry":{"type":"Point","coordinates":[127.3217979,37.7124502]},"properties":{"id":1094,"name":"운수교","detail":"운수교 앞","province":"경기도","district":"남양주시","town":"수동면","address":"경기도 남양주시 수동면 운수리 381-53","placeType":"하천","management":"위험지역","manageCode":"3","sectionM":"200.0","riskSectionM":"40.0","depthAvg":"0.5","depthMax":"5.0","accidents":"2","safetyAction":"부표설치 및 안전관리요원 배치","note":null,"equipment":{"total":4,"sign":4,"rescueBox":0,"vest":0,"buoy":0,"rope":0,"pole":0},"staff":null,"coordinateCorrected":false,"sourceYear":2025}},{"type":"Feature","geometry":{"type":"Point","coordinates":[127.2643692,38.1170435]},"properties":{"id":1096,"name":"한탕강","detail":"화적연","province":"경기도","district":"포천시","town":"관인면","address":"경기도 포천시 관인면 사정리 26-1","placeType":"하천","management":"위험지역","manageCode":"3","sectionM":"600.0","riskSectionM":"600.0","depthAvg":"7.0","depthMax":"15.0","accidents":"0","safetyAction":"표지판 설치 통제","note":null,"equipment":{"total":4,"sign":4,"rescueBox":0,"vest":0,"buoy":0,"rope":0,"pole":0},"staff":null,"coordinateCorrected":false,"sourceYear":2025}},{"type":"Feature","geometry":{"type":"Point","coordinates":[127.2049415,38.0666434]},"properties":{"id":1097,"name":"한탕강","detail":"영로교","province":"경기도","district":"포천시","town":"창수면","address":"경기도 포천시 창수면 운산리 96-1","placeType":"하천","management":"위험지역","manageCode":"3","sectionM":"300.0","riskSectionM":"300.0","depthAvg":"5.0","depthMax":"10.0","accidents":"0","safetyAction":"표지판 설치 통제","note":null,"equipment":{"total":4,"sign":4,"rescueBox":0,"vest":0,"buoy":0,"rope":0,"pole":0},"staff":null,"coordinateCorrected":false,"sourceYear":2025}},{"type":"Feature","geometry":{"type":"Point","coordinates":[127.6371906,37.5123327]},"properties":{"id":1098,"name":"광탄 유원지","detail":"광탄유원지","province":"경기도","district":"양평군","town":"용문면","address":"경기도 양평군 용문면 광탄리 235-8","placeType":"하천","management":"위험지역","manageCode":"3","sectionM":"700.0","riskSectionM":"50.0","depthAvg":"2.5","depthMax":"5.0","accidents":"1","safetyAction":"표지판 설치 통제, 안전요원 배치","note":null,"equipment":{"total":9,"sign":9,"rescueBox":0,"vest":0,"buoy":0,"rope":0,"pole":0},"staff":null,"coordinateCorrected":false,"sourceYear":2025}},{"type":"Feature","geometry":{"type":"Point","coordinates":[127.4810954,37.8554589]},"properties":{"id":1099,"name":"용추계곡","detail":"용추폭포 주변","province":"경기도","district":"가평군","town":"가평읍","address":"경기도 가평군 가평읍 승안리 산 225","placeType":"하천","management":"위험지역","manageCode":"3","sectionM":"30.0","riskSectionM":"30.0","depthAvg":"3.0","depthMax":"5.0","accidents":"0","safetyAction":"표지판 설치 통제 및 안전관리요원 배치","note":null,"equipment":{"total":8,"sign":3,"rescueBox":1,"vest":1,"buoy":1,"rope":1,"pole":0},"staff":null,"coordinateCorrected":false,"sourceYear":2025}},{"type":"Feature","geometry":{"type":"Point","coordinates":[127.4320403,37.9911195]},"properties":{"id":1100,"name":"적목리 용소폭포","detail":"적목리 용소폭포 주변","province":"경기도","district":"가평군","town":"북면","address":"경기도 가평군 북면 적목리 산 198","placeType":"하천","management":"위험지역","manageCode":"3","sectionM":"30.0","riskSectionM":"30.0","depthAvg":"3.0","depthMax":"10.0","accidents":"0","safetyAction":"표지판 설치 통제 및 안전관리요원 배치","note":null,"equipment":{"total":6,"sign":1,"rescueBox":1,"vest":1,"buoy":1,"rope":1,"pole":0},"staff":null,"coordinateCorrected":false,"sourceYear":2025}},{"type":"Feature","geometry":{"type":"Point","coordinates":[127.6496266,37.695408]},"properties":{"id":1101,"name":"삽당골","detail":"홍천강","province":"강원특별자치도","district":"춘천시","town":"남산면","address":"강원특별자치도 춘천시 남산면 산수리411","placeType":"하천","management":"위험지역","manageCode":"3","sectionM":"200.0","riskSectionM":"100.0","depthAvg":"3.0","depthMax":"5.0","accidents":"0","safetyAction":"인명주조함, 표지판 설치","note":null,"equipment":{"total":1,"sign":1,"rescueBox":0,"vest":0,"buoy":0,"rope":0,"pole":0},"staff":null,"coordinateCorrected":false,"sourceYear":2025}}],"meta":{"source":"행정안전부 생활안전지도 IF_0044","sourceYear":2025,"count":1336}}